rider_id,home_market,home_cluster,baseline_annual_ride_rate,total_attendance,unique_studios,unique_instructors,familiarity_degree,social_degree,coordination_count,coattendance_degree
R000001,Greater NYC,Fairfield County,7.75438282182807,10,3,8,0,0,0,8
R000002,Greater NYC,Nassau County,58.31974242042381,62,1,15,3,1,3,33
R000003,Northern California,Silicon Valley,10.306312876148407,9,2,8,0,0,0,9
R000004,Greater NYC,Uptown Manhattan,6.023157339166168,7,3,7,0,0,0,6
R000005,Southern California,Los Angeles,10.173878017310049,10,2,6,0,0,0,5
R000006,DMV,DC–Arlington,16.534138311656072,17,3,10,0,0,0,15
R000007,Greater NYC,Uptown Manhattan,2.041167671922094,0,0,0,0,0,0,0
R000008,Chicago,Chicago,9.760328616405475,8,2,4,0,0,0,4
R000009,South Florida,Miami,1.0,1,1,1,0,0,0,1
R000010,Greater NYC,Nassau County,12.685891047259684,13,2,10,0,0,0,11
R000011,Greater NYC,Midtown Manhattan,33.30662197960081,28,4,19,1,0,0,22
R000012,Greater NYC,Lower Manhattan–North Brooklyn,1.6284360829547784,0,0,0,0,0,0,0
R000013,Greater NYC,Midtown Manhattan,1.0447730277271652,4,3,4,0,0,0,4
R000014,Southern California,Los Angeles,11.643104811985152,11,3,8,0,0,0,8
R000015,Northern California,Silicon Valley,1.0,1,1,1,0,0,0,1
R000016,Greater NYC,Lower Manhattan–North Brooklyn,4.494474879839204,6,4,6,0,0,0,5
R000017,Greater NYC,Lower Manhattan–North Brooklyn,1.2098942268038446,2,1,2,0,0,0,2
R000018,Greater NYC,Lower Manhattan–North Brooklyn,7.381130574772787,7,7,7,0,0,0,6
R000019,Dallas,Dallas,4.893002481211042,5,1,3,0,0,0,5
R000020,Greater NYC,Midtown Manhattan,10.761858617927349,8,4,8,0,0,0,7
R000021,Greater NYC,Lower Manhattan–North Brooklyn,26.87833056353194,28,8,25,0,0,0,20
R000022,DMV,DC–Arlington,2.924505880346281,2,2,2,0,0,0,2
R000023,Boston,Boston,26.356538358500348,32,3,11,0,0,0,23
R000024,Greater NYC,Midtown Manhattan,38.30570185607208,50,5,25,0,0,0,37
R000025,Ann Arbor,Ann Arbor,23.985873743576263,25,1,2,0,0,0,13
R000026,Greater NYC,Fairfield County,1.7974327815554774,2,2,2,0,0,0,2
R000027,Houston,Houston,10.89316030511436,10,1,6,0,0,0,8
R000028,Greater NYC,Lower Manhattan–North Brooklyn,1.1275538051297722,2,2,2,0,0,0,2
R000029,Boston,Boston,9.067115129535724,15,2,9,0,0,0,11
R000030,Dallas,Dallas,1.0,1,1,1,0,0,0,0
R000031,Greater NYC,Uptown Manhattan,1.0,1,1,1,0,0,0,1
R000032,Northern California,Silicon Valley,1.9775166425718271,2,2,2,0,0,0,1
R000033,Atlanta,Atlanta,6.168881682919913,3,1,2,0,0,0,3
R000034,DMV,DC–Arlington,1.0,0,0,0,0,0,0,0
R000035,Philadelphia,Main Line,3.132792499617919,0,0,0,0,0,0,0
R000036,Southern California,Los Angeles,19.564680804788175,24,4,13,0,0,0,18
R000037,Greater NYC,Uptown Manhattan,4.128701200805026,2,2,2,0,0,0,2
R000038,Greater NYC,Lower Manhattan–North Brooklyn,30.637767693187573,25,6,15,0,0,0,22
R000039,Austin,Austin,10.47334178505153,12,1,7,0,0,0,9
R000040,Greater NYC,Midtown Manhattan,2.4148218181179444,2,2,2,0,0,0,2
R000041,Greater NYC,Lower Manhattan–North Brooklyn,12.346298689490045,13,5,13,0,0,0,10
R000042,Greater NYC,Lower Manhattan–North Brooklyn,4.799796155736655,7,3,7,0,0,0,4
R000043,Boston,Chestnut Hill,13.490067091377597,18,2,8,0,0,0,14
R000044,Southern California,Los Angeles,2.221455726016827,0,0,0,0,0,0,0
R000045,Greater NYC,Uptown Manhattan,6.29465553862927,7,4,7,0,0,0,5
R000046,Greater NYC,Midtown Manhattan,5.148077695857319,3,3,3,0,0,0,1
R000047,Greater NYC,Midtown Manhattan,8.082773042311986,4,4,4,0,0,0,3
R000048,Greater NYC,Uptown Manhattan,3.4716831192950295,4,3,4,0,0,0,4
R000049,Greater NYC,Midtown Manhattan,15.719573957883275,21,4,15,0,0,0,16
R000050,Northern California,San Francisco,2.7824600733151925,4,2,3,0,0,0,3
R000051,DMV,DC–Arlington,3.432758771623359,3,2,3,0,0,0,2
R000052,South Florida,Miami,29.42833151762699,27,2,7,0,0,0,20
R000053,Greater NYC,Fairfield County,6.580076975650568,7,3,6,0,0,0,6
R000054,Greater NYC,Midtown Manhattan,17.655428930905426,21,4,13,0,0,0,11
R000055,Austin,Austin,8.192591361915467,6,1,4,0,0,0,3
R000056,South Florida,Miami,1.0,0,0,0,0,0,0,0
R000057,Southern California,Los Angeles,3.78757408065532,4,3,4,0,0,0,4
R000058,Southern California,Los Angeles,4.460819257577254,11,3,9,0,0,0,6
R000059,Greater NYC,Lower Manhattan–North Brooklyn,19.198028143467,18,7,16,0,0,0,15
R000060,Greater NYC,Hudson County,4.519037412192611,4,1,4,0,0,0,3
R000061,Southern California,Los Angeles,85.0118520546861,81,3,18,3,0,0,44
R000062,Greater NYC,Westchester,12.488301059216262,11,2,9,0,0,0,6
R000063,Austin,Austin,2.8402730740587216,5,1,3,0,0,0,5
R000064,South Florida,Miami,65.22233853543005,73,2,7,4,0,0,42
R000065,Philadelphia,Philadelphia,46.43826533944634,44,2,9,0,0,0,30
R000066,Greater NYC,Uptown Manhattan,7.707781278506042,9,2,8,0,0,0,8
R000067,Greater NYC,Midtown Manhattan,5.055252749672693,6,3,5,0,0,0,4
R000068,Boston,Chestnut Hill,5.318615213544328,4,2,3,0,0,0,4
R000069,Greater NYC,Uptown Manhattan,3.5764761286880336,1,1,1,0,0,0,1
R000070,Greater NYC,Uptown Manhattan,8.146411112474725,6,1,5,0,0,0,6
R000071,Greater NYC,Midtown Manhattan,31.478426768420704,39,7,21,0,0,0,34
R000072,Greater NYC,Uptown Manhattan,1.0,1,1,1,0,0,0,1
R000073,Northern California,Marin County,45.02898218293698,51,3,18,0,0,0,39
R000074,Philadelphia,Philadelphia,36.484337654584586,45,1,7,0,0,0,34
R000075,Greater NYC,Midtown Manhattan,2.0400480760337203,1,1,1,0,0,0,1
R000076,Boston,Chestnut Hill,12.548064323564471,16,1,7,1,0,0,10
R000077,DMV,DC–Arlington,23.473374779433502,25,4,14,0,0,0,15
R000078,Greater NYC,Lower Manhattan–North Brooklyn,3.930238288152277,4,4,4,0,0,0,3
R000079,Atlanta,Atlanta,34.33582184970214,39,1,4,2,0,0,28
R000080,Greater NYC,Lower Manhattan–North Brooklyn,1.4691230499304315,1,1,1,0,0,0,1
R000081,Greater NYC,Lower Manhattan–North Brooklyn,3.879313968810625,2,2,2,0,0,0,2
R000082,Greater NYC,Uptown Manhattan,2.4585387375678014,1,1,1,0,0,0,1
R000083,Northern California,San Francisco,16.771874771709516,14,3,10,0,0,0,8
R000084,Greater NYC,Lower Manhattan–North Brooklyn,8.676778780796116,8,5,7,0,0,0,5
R000085,Greater NYC,Lower Manhattan–North Brooklyn,5.363506932153941,7,5,7,0,0,0,6
R000086,Greater NYC,Lower Manhattan–North Brooklyn,4.527747108296563,2,1,2,0,0,0,1
R000087,DMV,DC–Arlington,5.756228974341204,7,3,6,0,0,0,5
R000088,Northern California,San Francisco,6.669156378053963,8,3,7,0,0,0,5
R000089,Greater NYC,Uptown Manhattan,14.540570788149648,16,5,11,0,0,0,14
R000090,Greater NYC,Fairfield County,3.5091024217407054,6,2,6,0,0,0,6
R000091,Greater NYC,Lower Manhattan–North Brooklyn,4.004112714164031,6,3,6,0,0,0,4
R000092,Philadelphia,Philadelphia,3.3266898972770913,2,1,2,0,0,0,1
R000093,Greater NYC,Midtown Manhattan,24.767258658322607,24,4,18,0,0,0,17
R000094,Greater NYC,Midtown Manhattan,3.069441585948404,7,4,6,0,0,0,6
R000095,Greater NYC,Westchester,4.2270227253740105,3,2,3,0,0,0,2
R000096,Chicago,Chicago,6.1306155832322835,3,1,3,0,0,0,2
R000097,Greater NYC,Midtown Manhattan,15.262108126220662,16,4,11,0,0,0,11
R000098,Dallas,Dallas,1.2156894115443737,0,0,0,0,0,0,0
R000099,Boston,Chestnut Hill,9.026118293709375,14,2,7,0,0,0,10
R000100,Greater NYC,Uptown Manhattan,107.9468331248554,112,6,33,2,0,0,83
R000101,DMV,DC–Arlington,1.0,0,0,0,0,0,0,0
R000102,Chicago,Chicago,25.492700305027345,32,2,11,1,0,0,23
R000103,Atlanta,Atlanta,16.46595860758939,16,1,4,0,0,0,11
R000104,Greater NYC,Uptown Manhattan,16.561838717686022,23,5,19,0,0,0,19
R000105,Houston,Houston,11.951123643532004,8,1,5,0,0,0,5
R000106,Greater NYC,Westchester,1.0,2,2,2,0,0,0,2
R000107,Northern California,Silicon Valley,5.805955874977898,5,1,4,0,0,0,4
R000108,Chicago,Chicago,2.5313542816567476,1,1,1,0,0,0,0
R000109,Greater NYC,Lower Manhattan–North Brooklyn,11.791439685158036,9,3,9,0,0,0,8
R000110,Southern California,Pasadena,3.9785096031886074,7,2,5,0,0,0,2
R000111,Greater NYC,Westchester,14.620036681433822,18,2,11,0,0,0,14
R000112,Greater NYC,Midtown Manhattan,16.291648876947708,14,4,8,0,0,0,14
R000113,Greater NYC,Lower Manhattan–North Brooklyn,24.50570226143064,19,8,16,0,0,0,13
R000114,Greater NYC,Lower Manhattan–North Brooklyn,2.992327955945592,1,1,1,0,0,0,1
R000115,Greater NYC,Midtown Manhattan,11.84977524428839,11,4,7,0,0,0,6
R000116,Greater NYC,Uptown Manhattan,3.2474433841280472,0,0,0,0,0,0,0
R000117,Chicago,Chicago,32.799446810090046,40,2,12,0,0,0,32
R000118,DMV,Montgomery County,34.58295074043382,42,3,14,0,0,0,31
R000119,Boston,Boston,22.444904814823317,35,3,13,1,0,0,25
R000120,Philadelphia,Philadelphia,25.01377052155225,30,2,9,0,0,0,21
R000121,Houston,Houston,7.958782832737819,8,1,6,0,0,0,5
R000122,Greater NYC,Westchester,4.791831467202414,2,2,2,0,0,0,1
R000123,Greater NYC,Midtown Manhattan,3.836549777317776,2,2,2,0,0,0,1
R000124,Southern California,Los Angeles,28.3683920132733,10,3,7,0,0,0,8
R000125,Dallas,Dallas,7.206105016430048,3,1,3,0,0,0,2
R000126,Seattle,Seattle,7.402581065576578,6,1,5,0,0,0,6
R000127,Greater NYC,Uptown Manhattan,16.379209581589244,11,2,10,0,0,0,10
R000128,DMV,DC–Arlington,16.44343253067819,16,3,11,0,0,0,13
R000129,DMV,DC–Arlington,3.7353986923925833,3,2,3,0,0,0,3
R000130,Greater NYC,Midtown Manhattan,4.20539346513532,2,2,2,0,0,0,2
R000131,DMV,DC–Arlington,1.0,0,0,0,0,0,0,0
R000132,Greater NYC,Uptown Manhattan,12.57761602940921,15,3,10,0,0,0,12
R000133,Greater NYC,Midtown Manhattan,20.415852880677196,18,4,15,0,0,0,15
R000134,Greater NYC,Nassau County,3.91747560281431,0,0,0,0,0,0,0
R000135,Greater NYC,Lower Manhattan–North Brooklyn,1.2513877443422066,2,2,2,0,0,0,2
R000136,Greater NYC,Lower Manhattan–North Brooklyn,2.1740232711644127,1,1,1,0,0,0,1
R000137,Greater NYC,Midtown Manhattan,1.0,0,0,0,0,0,0,0
R000138,Southern California,Los Angeles,7.592979359417716,5,3,4,0,0,0,4
R000139,Greater NYC,Westchester,5.340078214980368,6,3,4,0,0,0,5
R000140,Greater NYC,Fairfield County,3.4299424947819643,6,2,6,0,0,0,5
R000141,DMV,DC–Arlington,2.730941174525246,6,2,5,0,0,0,3
R000142,Greater NYC,Nassau County,23.4770566520586,31,1,11,1,0,0,20
R000143,Greater NYC,Uptown Manhattan,10.38488688056312,12,3,12,0,0,0,12
R000144,Atlanta,Atlanta,10.86140855003476,8,1,4,0,0,0,7
R000145,Chicago,Chicago,1.0,1,1,1,0,0,0,0
R000146,Greater NYC,Lower Manhattan–North Brooklyn,12.253055915280193,17,5,14,0,0,0,14
R000147,South Florida,Miami,5.511978825790542,10,2,5,0,0,0,9
R000148,DMV,DC–Arlington,22.744287570221218,22,3,11,0,0,0,18
R000149,Greater NYC,Fairfield County,4.095325303190213,5,2,5,0,0,0,5
R000150,Southern California,Los Angeles,8.839051322856214,5,4,4,0,0,0,3
R000151,Dallas,Dallas,4.481614574202736,6,1,4,0,0,0,4
R000152,Philadelphia,Philadelphia,3.0427658896159,2,1,1,0,0,0,1
R000153,Philadelphia,Philadelphia,24.584525669924194,25,1,7,0,0,0,21
R000154,Chicago,Chicago,1.0,1,1,1,0,0,0,0
R000155,DMV,DC–Arlington,1.0,0,0,0,0,0,0,0
R000156,Austin,Austin,1.7348893900646092,1,1,1,0,0,0,1
R000157,Greater NYC,Fairfield County,2.8493500715672977,3,1,3,0,0,0,2
R000158,Greater NYC,Fairfield County,21.520979486746786,14,3,10,0,0,0,12
R000159,Greater NYC,Uptown Manhattan,9.253507162218668,7,3,7,0,0,0,4
R000160,Greater NYC,Midtown Manhattan,12.086020786874377,18,5,15,0,0,0,13
R000161,Greater NYC,Westchester,30.21880764336137,24,2,10,0,0,0,16
R000162,Boston,Chestnut Hill,1.5634775322587768,2,1,2,0,0,0,2
R000163,Philadelphia,Philadelphia,4.776211188494805,2,1,2,0,0,0,1
R000164,Seattle,Seattle,7.070754039754489,2,1,2,0,0,0,2
R000165,Southern California,Los Angeles,14.210529299121085,11,4,7,0,0,0,8
R000166,Philadelphia,Philadelphia,1.0,0,0,0,0,0,0,0
R000167,Greater NYC,Lower Manhattan–North Brooklyn,1.0,0,0,0,0,0,0,0
R000168,Southern California,Los Angeles,17.193303529426487,14,3,11,0,0,0,7
R000169,Northern California,San Francisco,1.0,1,1,1,0,0,0,1
R000170,Greater NYC,Lower Manhattan–North Brooklyn,8.358588123619398,7,4,7,0,0,0,6
R000171,Greater NYC,Westchester,3.350892295024453,5,2,4,0,0,0,3
R000172,Greater NYC,North Jersey,19.649527387117,30,4,17,1,0,0,18
R000173,Atlanta,Atlanta,1.5201166186451385,2,1,2,0,0,0,2
R000174,Southern California,Los Angeles,1.1749689618378958,1,1,1,0,0,0,0
R000175,Northern California,San Francisco,1.0,0,0,0,0,0,0,0
R000176,Boston,Chestnut Hill,3.5262017544746778,3,1,2,0,0,0,1
R000177,Greater NYC,Midtown Manhattan,1.0,2,1,2,0,0,0,1
R000178,Southern California,Los Angeles,5.256285685135599,6,2,3,0,0,0,5
R000179,Greater NYC,Lower Manhattan–North Brooklyn,12.292280578379335,16,8,12,0,0,0,13
R000180,Boston,Chestnut Hill,10.95054212396222,11,2,7,0,0,0,10
R000181,DMV,DC–Arlington,12.149117863540296,17,3,11,0,0,0,16
R000182,Greater NYC,Midtown Manhattan,1.411579895378141,0,0,0,0,0,0,0
R000183,DMV,DC–Arlington,4.492516106585614,8,3,7,0,0,0,7
R000184,Seattle,Seattle,3.377360308450108,4,1,3,0,0,0,4
R000185,Southern California,Los Angeles,4.629919469863944,7,3,7,0,0,0,5
R000186,Northern California,Marin County,26.71380569527891,17,3,10,0,0,0,15
R000187,Greater NYC,North Jersey,2.1630367056165225,2,2,1,0,0,0,2
R000188,Atlanta,Atlanta,17.25137793363224,16,1,4,0,0,0,12
R000189,Southern California,Pasadena,1.8234596734397308,1,1,1,0,0,0,0
R000190,Northern California,San Francisco,13.126930187174704,10,2,7,0,0,0,8
R000191,DMV,Montgomery County,4.869126566900283,7,1,4,0,0,0,4
R000192,DMV,Montgomery County,3.563953817624682,1,1,1,0,0,0,1
R000193,Northern California,Silicon Valley,8.123491565662436,13,2,10,0,0,0,11
R000194,DMV,DC–Arlington,2.552568461230765,4,2,4,0,0,0,3
R000195,Greater NYC,Lower Manhattan–North Brooklyn,6.777937623775545,8,5,7,0,0,0,6
R000196,South Florida,Miami,7.839208147869418,9,2,3,0,0,0,8
R000197,Greater NYC,Midtown Manhattan,11.904228773399474,11,4,9,0,0,0,7
R000198,Northern California,San Francisco,6.1263376654436925,2,2,2,0,0,0,2
R000199,Greater NYC,Uptown Manhattan,10.043436763601555,11,2,9,0,0,0,7
R000200,Greater NYC,Fairfield County,53.0861640613375,52,3,27,0,0,0,37
R000201,Austin,Austin,1.0,1,1,1,0,0,0,1
R000202,Greater NYC,Uptown Manhattan,18.21074906389375,17,4,13,0,0,0,13
R000203,Greater NYC,Nassau County,2.6259931891854116,1,1,1,0,0,0,0
R000204,DMV,DC–Arlington,5.171647481493298,7,3,5,0,0,0,5
R000205,Southern California,Los Angeles,1.2777823486935531,1,1,1,0,0,0,1
R000206,Southern California,Pasadena,1.137082281736582,1,1,1,0,0,0,1
R000207,Boston,Chestnut Hill,7.646061973285811,6,1,4,0,0,0,4
R000208,Greater NYC,Lower Manhattan–North Brooklyn,8.036157741236758,10,4,8,0,0,0,9
R000209,Greater NYC,Midtown Manhattan,7.03442850756535,3,1,2,0,0,0,2
R000210,Northern California,San Francisco,4.7381041751930235,4,1,2,0,0,0,2
R000211,Greater NYC,Midtown Manhattan,1.0,1,1,1,0,0,0,1
R000212,Greater NYC,Uptown Manhattan,26.61064579575476,24,3,17,0,0,0,21
R000213,Philadelphia,Main Line,8.637705562645364,8,2,4,0,0,0,7
R000214,Greater NYC,Lower Manhattan–North Brooklyn,11.182772061303726,11,5,9,0,0,0,9
R000215,Boston,Boston,23.008094321700124,21,2,9,0,0,0,15
R000216,Greater NYC,Lower Manhattan–North Brooklyn,1.0,1,1,1,0,0,0,0
R000217,Greater NYC,Uptown Manhattan,11.638977291632232,10,2,7,0,0,0,9
R000218,Greater NYC,Uptown Manhattan,1.1829286696926944,4,3,4,0,0,0,3
R000219,Chicago,Chicago,11.33257126126285,10,2,9,0,0,0,7
R000220,Greater NYC,Hudson County,1.1371405672154469,0,0,0,0,0,0,0
R000221,Philadelphia,Philadelphia,7.548231332612978,6,2,4,0,0,0,3
R000222,South Florida,Miami,20.27191417244596,24,2,7,1,0,0,17
R000223,Northern California,San Francisco,55.42334337886455,62,2,15,2,0,0,37
R000224,Northern California,Silicon Valley,1.7419729146850074,2,1,2,0,0,0,2
R000225,DMV,Montgomery County,7.881247014431958,10,2,9,0,0,0,8
R000226,Greater NYC,Uptown Manhattan,2.1774042991275215,1,1,1,0,0,0,1
R000227,Boston,Chestnut Hill,8.674016872866007,8,2,6,0,0,0,2
R000228,DMV,DC–Arlington,1.0,7,3,7,0,0,0,6
R000229,DMV,DC–Arlington,12.96591553444664,12,3,7,0,0,0,10
R000230,Northern California,Silicon Valley,4.774575715647212,3,1,2,0,0,0,3
R000231,Southern California,Pasadena,3.0811922233529208,4,1,4,0,0,0,1
R000232,Southern California,Los Angeles,7.119098195431778,5,2,5,0,0,0,1
R000233,Greater NYC,Midtown Manhattan,29.633033930392816,32,5,24,0,0,0,23
R000234,Houston,Houston,13.3736273385348,17,1,7,0,0,0,11
R000235,Greater NYC,Westchester,4.045658056085693,4,2,3,0,0,0,4
R000236,Southern California,Los Angeles,3.5628695261197363,2,2,2,0,0,0,1
R000237,Boston,Chestnut Hill,7.31687057978004,4,1,3,0,0,0,3
R000238,Seattle,Seattle,25.148982158144285,27,1,6,1,0,0,19
R000239,Southern California,Los Angeles,4.417122407508609,3,2,3,0,0,0,2
R000240,Greater NYC,Westchester,1.641128574342417,3,2,3,0,0,0,3
R000241,Greater NYC,Nassau County,26.81265334104809,25,2,13,0,0,0,20
R000242,Greater NYC,Westchester,1.0,1,1,1,0,0,0,0
R000243,Greater NYC,Nassau County,1.0,1,1,1,0,0,0,1
R000244,Greater NYC,Fairfield County,1.0,2,2,2,0,0,0,2
R000245,Greater NYC,Uptown Manhattan,21.163200514901497,19,4,16,0,0,0,15
R000246,Greater NYC,Lower Manhattan–North Brooklyn,1.757804461338028,1,1,1,0,0,0,1
R000247,DMV,Montgomery County,10.180071822159812,6,1,4,0,0,0,5
R000248,Greater NYC,Lower Manhattan–North Brooklyn,1.2734813754494363,2,2,2,0,0,0,1
R000249,DMV,DC–Arlington,1.89711436430001,2,2,2,0,0,0,2
R000250,DMV,DC–Arlington,3.4414689863970507,2,2,2,0,0,0,1
R000251,Southern California,Pasadena,6.43231405195097,10,2,7,0,0,0,7
R000252,Greater NYC,Midtown Manhattan,1.3863540970276471,1,1,1,0,0,0,1
R000253,Greater NYC,Lower Manhattan–North Brooklyn,2.525753804111296,0,0,0,0,0,0,0
R000254,Greater NYC,Lower Manhattan–North Brooklyn,9.605189064924405,16,5,14,0,0,0,16
R000255,Greater NYC,Lower Manhattan–North Brooklyn,2.1604195545936955,2,2,2,0,0,0,2
R000256,Greater NYC,Uptown Manhattan,4.2583786301966775,4,3,4,0,0,0,3
R000257,Boston,Chestnut Hill,1.0,3,1,2,0,0,0,2
R000258,Greater NYC,Uptown Manhattan,1.0,0,0,0,0,0,0,0
R000259,Greater NYC,Midtown Manhattan,5.846261108276428,8,2,6,0,0,0,7
R000260,Philadelphia,Main Line,1.4615977030151173,2,1,2,0,0,0,2
R000261,Austin,Austin,45.97025984170484,50,1,8,3,0,0,26
R000262,Austin,Austin,11.31996400337949,18,1,6,0,0,0,15
R000263,Northern California,Silicon Valley,6.287542400587307,6,1,4,0,0,0,6
R000264,Boston,Chestnut Hill,37.41550948560491,31,2,10,0,0,0,20
R000265,Boston,Chestnut Hill,9.401185078705286,8,1,6,0,0,0,6
R000266,Chicago,Chicago,30.16604142261348,38,2,13,0,0,0,32
R000267,Atlanta,Atlanta,20.014588311143672,19,1,4,0,0,0,16
R000268,Greater NYC,Midtown Manhattan,24.378696169888077,27,4,19,0,0,0,22
R000269,Southern California,Los Angeles,16.376788408156525,26,4,15,0,0,0,17
R000270,Greater NYC,Hudson County,4.359689403772566,4,2,4,0,0,0,4
R000271,Greater NYC,Lower Manhattan–North Brooklyn,1.529918082776537,1,1,1,0,0,0,1
R000272,Southern California,Pasadena,26.889833946736267,24,2,12,0,0,0,17
R000273,DMV,Montgomery County,26.76700576071719,33,3,15,0,0,0,18
R000274,Greater NYC,Lower Manhattan–North Brooklyn,1.0,1,1,1,0,0,0,1
R000275,DMV,DC–Arlington,12.892221878642644,23,3,12,0,0,0,15
R000276,Philadelphia,Philadelphia,1.3534652512900784,2,1,1,0,0,0,2
R000277,Northern California,Marin County,87.75045794814208,88,3,16,4,2,20,34
R000278,Boston,Boston,8.140087341224746,9,2,6,0,0,0,7
R000279,Greater NYC,Lower Manhattan–North Brooklyn,10.6525398454384,10,6,10,0,0,0,8
R000280,Boston,Chestnut Hill,2.0988817015568504,0,0,0,0,0,0,0
R000281,DMV,Montgomery County,3.041773074374108,2,2,2,0,0,0,0
R000282,Boston,Chestnut Hill,1.6252188684592592,3,1,3,0,0,0,3
R000283,Greater NYC,Westchester,7.545260037289773,9,2,7,0,0,0,7
R000284,Greater NYC,Lower Manhattan–North Brooklyn,6.842087180079154,12,5,11,0,0,0,10
R000285,DMV,DC–Arlington,1.039384242241809,2,2,2,0,0,0,2
R000286,DMV,DC–Arlington,6.1693729243339375,10,3,8,0,0,0,8
R000287,DMV,Montgomery County,7.147944536055485,6,3,5,0,0,0,5
R000288,Greater NYC,Uptown Manhattan,8.927604923798519,16,3,12,0,0,0,15
R000289,South Florida,Miami,2.7387862757593497,4,2,3,0,0,0,4
R000290,Greater NYC,Lower Manhattan–North Brooklyn,35.01232410711724,34,8,20,0,0,0,29
R000291,Southern California,Pasadena,1.9218467748424024,2,1,1,0,0,0,0
R000292,South Florida,Miami,1.0,0,0,0,0,0,0,0
R000293,Philadelphia,Philadelphia,10.073995692590117,7,1,5,0,0,0,5
R000294,DMV,Montgomery County,6.347383081881913,5,1,2,0,0,0,4
R000295,Philadelphia,Philadelphia,28.75667790014698,27,2,9,0,0,0,20
R000296,Greater NYC,Fairfield County,9.902394676026011,5,3,5,0,0,0,5
R000297,Southern California,Los Angeles,6.595990667717805,10,4,8,0,0,0,6
R000298,Dallas,Dallas,12.318435101273028,16,1,7,0,0,0,11
R000299,Greater NYC,Uptown Manhattan,4.3301434475248755,4,1,4,0,0,0,4
R000300,Greater NYC,Midtown Manhattan,3.578884304111443,5,3,5,0,0,0,4
R000301,Greater NYC,Fairfield County,66.07823890233648,73,3,18,1,1,7,41
R000302,Greater NYC,Lower Manhattan–North Brooklyn,4.339897730526853,6,4,6,0,0,0,6
R000303,Philadelphia,Main Line,4.198405412525731,5,2,5,0,0,0,4
R000304,Seattle,Seattle,16.01342051345367,24,1,8,0,0,0,15
R000305,Boston,Boston,4.3049595918391335,5,1,3,0,0,0,5
R000306,Greater NYC,Nassau County,1.1259045324471524,1,1,1,0,0,0,1
R000307,Greater NYC,Lower Manhattan–North Brooklyn,1.0,2,2,2,0,0,0,1
R000308,Chicago,Chicago,4.027238543429733,2,1,2,0,0,0,2
R000309,Southern California,Los Angeles,4.9806926012624295,6,2,5,0,0,0,5
R000310,Greater NYC,Lower Manhattan–North Brooklyn,45.559433478030904,47,7,27,0,0,0,36
R000311,Philadelphia,Main Line,1.0,1,1,1,0,0,0,0
R000312,DMV,DC–Arlington,7.6953268711474525,7,3,7,0,0,0,7
R000313,Greater NYC,Lower Manhattan–North Brooklyn,40.48265923025034,42,6,24,0,0,0,33
R000314,Greater NYC,Lower Manhattan–North Brooklyn,1.2285695622934767,2,2,2,0,0,0,2
R000315,Greater NYC,Midtown Manhattan,14.984886852128604,17,5,16,0,0,0,10
R000316,DMV,Montgomery County,33.124673675150234,45,2,16,1,0,0,28
R000317,DMV,DC–Arlington,3.092020007977335,3,2,3,0,0,0,1
R000318,Boston,Boston,1.0,0,0,0,0,0,0,0
R000319,Greater NYC,Westchester,17.20760406417096,20,4,12,0,0,0,13
R000320,Philadelphia,Main Line,2.4625515634093027,2,1,2,0,0,0,2
R000321,Greater NYC,Lower Manhattan–North Brooklyn,11.149870687644336,13,3,10,0,0,0,11
R000322,Greater NYC,Midtown Manhattan,1.6302914799256898,1,1,1,0,0,0,1
R000323,Seattle,Seattle,1.0,1,1,1,0,0,0,1
R000324,Greater NYC,Uptown Manhattan,4.68269650566725,2,2,2,0,0,0,2
R000325,Greater NYC,Westchester,1.3246011251796943,0,0,0,0,0,0,0
R000326,Philadelphia,Philadelphia,7.141407554299106,12,2,8,0,0,0,8
R000327,Boston,Chestnut Hill,2.0100857226514925,0,0,0,0,0,0,0
R000328,South Florida,Miami,1.6660767939537315,0,0,0,0,0,0,0
R000329,Greater NYC,Lower Manhattan–North Brooklyn,2.2545200846850064,2,2,2,0,0,0,2
R000330,South Florida,Miami,2.465150100128181,3,1,3,0,0,0,1
R000331,Greater NYC,Uptown Manhattan,2.4608836926522604,1,1,1,0,0,0,1
R000332,Southern California,Los Angeles,1.316799987424702,0,0,0,0,0,0,0
R000333,South Florida,Miami,15.192012380109674,12,2,5,0,0,0,10
R000334,Greater NYC,Fairfield County,27.538599609300555,27,2,12,0,0,0,20
R000335,Northern California,San Francisco,2.7611365009642266,2,1,1,0,0,0,1
R000336,Boston,Boston,1.0,3,1,2,0,0,0,2
R000337,Greater NYC,Fairfield County,2.052311889810232,2,2,2,0,0,0,1
R000338,Austin,Austin,5.211114221435167,4,1,4,0,0,0,4
R000339,Northern California,Marin County,31.67149429075639,30,3,13,0,0,0,19
R000340,Greater NYC,Midtown Manhattan,2.1258645003198384,2,2,2,0,0,0,2
R000341,DMV,Montgomery County,11.971692700080734,9,3,8,0,0,0,5
R000342,Houston,Houston,1.8983168072835903,1,1,1,0,0,0,1
R000343,Greater NYC,Lower Manhattan–North Brooklyn,4.35473106415371,3,2,3,0,0,0,3
R000344,Greater NYC,Uptown Manhattan,1.7598362844447062,2,2,2,0,0,0,2
R000345,Greater NYC,Nassau County,6.517146045637878,4,1,4,0,0,0,3
R000346,Northern California,San Francisco,76.40907152795151,78,4,20,1,0,0,55
R000347,Greater NYC,Midtown Manhattan,37.579092360121415,43,5,26,1,0,0,33
R000348,Greater NYC,Uptown Manhattan,2.26595586654128,4,2,4,0,0,0,2
R000349,Greater NYC,Uptown Manhattan,6.329486273193356,9,5,9,0,0,0,8
R000350,Southern California,Los Angeles,6.184289210763246,11,3,7,0,0,0,6
R000351,Southern California,Los Angeles,44.24391014166078,42,3,16,0,0,0,28
R000352,Chicago,Chicago,23.87780668415657,24,2,12,0,0,0,18
R000353,Greater NYC,Fairfield County,35.51589427409884,47,4,29,0,0,0,36
R000354,Greater NYC,Uptown Manhattan,6.3359032944420814,4,3,4,0,0,0,2
R000355,Greater NYC,Lower Manhattan–North Brooklyn,2.8213258313420013,3,2,2,0,0,0,3
R000356,Southern California,Los Angeles,1.0,2,2,2,0,0,0,1
R000357,Greater NYC,Lower Manhattan–North Brooklyn,6.683351702922446,5,4,5,0,0,0,5
R000358,Southern California,Los Angeles,1.858528012383141,2,1,2,0,0,0,2
R000359,DMV,DC–Arlington,1.349528871365138,1,1,1,0,0,0,1
R000360,Southern California,Los Angeles,1.0,2,2,2,0,0,0,0
R000361,Greater NYC,Uptown Manhattan,1.427555845596869,0,0,0,0,0,0,0
R000362,Greater NYC,Midtown Manhattan,1.821867089212536,1,1,1,0,0,0,1
R000363,Greater NYC,Westchester,1.0,1,1,1,0,0,0,1
R000364,Greater NYC,Fairfield County,20.718850072484855,21,2,11,0,0,0,18
R000365,Greater NYC,Uptown Manhattan,6.61140252336943,5,3,5,0,0,0,4
R000366,Greater NYC,Midtown Manhattan,6.589143210467653,6,2,6,0,0,0,4
R000367,Philadelphia,Philadelphia,4.9016463609890835,5,1,4,0,0,0,4
R000368,Chicago,Chicago,9.89063500035116,6,2,4,0,0,0,4
R000369,Greater NYC,Uptown Manhattan,1.0,1,1,1,0,0,0,1
R000370,Greater NYC,Lower Manhattan–North Brooklyn,97.02363601429668,113,7,47,1,0,0,89
R000371,Greater NYC,Westchester,6.782131367153359,5,3,5,0,0,0,3
R000372,Greater NYC,Lower Manhattan–North Brooklyn,1.6894556043870872,2,2,2,0,0,0,2
R000373,Greater NYC,Uptown Manhattan,3.831798711406234,3,1,3,0,0,0,3
R000374,Greater NYC,Lower Manhattan–North Brooklyn,10.477331388331612,10,5,10,0,0,0,9
R000375,Philadelphia,Main Line,4.091929974756811,3,1,3,0,0,0,2
R000376,Greater NYC,North Jersey,2.4321472169913196,2,2,2,0,0,0,2
R000377,Northern California,San Francisco,1.9730232259511356,1,1,1,0,0,0,1
R000378,Greater NYC,Lower Manhattan–North Brooklyn,1.2250034004537436,0,0,0,0,0,0,0
R000379,Atlanta,Atlanta,2.938360790477241,7,1,4,0,0,0,5
R000380,Greater NYC,Uptown Manhattan,19.405795122962484,23,4,16,0,0,0,17
R000381,South Florida,Miami,6.857845757443383,6,2,5,0,0,0,3
R000382,DMV,DC–Arlington,10.054171018043355,8,3,7,0,0,0,5
R000383,Greater NYC,Midtown Manhattan,4.05061412490513,1,1,1,0,0,0,1
R000384,Houston,Houston,39.6438711688662,36,1,9,1,0,0,17
R000385,Greater NYC,Lower Manhattan–North Brooklyn,1.0,1,1,1,0,0,0,1
R000386,Greater NYC,Fairfield County,2.1357784755288165,2,2,2,0,0,0,0
R000387,Philadelphia,Main Line,16.192837310822934,15,1,8,0,0,0,11
R000388,Chicago,Chicago,4.249574117320813,4,2,3,0,0,0,4
R000389,Greater NYC,Fairfield County,2.0633090416492177,1,1,1,0,0,0,0
R000390,DMV,DC–Arlington,3.509536418337661,6,3,5,0,0,0,5
R000391,South Florida,Miami,6.533976157521957,2,2,2,0,0,0,1
R000392,Austin,Austin,5.149193973422189,10,1,6,0,0,0,7
R000393,Greater NYC,North Jersey,2.3925583520313363,0,0,0,0,0,0,0
R000394,Greater NYC,Westchester,4.786501738237239,7,3,6,0,0,0,4
R000395,Greater NYC,Nassau County,6.098957838389177,2,1,2,0,0,0,1
R000396,Chicago,Chicago,2.9117309952498895,7,2,5,0,0,0,5
R000397,Greater NYC,Lower Manhattan–North Brooklyn,7.543918346616501,7,6,7,0,0,0,4
R000398,Greater NYC,Midtown Manhattan,2.897283379425188,4,3,4,0,0,0,3
R000399,Northern California,Marin County,1.29146104305155,2,1,2,0,0,0,1
R000400,DMV,DC–Arlington,3.351052248619614,0,0,0,0,0,0,0
R000401,Philadelphia,Main Line,8.007071871977514,6,1,4,0,0,0,5
R000402,Greater NYC,Midtown Manhattan,119.5464866690556,118,9,35,3,0,0,80
R000403,Greater NYC,Westchester,3.1317693955000236,6,3,4,0,0,0,6
R000404,Greater NYC,Uptown Manhattan,3.2927680320535417,2,2,2,0,0,0,2
R000405,Greater NYC,Midtown Manhattan,1.0,2,2,2,0,0,0,2
R000406,Greater NYC,Midtown Manhattan,24.030954301203337,23,4,18,0,0,0,20
R000407,DMV,DC–Arlington,4.6953733983838415,4,3,4,0,0,0,4
R000408,Greater NYC,North Jersey,3.217742989165072,2,1,2,0,0,0,1
R000409,Greater NYC,Lower Manhattan–North Brooklyn,2.8806635435453165,3,3,2,0,0,0,3
R000410,Boston,Chestnut Hill,6.560632587066,11,2,8,0,0,0,10
R000411,DMV,Montgomery County,9.053320899132576,9,2,5,0,0,0,6
R000412,Philadelphia,Main Line,1.594199464063987,4,2,3,0,0,0,4
R000413,Boston,Boston,7.523604975850302,5,2,4,0,0,0,5
R000414,South Florida,Miami,18.156751844076283,30,2,7,0,0,0,19
R000415,Northern California,San Francisco,2.432137130506776,3,2,3,0,0,0,2
R000416,Southern California,Los Angeles,4.238577585254072,5,3,5,0,0,0,3
R000417,Greater NYC,Lower Manhattan–North Brooklyn,7.326396703671403,10,5,10,0,0,0,8
R000418,Greater NYC,Hudson County,3.098962207607862,2,1,2,0,0,0,2
R000419,Atlanta,Atlanta,7.902758563968933,12,1,3,0,0,0,10
R000420,Northern California,Silicon Valley,9.96425048912526,9,1,7,0,0,0,6
R000421,Greater NYC,Lower Manhattan–North Brooklyn,16.579592981350213,19,7,15,0,0,0,15
R000422,Greater NYC,Midtown Manhattan,2.8963462937880116,1,1,1,0,0,0,1
R000423,Greater NYC,Lower Manhattan–North Brooklyn,14.995782681844656,15,5,11,0,0,0,11
R000424,Philadelphia,Philadelphia,3.690060821406525,3,1,2,0,0,0,2
R000425,Ann Arbor,Ann Arbor,1.0,0,0,0,0,0,0,0
R000426,Dallas,Dallas,11.160679814674134,10,1,7,0,0,0,5
R000427,Seattle,Seattle,1.1804888533962503,1,1,1,0,0,0,1
R000428,Greater NYC,Lower Manhattan–North Brooklyn,12.893682788939858,12,4,10,0,0,0,9
R000429,Greater NYC,Uptown Manhattan,2.586086802160678,4,1,4,0,0,0,2
R000430,Chicago,Chicago,3.824146847072834,3,2,2,0,0,0,2
R000431,Philadelphia,Philadelphia,6.800477548213453,3,1,2,0,0,0,1
R000432,Greater NYC,Lower Manhattan–North Brooklyn,80.0603913201892,82,7,37,1,0,0,64
R000433,Southern California,Los Angeles,5.0623192608965,9,3,7,0,0,0,7
R000434,Seattle,Seattle,1.0,0,0,0,0,0,0,0
R000435,Boston,Boston,1.712305642920963,3,2,3,0,0,0,2
R000436,DMV,Montgomery County,7.550108471863215,10,3,6,0,0,0,9
R000437,Austin,Austin,18.299595422676028,23,1,7,0,0,0,15
R000438,Chicago,Chicago,4.81075608940011,8,2,7,0,0,0,7
R000439,Boston,Chestnut Hill,1.6715415364268866,0,0,0,0,0,0,0
R000440,Ann Arbor,Ann Arbor,20.29293781288603,24,1,3,0,0,0,12
R000441,Boston,Boston,5.577157427802254,7,2,5,0,0,0,4
R000442,Greater NYC,Lower Manhattan–North Brooklyn,30.36166391296491,25,7,18,0,0,0,22
R000443,Greater NYC,Lower Manhattan–North Brooklyn,1.0,1,1,1,0,0,0,1
R000444,Greater NYC,Midtown Manhattan,74.59155421928509,69,4,24,2,0,0,44
R000445,Greater NYC,Lower Manhattan–North Brooklyn,2.262318566800224,3,3,3,0,0,0,2
R000446,Greater NYC,Uptown Manhattan,36.99992086520043,39,5,22,0,0,0,32
R000447,Greater NYC,Uptown Manhattan,1.0,1,1,1,0,0,0,1
R000448,Greater NYC,Nassau County,2.150692143632118,3,1,3,0,0,0,3
R000449,Seattle,Seattle,2.5804025121938654,4,1,3,0,0,0,2
R000450,DMV,Montgomery County,2.367969465900674,3,1,2,0,0,0,2
R000451,Ann Arbor,Ann Arbor,6.94660533159532,5,1,2,0,0,0,4
R000452,Northern California,San Francisco,14.410862812502954,18,2,10,0,0,0,12
R000453,South Florida,Miami,2.877404516227445,0,0,0,0,0,0,0
R000454,Philadelphia,Main Line,3.228004871085253,7,2,4,0,0,0,4
R000455,Houston,Houston,1.0,0,0,0,0,0,0,0
R000456,Dallas,Dallas,2.356827996543183,4,1,3,0,0,0,4
R000457,Northern California,San Francisco,28.18618062878349,24,2,13,0,0,0,15
R000458,Greater NYC,Midtown Manhattan,4.666584340669983,1,1,1,0,0,0,1
R000459,Greater NYC,Lower Manhattan–North Brooklyn,4.8897767861955055,4,3,3,0,0,0,3
R000460,Greater NYC,Midtown Manhattan,4.310731402070123,4,3,4,0,0,0,2
R000461,Greater NYC,North Jersey,1.021430119693777,0,0,0,0,0,0,0
R000462,Dallas,Dallas,7.206162525168549,7,1,6,0,0,0,6
R000463,Greater NYC,Fairfield County,4.383900016205262,5,2,5,0,0,0,4
R000464,Philadelphia,Philadelphia,1.0,1,1,1,0,0,0,1
R000465,Greater NYC,Nassau County,2.2179263112475684,1,1,1,0,0,0,0
R000466,South Florida,Miami,4.3102690761896305,6,2,4,0,0,0,4
R000467,Greater NYC,Uptown Manhattan,18.040158141342733,19,4,12,0,0,0,15
R000468,Greater NYC,Uptown Manhattan,2.680205638319202,3,2,3,0,0,0,3
R000469,Chicago,Chicago,1.1569041020513264,1,1,1,0,0,0,1
R000470,Boston,Chestnut Hill,4.050134594003908,4,2,3,0,0,0,4
R000471,Northern California,San Francisco,142.4368231387488,135,3,18,6,0,0,75
R000472,Greater NYC,Uptown Manhattan,1.7461804359324695,0,0,0,0,0,0,0
R000473,Greater NYC,Lower Manhattan–North Brooklyn,7.6946529609059775,10,4,8,0,0,0,7
R000474,Philadelphia,Main Line,5.877355454168068,4,1,3,0,0,0,2
R000475,Greater NYC,Uptown Manhattan,7.047252180971531,10,3,9,0,0,0,7
R000476,Philadelphia,Main Line,1.2866996863488285,3,2,2,0,0,0,3
R000477,Greater NYC,Midtown Manhattan,44.479841754582544,44,7,34,0,0,0,34
R000478,Greater NYC,North Jersey,2.2629602053982323,0,0,0,0,0,0,0
R000479,Greater NYC,Uptown Manhattan,1.37758719040364,2,2,2,0,0,0,1
R000480,Greater NYC,Midtown Manhattan,2.4420746133367826,2,2,2,0,0,0,2
R000481,DMV,DC–Arlington,4.180437284074224,5,2,4,0,0,0,3
R000482,Greater NYC,North Jersey,6.525804055013387,4,2,4,0,0,0,3
R000483,Boston,Chestnut Hill,3.133172157822996,6,2,6,0,0,0,5
R000484,Greater NYC,Uptown Manhattan,2.0931066181887865,2,1,2,0,0,0,2
R000485,Boston,Chestnut Hill,3.897081021252501,5,3,4,0,0,0,3
R000486,Northern California,Silicon Valley,7.450215641016136,7,2,6,0,0,0,3
R000487,Boston,Boston,1.0,1,1,1,0,0,0,1
R000488,Philadelphia,Main Line,20.756630580486373,26,2,9,0,0,0,19
R000489,Greater NYC,Midtown Manhattan,3.168088150022459,2,2,2,0,0,0,2
R000490,Dallas,Dallas,14.277984989304104,12,1,5,0,0,0,10
R000491,Boston,Boston,12.876010243078762,17,3,10,0,0,0,11
R000492,Southern California,Pasadena,14.61649875751278,18,1,9,0,0,0,14
R000493,Greater NYC,Nassau County,1.0,1,1,1,0,0,0,1
R000494,Chicago,Chicago,56.611644490143185,51,2,12,0,0,0,33
R000495,Seattle,Seattle,1.3375111919211535,1,1,1,0,0,0,1
R000496,Southern California,Pasadena,17.224876157017032,13,1,8,0,0,0,12
R000497,Greater NYC,Uptown Manhattan,5.438485510444088,8,2,5,0,0,0,5
R000498,South Florida,Miami,5.680202841908059,5,2,4,0,0,0,5
R000499,Greater NYC,Lower Manhattan–North Brooklyn,2.1811631372181233,0,0,0,0,0,0,0
R000500,DMV,DC–Arlington,15.71812781650226,15,3,13,0,0,0,12
R000501,Seattle,Seattle,10.21292744819586,13,1,8,0,0,0,9
R000502,Southern California,Los Angeles,1.318633370749498,0,0,0,0,0,0,0
R000503,South Florida,Miami,2.4085414546872976,7,2,4,0,0,0,5
R000504,Greater NYC,Midtown Manhattan,8.19372157439075,3,2,3,0,0,0,3
R000505,DMV,DC–Arlington,28.21009619319484,27,3,15,0,0,0,17
R000506,Atlanta,Atlanta,1.466217019357558,4,1,2,0,0,0,4
R000507,Northern California,San Francisco,7.395278168078045,3,3,3,0,0,0,1
R000508,Atlanta,Atlanta,3.973505180390013,3,1,3,0,0,0,3
R000509,Greater NYC,Fairfield County,3.0280906543732304,4,4,4,0,0,0,3
R000510,Greater NYC,Uptown Manhattan,34.89427512792948,35,4,23,0,0,0,30
R000511,South Florida,Miami,1.0,0,0,0,0,0,0,0
R000512,Southern California,Los Angeles,5.2706253266521506,5,2,5,0,0,0,3
R000513,Greater NYC,Uptown Manhattan,2.929923470938651,3,2,3,0,0,0,3
R000514,Southern California,Los Angeles,24.630781549556698,25,4,12,0,0,0,17
R000515,Greater NYC,Uptown Manhattan,1.031687949335236,0,0,0,0,0,0,0
R000516,Greater NYC,Uptown Manhattan,3.4128379323831526,4,3,3,0,0,0,4
R000517,Boston,Chestnut Hill,4.005873752432302,3,2,3,0,0,0,3
R000518,Chicago,Chicago,9.312985483937371,8,2,8,0,0,0,7
R000519,DMV,DC–Arlington,12.027198103016966,11,3,9,0,0,0,7
R000520,Boston,Chestnut Hill,12.528754747964182,21,1,6,0,0,0,19
R000521,South Florida,Miami,5.283551487026627,5,2,3,0,0,0,5
R000522,Austin,Austin,2.5761507538216692,2,1,2,0,0,0,0
R000523,Greater NYC,Hudson County,2.374121943368857,2,1,1,0,0,0,1
R000524,Greater NYC,Midtown Manhattan,6.645955650699267,10,2,8,0,0,0,8
R000525,Greater NYC,Lower Manhattan–North Brooklyn,1.1330595134449146,0,0,0,0,0,0,0
R000526,Greater NYC,Fairfield County,3.929358180292288,6,3,5,0,0,0,4
R000527,Dallas,Dallas,74.4618473908862,68,1,9,3,1,7,28
R000528,Greater NYC,Midtown Manhattan,1.852149401301432,1,1,1,0,0,0,1
R000529,Greater NYC,Westchester,9.925807086021852,7,2,5,0,0,0,5
R000530,Boston,Boston,5.3982365031405735,9,2,8,0,0,0,7
R000531,Chicago,Chicago,2.0866257135310327,4,2,4,0,0,0,4
R000532,Greater NYC,Lower Manhattan–North Brooklyn,7.559438811532648,6,4,6,0,0,0,6
R000533,DMV,DC–Arlington,4.609173848772585,2,2,2,0,0,0,2
R000534,Greater NYC,Midtown Manhattan,6.149097049236144,9,5,9,0,0,0,9
R000535,Boston,Chestnut Hill,1.0,1,1,1,0,0,0,1
R000536,Northern California,Silicon Valley,56.66517024500233,36,2,13,0,0,0,29
R000537,Greater NYC,Midtown Manhattan,14.06528908708223,14,5,12,0,0,0,10
R000538,Greater NYC,Hudson County,14.764610122033996,9,3,7,0,0,0,7
R000539,Philadelphia,Philadelphia,1.0,1,1,1,0,0,0,1
R000540,Greater NYC,Uptown Manhattan,37.688853106631505,42,4,22,0,0,0,29
R000541,Chicago,Chicago,34.752103734904416,39,2,12,1,0,0,28
R000542,Greater NYC,Lower Manhattan–North Brooklyn,5.288133271297145,3,2,3,0,0,0,3
R000543,DMV,DC–Arlington,4.837570855946757,5,2,4,0,0,0,4
R000544,Southern California,Los Angeles,8.68694989647025,9,3,5,0,0,0,4
R000545,Greater NYC,Midtown Manhattan,3.2887337950073117,6,3,6,0,0,0,4
R000546,Seattle,Seattle,5.6286418763798265,7,1,5,0,0,0,6
R000547,Northern California,San Francisco,10.299228199193408,11,2,6,0,0,0,11
R000548,Greater NYC,Uptown Manhattan,1.0,0,0,0,0,0,0,0
R000549,Southern California,Los Angeles,1.8748226394509753,3,1,3,0,0,0,2
R000550,Northern California,San Francisco,18.1123730992559,14,3,9,0,0,0,13
R000551,Greater NYC,Lower Manhattan–North Brooklyn,1.3241457714783291,2,2,2,0,0,0,1
R000552,Greater NYC,Midtown Manhattan,1.1234219175620594,1,1,1,0,0,0,0
R000553,DMV,DC–Arlington,8.265987678897698,6,3,4,0,0,0,4
R000554,Northern California,San Francisco,1.0,1,1,1,0,0,0,0
R000555,Philadelphia,Main Line,16.253877004327407,17,2,7,0,0,0,11
R000556,Greater NYC,Midtown Manhattan,6.107664214395247,6,3,5,0,0,0,4
R000557,Boston,Boston,14.129700423022127,16,2,9,0,0,0,12
R000558,Greater NYC,Uptown Manhattan,1.0,1,1,1,0,0,0,1
R000559,DMV,Montgomery County,9.772837419582707,5,1,5,0,0,0,3
R000560,Greater NYC,Uptown Manhattan,6.414984377665225,4,2,4,0,0,0,4
R000561,South Florida,Miami,1.0,2,1,2,0,0,0,2
R000562,Southern California,Pasadena,4.46601883893923,7,1,5,0,0,0,6
R000563,Greater NYC,Lower Manhattan–North Brooklyn,9.276408010699043,12,5,10,0,0,0,9
R000564,Philadelphia,Main Line,3.634779067494733,1,1,1,0,0,0,0
R000565,Greater NYC,Lower Manhattan–North Brooklyn,11.518949461400368,9,5,9,0,0,0,6
R000566,Philadelphia,Main Line,8.811778702198227,6,2,4,0,0,0,5
R000567,DMV,Montgomery County,2.7840579448873495,1,1,1,0,0,0,1
R000568,Greater NYC,Uptown Manhattan,2.767609430749673,3,2,3,0,0,0,2
R000569,Greater NYC,Lower Manhattan–North Brooklyn,27.19192160909738,26,6,17,0,0,0,22
R000570,Boston,Chestnut Hill,6.133136586112705,7,2,4,0,0,0,5
R000571,Greater NYC,Westchester,2.057765071958172,2,2,2,0,0,0,2
R000572,South Florida,Miami,9.189264111316078,4,2,2,0,0,0,2
R000573,Philadelphia,Main Line,63.00737537189844,62,1,8,3,0,0,27
R000574,DMV,DC–Arlington,183.7563996145353,194,3,21,10,0,0,124
R000575,Greater NYC,Fairfield County,3.891364588643896,9,2,7,0,0,0,5
R000576,Seattle,Seattle,4.740708926206255,6,1,3,0,0,0,5
R000577,Greater NYC,Lower Manhattan–North Brooklyn,11.615994175164523,11,4,7,0,0,0,11
R000578,Greater NYC,Lower Manhattan–North Brooklyn,2.265776071480618,1,1,1,0,0,0,1
R000579,Greater NYC,Midtown Manhattan,73.80266170422139,76,5,29,1,0,0,50
R000580,Greater NYC,Hudson County,6.0217496458425925,5,4,5,0,0,0,4
R000581,DMV,DC–Arlington,7.586885826440402,8,2,6,0,0,0,6
R000582,DMV,DC–Arlington,2.818738732627889,1,1,1,0,0,0,1
R000583,South Florida,Miami,1.020634323931441,0,0,0,0,0,0,0
R000584,Philadelphia,Philadelphia,5.817639657678335,4,2,4,0,0,0,4
R000585,Philadelphia,Main Line,4.4778530241397,3,2,3,0,0,0,2
R000586,Greater NYC,Midtown Manhattan,6.6672956071022496,9,3,6,0,0,0,7
R000587,Northern California,Silicon Valley,10.863396882907868,19,3,10,0,0,0,14
R000588,Greater NYC,Lower Manhattan–North Brooklyn,7.809252313610528,4,4,4,0,0,0,3
R000589,Greater NYC,Lower Manhattan–North Brooklyn,34.01143471472347,33,8,26,0,0,0,25
R000590,Greater NYC,Lower Manhattan–North Brooklyn,1.913623231950465,2,1,2,0,0,0,2
R000591,DMV,DC–Arlington,3.1930117192464236,6,3,5,0,0,0,6
R000592,Boston,Chestnut Hill,4.733667581106693,5,1,5,0,0,0,3
R000593,Greater NYC,Midtown Manhattan,13.202517091082854,9,4,8,0,0,0,7
R000594,Northern California,San Francisco,3.035523485344869,1,1,1,0,0,0,1
R000595,Greater NYC,Hudson County,8.527070208290281,7,3,5,0,0,0,4
R000596,Greater NYC,Lower Manhattan–North Brooklyn,12.53248442954622,14,5,12,0,0,0,10
R000597,Greater NYC,Uptown Manhattan,13.21553436529152,14,5,12,0,0,0,11
R000598,Greater NYC,Midtown Manhattan,3.5061771679874267,3,3,3,0,0,0,3
R000599,Greater NYC,Fairfield County,4.792374723951435,3,1,2,0,0,0,2
R000600,Greater NYC,Lower Manhattan–North Brooklyn,9.6634722239232,9,5,9,0,0,0,8
R000601,Greater NYC,Uptown Manhattan,54.96929252158868,50,5,29,0,0,0,46
R000602,Greater NYC,Uptown Manhattan,1.130832977880538,1,1,1,0,0,0,1
R000603,Greater NYC,Midtown Manhattan,1.013364152782755,0,0,0,0,0,0,0
R000604,Dallas,Dallas,4.227024788156507,7,1,5,0,0,0,4
R000605,Greater NYC,Midtown Manhattan,28.432635812464945,29,7,22,0,0,0,25
R000606,Northern California,San Francisco,3.297332283646594,5,2,3,0,0,0,4
R000607,DMV,Montgomery County,6.238719585708448,3,1,3,0,0,0,1
R000608,Southern California,Los Angeles,5.060570208616124,4,3,4,0,0,0,2
R000609,South Florida,Miami,13.889055300245523,16,2,7,0,0,0,13
R000610,Philadelphia,Philadelphia,7.053613369297811,8,2,6,0,0,0,7
R000611,Northern California,San Francisco,1.3466153358412485,2,1,1,0,0,0,1
R000612,Greater NYC,Lower Manhattan–North Brooklyn,2.3834687577224223,3,3,3,0,0,0,3
R000613,Greater NYC,Lower Manhattan–North Brooklyn,5.1800881968333865,2,2,2,0,0,0,2
R000614,Ann Arbor,Ann Arbor,42.19428725227093,43,1,3,0,0,0,27
R000615,Southern California,Los Angeles,17.64823514862581,19,3,12,0,0,0,8
R000616,Greater NYC,Lower Manhattan–North Brooklyn,1.0,1,1,1,0,0,0,1
R000617,DMV,DC–Arlington,12.277966906027247,11,3,10,0,0,0,8
R000618,DMV,DC–Arlington,1.7007570112691353,2,2,1,0,0,0,2
R000619,Greater NYC,Midtown Manhattan,1.1309690185752026,0,0,0,0,0,0,0
R000620,South Florida,Miami,4.076388581167887,1,1,1,0,0,0,0
R000621,Southern California,Pasadena,2.429778220395895,3,1,3,0,0,0,1
R000622,Boston,Boston,1.077197257644384,2,2,2,0,0,0,1
R000623,DMV,DC–Arlington,9.500943108658682,8,3,6,0,0,0,7
R000624,Austin,Austin,2.5831884965421223,2,1,2,0,0,0,2
R000625,Southern California,Los Angeles,3.830468963899538,2,1,2,0,0,0,2
R000626,Northern California,Silicon Valley,4.167789542250007,4,1,3,0,0,0,3
R000627,Greater NYC,Westchester,1.739338769471312,3,1,3,0,0,0,3
R000628,Northern California,San Francisco,24.373017551607457,22,2,12,0,0,0,16
R000629,Greater NYC,Nassau County,3.366083092944079,1,1,1,0,0,0,1
R000630,Houston,Houston,5.288351545991926,4,1,4,0,0,0,4
R000631,Seattle,Seattle,7.589262926107322,8,1,5,0,0,0,5
R000632,Greater NYC,Midtown Manhattan,2.4218988825313077,2,2,2,0,0,0,1
R000633,Greater NYC,Uptown Manhattan,2.4918008067059088,1,1,1,0,0,0,0
R000634,Boston,Boston,1.0,0,0,0,0,0,0,0
R000635,Greater NYC,Lower Manhattan–North Brooklyn,27.85119975036128,35,7,22,0,0,0,27
R000636,DMV,DC–Arlington,1.8883650058439616,1,1,1,0,0,0,0
R000637,Ann Arbor,Ann Arbor,1.6499406754093018,3,1,2,0,0,0,2
R000638,DMV,DC–Arlington,62.399558509811555,54,3,18,1,0,0,35
R000639,South Florida,Miami,22.003759204880556,20,2,5,0,0,0,12
R000640,DMV,Montgomery County,19.516351218441333,18,1,9,0,0,0,13
R000641,Greater NYC,Lower Manhattan–North Brooklyn,21.87952061854563,29,6,21,0,0,0,19
R000642,Northern California,San Francisco,7.762452065805315,4,2,4,0,0,0,3
R000643,Southern California,Pasadena,11.04701810510886,12,3,10,0,0,0,8
R000644,Greater NYC,North Jersey,15.278183959711182,12,1,6,0,0,0,8
R000645,Chicago,Chicago,13.182367903361245,9,2,6,0,0,0,8
R000646,Greater NYC,Midtown Manhattan,60.7203373197348,70,6,34,0,0,0,54
R000647,Boston,Boston,5.834053162486173,6,1,2,0,0,0,5
R000648,Atlanta,Atlanta,1.5546211692189953,1,1,1,0,0,0,1
R000649,Southern California,Los Angeles,11.352549522089046,6,2,5,0,0,0,3
R000650,Greater NYC,Lower Manhattan–North Brooklyn,1.0,2,2,2,0,0,0,2
R000651,Austin,Austin,26.07185251480309,29,1,8,0,0,0,19
R000652,DMV,DC–Arlington,2.574923357778554,2,1,2,0,0,0,1
R000653,Northern California,San Francisco,10.667715204707909,12,2,9,0,0,0,7
R000654,Philadelphia,Main Line,1.9145894362811593,1,1,1,0,0,0,0
R000655,Seattle,Seattle,1.0,1,1,1,0,0,0,1
R000656,Greater NYC,Uptown Manhattan,1.6554337181527785,4,3,4,0,0,0,4
R000657,Greater NYC,Midtown Manhattan,16.361884628242223,20,6,15,0,0,0,17
R000658,Dallas,Dallas,18.800272421106804,22,1,8,0,0,0,11
R000659,Southern California,Los Angeles,11.681147948299126,10,2,7,0,0,0,7
R000660,Greater NYC,Fairfield County,1.7075199220820787,1,1,1,0,0,0,1
R000661,Southern California,Los Angeles,1.653834153243888,2,1,2,0,0,0,2
R000662,Northern California,San Francisco,74.38171562871368,87,3,21,3,0,0,47
R000663,Greater NYC,Uptown Manhattan,10.517963062105451,7,3,7,0,0,0,4
R000664,Chicago,Chicago,3.963868035755078,5,2,3,0,0,0,5
R000665,Greater NYC,Uptown Manhattan,5.721321205492811,3,1,3,0,0,0,3
R000666,Greater NYC,Hudson County,5.553449154555586,4,2,4,0,0,0,4
R000667,South Florida,Miami,5.8082049665928945,6,2,4,0,0,0,5
R000668,Northern California,San Francisco,196.12429490160633,187,4,22,13,1,0,97
R000669,Philadelphia,Philadelphia,4.983144854401299,6,1,3,0,0,0,6
R000670,Greater NYC,Fairfield County,3.565873090959235,2,1,2,0,0,0,2
R000671,South Florida,Miami,1.617256946937755,1,1,1,0,0,0,1
R000672,Boston,Chestnut Hill,5.343089101711627,5,2,3,0,0,0,3
R000673,Greater NYC,Lower Manhattan–North Brooklyn,4.371366210832563,5,3,4,0,0,0,3
R000674,Greater NYC,Uptown Manhattan,26.730953419115902,23,3,18,0,0,0,21
R000675,Southern California,Los Angeles,1.0,1,1,1,0,0,0,1
R000676,DMV,DC–Arlington,7.191466630155717,6,3,4,0,0,0,4
R000677,Greater NYC,Lower Manhattan–North Brooklyn,13.08871552878385,19,6,17,0,0,0,16
R000678,Greater NYC,Midtown Manhattan,7.233385907974873,9,3,9,0,0,0,7
R000679,Greater NYC,Nassau County,1.0,0,0,0,0,0,0,0
R000680,Boston,Chestnut Hill,10.27771195710699,10,1,4,0,0,0,8
R000681,Greater NYC,North Jersey,17.78584100015462,23,3,17,0,0,0,19
R000682,Seattle,Seattle,1.0,1,1,1,0,0,0,0
R000683,Greater NYC,Uptown Manhattan,1.67411450017739,0,0,0,0,0,0,0
R000684,Southern California,Los Angeles,32.88770672420965,30,3,13,0,0,0,10
R000685,Southern California,Los Angeles,7.673489095288866,8,2,7,0,0,0,2
R000686,Philadelphia,Philadelphia,2.846115525842796,5,2,4,0,0,0,2
R000687,Greater NYC,Uptown Manhattan,2.511729165351164,2,2,2,0,0,0,2
R000688,Southern California,Los Angeles,1.3738768476962635,1,1,1,0,0,0,0
R000689,Greater NYC,Nassau County,3.5308750434549285,6,1,5,0,0,0,3
R000690,Greater NYC,Lower Manhattan–North Brooklyn,1.4404187174211067,1,1,1,0,0,0,1
R000691,Greater NYC,Uptown Manhattan,1.0,0,0,0,0,0,0,0
R000692,Boston,Boston,1.099459566748166,2,2,2,0,0,0,1
R000693,South Florida,Miami,16.38723398357879,14,2,5,0,0,0,11
R000694,Dallas,Dallas,2.7051681846669453,0,0,0,0,0,0,0
R000695,Chicago,Chicago,8.482165856558805,15,2,10,0,0,0,11
R000696,Greater NYC,Lower Manhattan–North Brooklyn,3.117250809127635,5,3,5,0,0,0,4
R000697,Greater NYC,Uptown Manhattan,3.48221305148051,2,2,2,0,0,0,2
R000698,Atlanta,Atlanta,1.0,1,1,1,0,0,0,1
R000699,Southern California,Los Angeles,3.3061610079692625,1,1,1,0,0,0,1
R000700,Southern California,Los Angeles,1.27787767045991,3,2,3,0,0,0,2
R000701,Greater NYC,Lower Manhattan–North Brooklyn,1.0,0,0,0,0,0,0,0
R000702,Boston,Boston,1.0,0,0,0,0,0,0,0
R000703,Atlanta,Atlanta,112.09365545861532,116,1,4,5,2,28,51
R000704,Chicago,Chicago,2.2716394562241287,3,2,2,0,0,0,2
R000705,Chicago,Chicago,1.0,0,0,0,0,0,0,0
R000706,Northern California,San Francisco,1.1849198469035227,1,1,1,0,0,0,0
R000707,Greater NYC,Midtown Manhattan,6.911014447300872,8,5,8,0,0,0,6
R000708,Chicago,Chicago,15.138794235754894,11,2,7,0,0,0,9
R000709,Greater NYC,Uptown Manhattan,5.920989754415909,7,3,6,0,0,0,6
R000710,Greater NYC,Lower Manhattan–North Brooklyn,1.0,1,1,1,0,0,0,1
R000711,Greater NYC,Midtown Manhattan,2.0889357077099486,3,3,3,0,0,0,2
R000712,Boston,Boston,22.890360678192646,24,2,11,0,0,0,17
R000713,Greater NYC,Midtown Manhattan,44.0015093897215,37,5,22,0,0,0,28
R000714,South Florida,Miami,31.4401180879796,26,2,7,0,0,0,19
R000715,Greater NYC,Uptown Manhattan,1.0,2,2,2,0,0,0,2
R000716,DMV,DC–Arlington,4.220850095937307,1,1,1,0,0,0,1
R000717,Ann Arbor,Ann Arbor,1.0,1,1,1,0,0,0,1
R000718,Greater NYC,Lower Manhattan–North Brooklyn,5.681872434359494,6,2,5,0,0,0,6
R000719,Dallas,Dallas,3.030775682261371,2,1,1,0,0,0,1
R000720,Greater NYC,Uptown Manhattan,9.95650254516867,13,2,11,0,0,0,12
R000721,Northern California,San Francisco,1.5248772670247503,1,1,1,0,0,0,1
R000722,Chicago,Chicago,4.642818786028383,4,2,3,0,0,0,4
R000723,Dallas,Dallas,7.22022136972622,7,1,4,0,0,0,6
R000724,Northern California,Marin County,90.71075219980962,89,1,9,4,1,23,35
R000725,Greater NYC,Lower Manhattan–North Brooklyn,43.73964256885324,43,7,29,0,0,0,39
R000726,Greater NYC,Midtown Manhattan,3.682171403729412,4,2,4,0,0,0,4
R000727,Greater NYC,Uptown Manhattan,4.142157364019331,4,2,4,0,0,0,3
R000728,South Florida,Miami,2.9702637885918346,1,1,1,0,0,0,1
R000729,Greater NYC,Uptown Manhattan,20.61535673906876,20,5,13,0,0,0,16
R000730,Boston,Chestnut Hill,28.14103966151202,31,2,9,0,0,0,22
R000731,Greater NYC,Westchester,15.718176003671084,9,3,8,0,0,0,6
R000732,Chicago,Chicago,26.321808135540827,28,2,11,0,0,0,22
R000733,Boston,Boston,1.2581329874298666,0,0,0,0,0,0,0
R000734,Northern California,Silicon Valley,1.0,0,0,0,0,0,0,0
R000735,Boston,Boston,2.6588463261080983,4,2,4,0,0,0,4
R000736,Ann Arbor,Ann Arbor,1.1881481139015682,1,1,1,0,0,0,1
R000737,Atlanta,Atlanta,1.2048909658433238,1,1,1,0,0,0,1
R000738,Southern California,Los Angeles,1.137367790162296,1,1,1,0,0,0,1
R000739,Southern California,Los Angeles,5.382547705206345,8,4,7,0,0,0,4
R000740,Austin,Austin,8.997919648471855,10,1,6,0,0,0,7
R000741,Greater NYC,Uptown Manhattan,12.367745226101752,10,3,9,0,0,0,9
R000742,Greater NYC,Uptown Manhattan,41.84388845829743,45,4,24,1,0,0,35
R000743,Greater NYC,Lower Manhattan–North Brooklyn,5.719121845480649,6,3,6,0,0,0,6
R000744,Northern California,San Francisco,12.38399894909429,13,3,11,0,0,0,11
R000745,Greater NYC,Lower Manhattan–North Brooklyn,14.207826375950487,13,6,13,0,0,0,11
R000746,Northern California,San Francisco,1.901978750937698,1,1,1,0,0,0,1
R000747,Chicago,Chicago,3.5438715109860763,2,1,2,0,0,0,0
R000748,DMV,DC–Arlington,4.2570546930904465,2,2,2,0,0,0,1
R000749,Austin,Austin,3.140398348158731,3,1,3,0,0,0,2
R000750,Chicago,Chicago,7.490636703473746,5,2,5,0,0,0,3
R000751,Greater NYC,Lower Manhattan–North Brooklyn,18.60158054446985,14,7,12,0,0,0,10
R000752,Dallas,Dallas,1.0,1,1,1,0,0,0,1
R000753,DMV,DC–Arlington,5.477170088033583,7,2,6,0,0,0,3
R000754,Greater NYC,Lower Manhattan–North Brooklyn,16.614635310053107,10,4,10,0,0,0,7
R000755,Greater NYC,Lower Manhattan–North Brooklyn,37.49582960415678,49,8,32,0,0,0,39
R000756,Greater NYC,Lower Manhattan–North Brooklyn,1.2174972331869864,2,2,2,0,0,0,1
R000757,Chicago,Chicago,5.040918949854933,3,1,2,0,0,0,2
R000758,Austin,Austin,1.30556309720967,4,1,3,0,0,0,4
R000759,Chicago,Chicago,8.21860022571102,10,2,4,0,0,0,7
R000760,Greater NYC,Uptown Manhattan,27.83153796211031,24,4,19,0,0,0,19
R000761,Southern California,Los Angeles,16.59811996166445,9,3,7,0,0,0,7
R000762,DMV,DC–Arlington,1.7504155231933385,1,1,1,0,0,0,1
R000763,Chicago,Chicago,6.6536527850846,5,1,3,0,0,0,4
R000764,Northern California,Silicon Valley,4.776434692466171,4,1,3,0,0,0,2
R000765,Southern California,Los Angeles,1.137405512430763,0,0,0,0,0,0,0
R000766,Greater NYC,Midtown Manhattan,1.0,1,1,1,0,0,0,0
R000767,Greater NYC,Fairfield County,1.4276769136152925,3,2,2,0,0,0,3
R000768,Philadelphia,Philadelphia,1.0,2,1,2,0,0,0,2
R000769,Greater NYC,Uptown Manhattan,1.0,0,0,0,0,0,0,0
R000770,DMV,DC–Arlington,1.6762765159219415,3,2,3,0,0,0,2
R000771,Greater NYC,Hudson County,10.322703079559046,12,1,8,0,0,0,6
R000772,Philadelphia,Main Line,1.0,0,0,0,0,0,0,0
R000773,Northern California,San Francisco,5.1568706064034115,8,2,7,0,0,0,6
R000774,Boston,Chestnut Hill,2.2795949772622266,4,1,2,0,0,0,4
R000775,Southern California,Los Angeles,2.221212390673032,1,1,1,0,0,0,0
R000776,Boston,Chestnut Hill,35.30823954712496,24,2,9,0,0,0,18
R000777,Southern California,Los Angeles,1.491763019166817,0,0,0,0,0,0,0
R000778,Northern California,Marin County,200.0,208,4,20,10,1,15,98
R000779,Southern California,Pasadena,1.0,0,0,0,0,0,0,0
R000780,Seattle,Seattle,1.6468702912815236,0,0,0,0,0,0,0
R000781,DMV,Montgomery County,2.068944283932438,1,1,1,0,0,0,0
R000782,Boston,Chestnut Hill,4.288867920818573,3,1,2,0,0,0,1
R000783,Greater NYC,Westchester,6.506256213036012,6,3,5,0,0,0,3
R000784,Philadelphia,Philadelphia,3.358341474499904,2,1,2,0,0,0,1
R000785,Greater NYC,Midtown Manhattan,3.7291380114889754,3,2,3,0,0,0,2
R000786,South Florida,Miami,2.3814406686648604,2,1,1,0,0,0,2
R000787,Philadelphia,Philadelphia,12.808419103434524,12,2,6,0,0,0,10
R000788,Greater NYC,Lower Manhattan–North Brooklyn,1.0044438142273562,0,0,0,0,0,0,0
R000789,Atlanta,Atlanta,15.304183526497876,18,1,4,0,0,0,13
R000790,Greater NYC,Lower Manhattan–North Brooklyn,1.8955713103500031,4,2,3,0,0,0,4
R000791,Northern California,Silicon Valley,2.331882300306273,1,1,1,0,0,0,1
R000792,Houston,Houston,1.0,1,1,1,0,0,0,1
R000793,Chicago,Chicago,3.4943150657661333,4,2,4,0,0,0,4
R000794,Greater NYC,Fairfield County,2.538612409717317,4,3,4,0,0,0,3
R000795,Dallas,Dallas,1.3177366040320515,3,1,3,0,0,0,2
R000796,Greater NYC,Uptown Manhattan,3.1433248671045173,2,2,2,0,0,0,2
R000797,Northern California,San Francisco,5.395886867447266,9,3,5,0,0,0,7
R000798,South Florida,Miami,1.3788804413887967,2,1,1,0,0,0,2
R000799,Northern California,Silicon Valley,31.009645764032836,29,2,11,0,0,0,24
R000800,Northern California,San Francisco,9.713906618426233,11,4,9,0,0,0,8
R000801,Boston,Chestnut Hill,5.690213670359953,4,1,4,0,0,0,3
R000802,Greater NYC,Lower Manhattan–North Brooklyn,8.338811604897657,4,3,4,0,0,0,2
R000803,Chicago,Chicago,35.889328047724035,39,2,12,1,0,0,29
R000804,Greater NYC,Uptown Manhattan,1.274273313823449,3,2,3,0,0,0,2
R000805,Greater NYC,Westchester,5.761358161017418,4,3,4,0,0,0,2
R000806,Greater NYC,Fairfield County,1.0,2,1,2,0,0,0,1
R000807,Greater NYC,North Jersey,7.558466392144387,5,1,5,0,0,0,5
R000808,Greater NYC,Uptown Manhattan,1.301607753940258,0,0,0,0,0,0,0
R000809,Atlanta,Atlanta,1.3414965097947855,0,0,0,0,0,0,0
R000810,Northern California,San Francisco,9.05600498127576,6,2,5,0,0,0,5
R000811,Southern California,Los Angeles,8.096592921447272,10,3,7,0,0,0,5
R000812,Northern California,Silicon Valley,4.5842291277580784,4,1,4,0,0,0,3
R000813,Greater NYC,Midtown Manhattan,181.7144294842737,195,9,45,5,0,0,146
R000814,South Florida,Miami,14.412831148681542,14,2,7,0,0,0,11
R000815,Greater NYC,Uptown Manhattan,19.714585833508405,22,3,18,0,0,0,17
R000816,Atlanta,Atlanta,3.031211714695992,3,1,2,0,0,0,3
R000817,Greater NYC,Westchester,4.147457611179891,4,1,4,0,0,0,3
R000818,Northern California,Silicon Valley,12.928138551629104,14,1,9,0,0,0,11
R000819,Greater NYC,Westchester,1.0,2,2,2,0,0,0,1
R000820,Greater NYC,Uptown Manhattan,12.396704085679112,13,4,10,0,0,0,11
R000821,Southern California,Los Angeles,22.6211323210903,22,3,12,0,0,0,15
R000822,Greater NYC,Fairfield County,3.173460300280216,2,2,2,0,0,0,1
R000823,Greater NYC,Midtown Manhattan,5.123125743667596,4,4,4,0,0,0,4
R000824,Greater NYC,Midtown Manhattan,4.0668575972253205,2,1,2,0,0,0,2
R000825,Austin,Austin,1.2364900025537977,2,1,2,0,0,0,1
R000826,Southern California,Pasadena,1.0,0,0,0,0,0,0,0
R000827,Boston,Boston,1.6970756002443537,3,1,2,0,0,0,2
R000828,Austin,Austin,90.29274318962185,103,1,8,6,0,0,47
R000829,Atlanta,Atlanta,1.0,0,0,0,0,0,0,0
R000830,Ann Arbor,Ann Arbor,10.813336726754846,12,1,3,0,0,0,5
R000831,Southern California,Pasadena,15.226142438709449,12,2,6,0,0,0,6
R000832,Greater NYC,Lower Manhattan–North Brooklyn,8.002518844242777,8,4,7,0,0,0,8
R000833,Philadelphia,Main Line,17.99483233260664,23,2,8,0,0,0,19
R000834,DMV,DC–Arlington,22.78568287041489,29,4,14,0,0,0,24
R000835,Philadelphia,Philadelphia,11.372703774399175,11,2,9,0,0,0,9
R000836,Greater NYC,Midtown Manhattan,1.7152512564689604,3,2,3,0,0,0,2
R000837,Greater NYC,Westchester,54.75524041314832,58,2,17,1,0,0,37
R000838,Northern California,Marin County,37.44233343470326,36,3,18,0,0,0,29
R000839,Philadelphia,Philadelphia,5.449728019893244,8,1,4,0,0,0,7
R000840,Northern California,Silicon Valley,9.241228645431155,10,2,8,0,0,0,8
R000841,Greater NYC,Midtown Manhattan,15.813125896340008,17,3,9,0,0,0,12
R000842,DMV,DC–Arlington,1.0474252606958934,3,1,2,0,0,0,3
R000843,Philadelphia,Main Line,46.88835967780891,56,2,8,2,0,0,34
R000844,Southern California,Los Angeles,20.585063497664244,18,3,14,0,0,0,8
R000845,Greater NYC,Westchester,10.061630510605898,13,3,11,0,0,0,8
R000846,Austin,Austin,7.620565167908804,10,1,6,0,0,0,8
R000847,South Florida,Miami,9.482896910181848,11,2,5,0,0,0,6
R000848,Philadelphia,Main Line,1.8583436883717672,2,1,2,0,0,0,2
R000849,Greater NYC,Lower Manhattan–North Brooklyn,18.435207257155117,10,4,10,0,0,0,9
R000850,Greater NYC,Westchester,6.295160357993191,13,3,7,0,0,0,10
R000851,DMV,DC–Arlington,72.85714008185508,90,3,20,1,0,0,65
R000852,Greater NYC,Lower Manhattan–North Brooklyn,34.180772497806906,35,7,26,0,0,0,25
R000853,Greater NYC,Midtown Manhattan,10.29148370269706,7,3,6,0,0,0,4
R000854,Southern California,Los Angeles,1.576884513268655,3,2,3,0,0,0,0
R000855,Greater NYC,Hudson County,31.374042648797953,36,4,17,1,0,0,30
R000856,Atlanta,Atlanta,11.192031622447209,21,1,4,0,0,0,17
R000857,Greater NYC,Midtown Manhattan,42.53191454791551,36,9,26,0,0,0,28
R000858,Greater NYC,Fairfield County,6.580160166349344,4,2,3,0,0,0,4
R000859,Northern California,Silicon Valley,7.415010198075141,7,1,5,0,0,0,4
R000860,Philadelphia,Main Line,1.0,1,1,1,0,0,0,0
R000861,Northern California,San Francisco,4.461403879011447,4,1,3,0,0,0,3
R000862,Greater NYC,Lower Manhattan–North Brooklyn,35.34990289489069,38,6,25,0,0,0,29
R000863,Greater NYC,Uptown Manhattan,7.095280289389761,10,4,9,0,0,0,5
R000864,Boston,Boston,5.008428536152451,5,3,4,0,0,0,4
R000865,DMV,DC–Arlington,3.348048071834861,2,2,2,0,0,0,2
R000866,Southern California,Pasadena,3.2433088909472496,1,1,1,0,0,0,1
R000867,South Florida,Miami,99.23258024587643,79,2,7,4,1,15,39
R000868,Greater NYC,Lower Manhattan–North Brooklyn,19.091290664895684,17,6,15,0,0,0,16
R000869,Boston,Chestnut Hill,27.614320487352497,29,2,11,0,0,0,20
R000870,Northern California,Marin County,1.656772070896226,2,1,2,0,0,0,2
R000871,Greater NYC,Fairfield County,54.4988753822465,45,3,17,0,0,0,29
R000872,Greater NYC,Uptown Manhattan,2.1490331934697737,2,1,2,0,0,0,1
R000873,Greater NYC,Hudson County,1.685986853897704,2,1,2,0,0,0,2
R000874,Greater NYC,Uptown Manhattan,47.29548912769242,38,3,25,0,0,0,29
R000875,Greater NYC,Lower Manhattan–North Brooklyn,10.07529655719893,9,5,8,0,0,0,9
R000876,Greater NYC,Hudson County,4.81372274026262,4,2,3,0,0,0,4
R000877,Boston,Boston,1.6281809743533882,1,1,1,0,0,0,1
R000878,Greater NYC,Lower Manhattan–North Brooklyn,1.9720958597920493,2,2,2,0,0,0,2
R000879,Ann Arbor,Ann Arbor,2.476782936365857,7,1,3,0,0,0,5
R000880,Greater NYC,Lower Manhattan–North Brooklyn,2.096354009555149,2,2,2,0,0,0,2
R000881,Southern California,Los Angeles,1.0,3,2,3,0,0,0,2
R000882,DMV,DC–Arlington,5.345293717640227,7,3,5,0,0,0,6
R000883,DMV,DC–Arlington,4.830896134939671,5,2,4,0,0,0,1
R000884,DMV,DC–Arlington,2.6169411649675807,2,2,2,0,0,0,1
R000885,Southern California,Los Angeles,15.12914636252718,12,3,9,0,0,0,8
R000886,South Florida,Miami,83.55651781243094,97,2,7,3,1,22,44
R000887,Greater NYC,Nassau County,4.6400863099842296,0,0,0,0,0,0,0
R000888,Northern California,San Francisco,10.961163802668578,8,2,6,0,0,0,5
R000889,DMV,DC–Arlington,2.585578531374226,3,2,3,0,0,0,3
R000890,Southern California,Pasadena,8.646087050501594,11,2,8,0,0,0,9
R000891,Greater NYC,Uptown Manhattan,6.158582932505352,3,1,3,0,0,0,2
R000892,Greater NYC,Lower Manhattan–North Brooklyn,6.776950736122802,7,3,7,0,0,0,7
R000893,DMV,DC–Arlington,31.970556209767818,41,3,17,1,0,0,25
R000894,Chicago,Chicago,9.740930049374043,10,2,5,0,0,0,4
R000895,Southern California,Los Angeles,3.420722923338622,5,1,4,0,0,0,2
R000896,Greater NYC,Fairfield County,1.0,0,0,0,0,0,0,0
R000897,Boston,Boston,3.5353718929852342,2,1,2,0,0,0,2
R000898,Greater NYC,Fairfield County,1.8073414382365325,3,1,2,0,0,0,3
R000899,South Florida,Miami,1.9313892024690793,4,2,4,0,0,0,4
R000900,Boston,Chestnut Hill,5.1804137454759935,6,1,5,0,0,0,3
R000901,Greater NYC,Midtown Manhattan,7.646135071924227,7,3,6,0,0,0,6
R000902,Greater NYC,Uptown Manhattan,14.602466901176602,10,4,7,0,0,0,9
R000903,South Florida,Miami,3.676365791682194,5,1,4,0,0,0,2
R000904,Greater NYC,Lower Manhattan–North Brooklyn,5.006021581976612,8,5,7,0,0,0,5
R000905,Greater NYC,Lower Manhattan–North Brooklyn,4.589903411833534,9,5,8,0,0,0,8
R000906,Southern California,Los Angeles,9.593786771522812,8,2,6,0,0,0,6
R000907,Greater NYC,Lower Manhattan–North Brooklyn,17.312801353491178,13,7,13,0,0,0,10
R000908,Dallas,Dallas,2.9766598310244676,2,1,2,0,0,0,1
R000909,Greater NYC,Uptown Manhattan,17.48384883379541,20,3,14,0,0,0,15
R000910,Greater NYC,Midtown Manhattan,8.701547920004844,8,4,8,0,0,0,7
R000911,Greater NYC,Lower Manhattan–North Brooklyn,10.072071174951642,8,5,7,0,0,0,7
R000912,Boston,Boston,2.775717209610429,3,1,2,0,0,0,2
R000913,Greater NYC,North Jersey,2.7047891215104696,1,1,1,0,0,0,0
R000914,DMV,Montgomery County,45.91920618256493,35,2,10,1,0,0,20
R000915,Greater NYC,Midtown Manhattan,1.838738077905072,3,3,3,0,0,0,1
R000916,Greater NYC,Uptown Manhattan,1.955551673068132,2,1,2,0,0,0,2
R000917,Greater NYC,Lower Manhattan–North Brooklyn,19.189963357849745,17,6,15,0,0,0,14
R000918,Greater NYC,Fairfield County,1.5953687760494235,4,1,3,0,0,0,1
R000919,Greater NYC,Lower Manhattan–North Brooklyn,1.5866831844916662,1,1,1,0,0,0,1
R000920,Greater NYC,Lower Manhattan–North Brooklyn,10.89011939617634,15,6,11,0,0,0,11
R000921,Greater NYC,Midtown Manhattan,3.491779797297941,2,1,2,0,0,0,1
R000922,Chicago,Chicago,1.527888037303533,1,1,1,0,0,0,1
R000923,Seattle,Seattle,18.311255330267095,18,1,8,0,0,0,15
R000924,Greater NYC,Midtown Manhattan,120.31605936210433,101,6,40,2,0,0,69
R000925,DMV,DC–Arlington,24.414439184539955,32,4,15,0,0,0,22
R000926,Greater NYC,Midtown Manhattan,10.709567390521636,10,4,9,0,0,0,10
R000927,Southern California,Los Angeles,1.0,2,2,2,0,0,0,1
R000928,Greater NYC,Uptown Manhattan,5.739532096758077,7,3,7,0,0,0,4
R000929,Greater NYC,Hudson County,1.0,1,1,1,0,0,0,1
R000930,Greater NYC,Lower Manhattan–North Brooklyn,2.3206642187691027,5,3,5,0,0,0,4
R000931,Atlanta,Atlanta,25.526408198084628,34,1,4,3,0,0,25
R000932,Boston,Boston,9.3020083419871,11,2,7,0,0,0,9
R000933,Greater NYC,Lower Manhattan–North Brooklyn,1.4376400167040695,1,1,1,0,0,0,1
R000934,Greater NYC,Lower Manhattan–North Brooklyn,1.0,0,0,0,0,0,0,0
R000935,Greater NYC,Uptown Manhattan,28.78780462495598,36,4,21,0,0,0,31
R000936,Chicago,Chicago,5.761860936953166,7,2,5,0,0,0,4
R000937,Greater NYC,Nassau County,18.719859366239348,14,1,6,0,0,0,13
R000938,Greater NYC,Midtown Manhattan,9.021563741925895,7,4,7,0,0,0,3
R000939,Greater NYC,Uptown Manhattan,1.0,0,0,0,0,0,0,0
R000940,Houston,Houston,8.1721094898251,10,1,8,1,0,0,6
R000941,Greater NYC,Lower Manhattan–North Brooklyn,2.0269102713559537,2,2,2,0,0,0,2
R000942,Chicago,Chicago,2.209858927329016,4,1,3,0,0,0,4
R000943,Boston,Boston,16.02943460585872,21,2,10,0,0,0,14
R000944,Northern California,San Francisco,29.768032609998627,44,3,15,1,0,0,34
R000945,Greater NYC,Midtown Manhattan,12.540236391289774,12,5,11,0,0,0,12
R000946,Southern California,Los Angeles,1.594928007287702,4,3,4,0,0,0,3
R000947,Northern California,San Francisco,30.763624242517043,28,3,15,0,0,0,18
R000948,Greater NYC,Uptown Manhattan,27.405319743113346,19,4,16,0,0,0,17
R000949,Seattle,Seattle,6.505640189608486,4,1,4,0,0,0,3
R000950,Northern California,Silicon Valley,20.296136274089832,14,3,10,0,0,0,11
R000951,DMV,DC–Arlington,6.1510368831187945,7,3,6,0,0,0,6
R000952,Greater NYC,Midtown Manhattan,2.6075825214690576,2,2,2,0,0,0,1
R000953,Philadelphia,Philadelphia,30.585717408880996,27,2,9,0,0,0,21
R000954,Greater NYC,Uptown Manhattan,15.060196891933456,10,2,9,0,0,0,5
R000955,Philadelphia,Main Line,4.824452119230755,1,1,1,0,0,0,1
R000956,DMV,DC–Arlington,1.9925635747491832,1,1,1,0,0,0,1
R000957,Chicago,Chicago,14.287101504844436,16,2,10,0,0,0,14
R000958,Seattle,Seattle,6.134666065211417,5,1,3,0,0,0,3
R000959,Northern California,Silicon Valley,2.5960267390902243,1,1,1,0,0,0,1
R000960,Greater NYC,Midtown Manhattan,6.060269941528109,7,3,5,0,0,0,6
R000961,Greater NYC,Lower Manhattan–North Brooklyn,33.036562434062695,40,7,27,0,0,0,32
R000962,Boston,Chestnut Hill,5.572084780456861,1,1,1,0,0,0,1
R000963,Greater NYC,Lower Manhattan–North Brooklyn,6.85199025281533,11,4,9,0,0,0,8
R000964,Greater NYC,Lower Manhattan–North Brooklyn,6.2831176739303505,4,3,4,0,0,0,2
R000965,Greater NYC,Midtown Manhattan,2.9224844960269083,4,3,4,0,0,0,3
R000966,Seattle,Seattle,1.6210326834410227,0,0,0,0,0,0,0
R000967,Seattle,Seattle,2.7361713778456465,3,1,2,0,0,0,3
R000968,Dallas,Dallas,81.8744582427599,81,1,9,4,2,11,37
R000969,Southern California,Los Angeles,1.0,1,1,1,0,0,0,0
R000970,Southern California,Los Angeles,1.0,4,3,3,0,0,0,3
R000971,Northern California,San Francisco,10.47557118935242,10,2,6,0,0,0,10
R000972,Southern California,Pasadena,23.243966502307945,26,2,13,0,0,0,20
R000973,Greater NYC,Lower Manhattan–North Brooklyn,12.666782905695303,11,5,10,0,0,0,8
R000974,Southern California,Los Angeles,4.566443939481537,2,1,2,0,0,0,0
R000975,Greater NYC,Nassau County,6.6106419503088505,9,1,5,0,0,0,6
R000976,Boston,Chestnut Hill,1.7357173597418678,1,1,1,0,0,0,1
R000977,Philadelphia,Main Line,5.618701466833063,1,1,1,0,0,0,1
R000978,Greater NYC,Lower Manhattan–North Brooklyn,5.874294068977814,9,5,8,0,0,0,9
R000979,Greater NYC,Midtown Manhattan,24.631120385554564,32,7,23,0,0,0,25
R000980,Greater NYC,Lower Manhattan–North Brooklyn,1.0,1,1,1,0,0,0,0
R000981,Boston,Boston,3.722921157706962,4,2,2,0,0,0,2
R000982,Greater NYC,Westchester,14.394227183188418,17,4,13,0,0,0,12
R000983,Greater NYC,Lower Manhattan–North Brooklyn,3.923314206949261,6,5,5,0,0,0,6
R000984,Dallas,Dallas,3.833014209416456,6,1,4,0,0,0,5
R000985,DMV,DC–Arlington,16.588039518570373,25,4,14,0,0,0,21
R000986,Boston,Chestnut Hill,2.4161343316495127,2,1,2,0,0,0,2
R000987,Chicago,Chicago,30.013605626722317,25,2,10,0,0,0,22
R000988,Northern California,Marin County,7.555796351318833,6,2,4,0,0,0,6
R000989,DMV,DC–Arlington,11.904486733254934,11,4,7,0,0,0,7
R000990,Southern California,Los Angeles,7.161265390741819,9,3,7,0,0,0,7
R000991,Philadelphia,Main Line,2.544924570719442,3,1,3,0,0,0,3
R000992,Greater NYC,Lower Manhattan–North Brooklyn,4.9309461978911715,7,4,7,0,0,0,7
R000993,Dallas,Dallas,3.4273294069584597,2,1,2,0,0,0,2
R000994,Greater NYC,Lower Manhattan–North Brooklyn,1.7619593053040177,0,0,0,0,0,0,0
R000995,Philadelphia,Philadelphia,7.391978519714723,9,1,6,0,0,0,7
R000996,Boston,Chestnut Hill,7.339490232461066,7,2,6,0,0,0,4
R000997,Greater NYC,Uptown Manhattan,3.802322040708025,1,1,1,0,0,0,1
R000998,Greater NYC,Uptown Manhattan,1.0,0,0,0,0,0,0,0
R000999,Greater NYC,Lower Manhattan–North Brooklyn,8.935524048050555,6,5,6,0,0,0,4
R001000,Boston,Boston,6.984875638513741,6,2,4,0,0,0,6
R001001,Greater NYC,Lower Manhattan–North Brooklyn,2.52451337352532,1,1,1,0,0,0,0
R001002,Chicago,Chicago,1.1378284688846396,3,1,2,0,0,0,2
R001003,Greater NYC,Uptown Manhattan,51.542587745352414,46,4,23,0,0,0,34
R001004,Greater NYC,Fairfield County,19.198155773232376,20,2,11,0,0,0,12
R001005,Houston,Houston,6.5343793035855064,4,1,4,0,0,0,2
R001006,Greater NYC,Uptown Manhattan,4.733636102979927,4,3,4,0,0,0,3
R001007,Greater NYC,Midtown Manhattan,16.669765113147403,12,4,9,0,0,0,9
R001008,Northern California,Marin County,6.833732419267626,5,2,5,0,0,0,3
R001009,Philadelphia,Philadelphia,2.1027683572348943,2,1,2,0,0,0,2
R001010,Chicago,Chicago,2.076700999396476,5,2,4,0,0,0,3
R001011,Greater NYC,Uptown Manhattan,1.4772882059675023,1,1,1,0,0,0,1
R001012,Philadelphia,Main Line,7.378596755148609,5,2,4,0,0,0,5
R001013,Greater NYC,Fairfield County,1.837158254461687,0,0,0,0,0,0,0
R001014,Southern California,Los Angeles,1.0,1,1,1,0,0,0,1
R001015,Greater NYC,Midtown Manhattan,1.4785046342363584,1,1,1,0,0,0,1
R001016,Northern California,San Francisco,1.0,2,1,2,0,0,0,2
R001017,Greater NYC,Midtown Manhattan,11.73547136971402,11,5,10,0,0,0,9
R001018,Greater NYC,Lower Manhattan–North Brooklyn,12.075678050318745,9,4,9,0,0,0,9
R001019,Houston,Houston,16.89879479543468,16,1,7,0,0,0,6
R001020,Greater NYC,Uptown Manhattan,9.545945709103869,4,2,4,0,0,0,4
R001021,Southern California,Los Angeles,2.5368549621220335,1,1,1,0,0,0,1
R001022,Southern California,Los Angeles,2.8252023796215733,4,3,3,0,0,0,3
R001023,Boston,Boston,1.6521134463327936,3,2,3,0,0,0,2
R001024,Chicago,Chicago,2.1594290522830573,3,1,3,0,0,0,2
R001025,Northern California,San Francisco,6.624978584255163,10,3,8,0,0,0,8
R001026,Southern California,Los Angeles,2.8540745454706684,8,4,6,0,0,0,6
R001027,Greater NYC,Fairfield County,1.0,0,0,0,0,0,0,0
R001028,DMV,Montgomery County,18.64669974513526,16,3,13,0,0,0,11
R001029,Northern California,Silicon Valley,2.037301915920407,2,1,2,0,0,0,2
R001030,Boston,Chestnut Hill,1.0,2,1,2,0,0,0,2
R001031,Greater NYC,Midtown Manhattan,8.53260359956385,10,4,7,0,0,0,9
R001032,Boston,Chestnut Hill,1.0,2,1,2,0,0,0,2
R001033,Greater NYC,Lower Manhattan–North Brooklyn,10.174990499334616,9,6,9,0,0,0,8
R001034,Greater NYC,Lower Manhattan–North Brooklyn,4.868764919332238,8,5,7,0,0,0,7
R001035,Philadelphia,Philadelphia,6.814274307165216,6,1,4,0,0,0,5
R001036,DMV,DC–Arlington,1.0,1,1,1,0,0,0,1
R001037,Greater NYC,North Jersey,5.442344148226433,4,1,4,0,0,0,3
R001038,DMV,DC–Arlington,2.9792288129257214,1,1,1,0,0,0,0
R001039,Greater NYC,Midtown Manhattan,2.566757263670795,4,3,3,0,0,0,4
R001040,South Florida,Miami,3.5378197978068093,6,2,5,0,0,0,4
R001041,Boston,Chestnut Hill,1.042648977482946,1,1,1,0,0,0,0
R001042,Greater NYC,Lower Manhattan–North Brooklyn,9.229679037222178,5,2,4,0,0,0,3
R001043,Northern California,San Francisco,23.83955209337923,16,2,9,0,0,0,8
R001044,South Florida,Miami,2.65269910660596,7,2,3,0,0,0,5
R001045,Greater NYC,Lower Manhattan–North Brooklyn,1.1730449293385643,0,0,0,0,0,0,0
R001046,Greater NYC,Nassau County,21.248631212412963,21,4,14,0,0,0,18
R001047,Southern California,Los Angeles,1.0042434563032656,3,3,3,0,0,0,1
R001048,Chicago,Chicago,18.78893022745235,17,2,7,0,0,0,11
R001049,Greater NYC,Lower Manhattan–North Brooklyn,1.0,0,0,0,0,0,0,0
R001050,Southern California,Los Angeles,1.0,3,2,3,0,0,0,2
R001051,Greater NYC,Uptown Manhattan,39.75750008502193,33,6,22,0,0,0,28
R001052,Greater NYC,Hudson County,1.9210095812794972,0,0,0,0,0,0,0
R001053,Southern California,Los Angeles,2.5892674000083273,2,2,2,0,0,0,1
R001054,DMV,DC–Arlington,21.801215760509425,22,3,13,0,0,0,15
R001055,Greater NYC,Midtown Manhattan,63.53780790082934,57,4,24,1,0,0,46
R001056,Greater NYC,Westchester,1.5432976366350502,2,1,2,0,0,0,1
R001057,Northern California,San Francisco,8.74423775847841,10,2,6,0,0,0,7
R001058,Greater NYC,Lower Manhattan–North Brooklyn,5.2310538637670465,9,5,7,0,0,0,5
R001059,Greater NYC,Uptown Manhattan,181.6662598779344,188,6,38,6,0,0,123
R001060,Greater NYC,Hudson County,2.4824645039619577,2,2,2,0,0,0,2
R001061,Greater NYC,Lower Manhattan–North Brooklyn,15.14146983155794,13,6,13,0,0,0,11
R001062,Southern California,Pasadena,2.081145091228352,2,1,2,0,0,0,1
R001063,DMV,DC–Arlington,23.62755088157852,20,4,11,0,0,0,15
R001064,Greater NYC,Uptown Manhattan,8.194480005335963,12,6,9,0,0,0,12
R001065,Greater NYC,Uptown Manhattan,3.810952983755178,5,3,4,0,0,0,4
R001066,Greater NYC,Fairfield County,33.51486078821161,34,2,13,0,0,0,25
R001067,DMV,Montgomery County,4.278879489819072,1,1,1,0,0,0,1
R001068,Greater NYC,Midtown Manhattan,1.617300356567954,3,2,3,0,0,0,3
R001069,Chicago,Chicago,200.0,200,2,13,14,1,19,97
R001070,Greater NYC,Lower Manhattan–North Brooklyn,40.4441531181016,30,6,18,0,0,0,25
R001071,Northern California,Marin County,4.732285663263294,8,1,4,0,0,0,8
R001072,DMV,DC–Arlington,1.3012511324723626,2,2,2,0,0,0,2
R001073,Boston,Chestnut Hill,11.564441780159846,7,2,6,0,0,0,6
R001074,Greater NYC,Westchester,1.0,2,1,2,0,0,0,2
R001075,DMV,DC–Arlington,5.162596538889787,4,2,4,0,0,0,3
R001076,Chicago,Chicago,9.665484561629318,10,2,7,0,0,0,8
R001077,Greater NYC,Fairfield County,1.689816398370013,3,2,3,0,0,0,3
R001078,Seattle,Seattle,5.276196541826408,2,1,2,0,0,0,2
R001079,Greater NYC,Uptown Manhattan,1.5133283892833538,1,1,1,0,0,0,1
R001080,Greater NYC,Lower Manhattan–North Brooklyn,6.011473123465336,4,3,4,0,0,0,3
R001081,DMV,DC–Arlington,36.0522296027462,36,4,16,0,0,0,26
R001082,Northern California,San Francisco,9.89466655219318,14,3,10,0,0,0,11
R001083,Boston,Boston,11.944639426456453,8,2,6,0,0,0,6
R001084,Greater NYC,Lower Manhattan–North Brooklyn,3.312763525419951,6,3,6,0,0,0,4
R001085,Dallas,Dallas,14.404932476845511,13,1,8,0,0,0,10
R001086,Boston,Chestnut Hill,9.880032695047966,7,2,6,0,0,0,3
R001087,Chicago,Chicago,1.2454020663308238,2,2,2,0,0,0,0
R001088,Greater NYC,Lower Manhattan–North Brooklyn,3.277686883203436,5,3,5,0,0,0,5
R001089,Chicago,Chicago,4.347194046823654,0,0,0,0,0,0,0
R001090,Boston,Chestnut Hill,2.926467242383782,5,1,3,0,0,0,4
R001091,Greater NYC,Hudson County,8.663767775555405,7,1,4,0,0,0,4
R001092,Greater NYC,Hudson County,3.5908941345340084,2,1,2,0,0,0,1
R001093,Greater NYC,Nassau County,36.848296331536105,42,2,14,0,0,0,29
R001094,Boston,Boston,8.454460462352761,8,2,4,0,0,0,6
R001095,Southern California,Los Angeles,3.8587765634688145,8,2,5,0,0,0,6
R001096,Greater NYC,Westchester,4.384517809184418,4,2,4,0,0,0,0
R001097,Greater NYC,Lower Manhattan–North Brooklyn,5.10869280914554,5,3,4,0,0,0,5
R001098,Southern California,Los Angeles,18.278940484042465,25,4,15,0,0,0,15
R001099,Greater NYC,Midtown Manhattan,9.781648522521788,6,2,6,0,0,0,6
R001100,Greater NYC,Uptown Manhattan,4.02307440842572,4,2,4,0,0,0,3
R001101,South Florida,Miami,17.02636128144164,11,2,4,0,0,0,8
R001102,Greater NYC,Uptown Manhattan,8.845529216335287,6,5,6,0,0,0,4
R001103,Greater NYC,Midtown Manhattan,2.1598977908793326,1,1,1,0,0,0,1
R001104,South Florida,Miami,31.210050463459307,26,2,7,0,0,0,21
R001105,Greater NYC,North Jersey,19.58794763578952,21,1,9,1,0,0,16
R001106,Greater NYC,Fairfield County,22.830665380992247,18,2,12,0,0,0,14
R001107,DMV,DC–Arlington,1.0,1,1,1,0,0,0,0
R001108,Greater NYC,Midtown Manhattan,1.0,0,0,0,0,0,0,0
R001109,Greater NYC,Nassau County,38.70432205123142,50,2,25,0,0,0,38
R001110,Greater NYC,Fairfield County,1.0,1,1,1,0,0,0,1
R001111,DMV,DC–Arlington,1.0,1,1,1,0,0,0,0
R001112,Greater NYC,Hudson County,11.125834234104454,6,1,4,0,0,0,2
R001113,Greater NYC,Uptown Manhattan,2.156188222718253,2,1,2,0,0,0,1
R001114,Chicago,Chicago,1.6687651316076353,0,0,0,0,0,0,0
R001115,Greater NYC,Uptown Manhattan,5.0535900667486695,3,2,3,0,0,0,3
R001116,Southern California,Los Angeles,20.625441264804824,25,3,12,0,0,0,18
R001117,DMV,DC–Arlington,1.0,2,1,2,0,0,0,1
R001118,Southern California,Los Angeles,2.4178271390794297,4,2,3,0,0,0,3
R001119,Greater NYC,Fairfield County,19.11291818735066,11,2,5,0,0,0,7
R001120,Southern California,Los Angeles,57.52012644822869,61,4,19,0,0,0,28
R001121,Greater NYC,Uptown Manhattan,2.067014436815888,3,1,3,0,0,0,3
R001122,DMV,Montgomery County,6.142828441360838,9,2,8,0,0,0,5
R001123,DMV,Montgomery County,7.211779207836337,6,1,6,0,0,0,4
R001124,Greater NYC,Lower Manhattan–North Brooklyn,8.867391910305356,8,4,7,0,0,0,6
R001125,Greater NYC,Lower Manhattan–North Brooklyn,2.916085492026393,1,1,1,0,0,0,1
R001126,Greater NYC,Lower Manhattan–North Brooklyn,2.600313600457738,1,1,1,0,0,0,1
R001127,Chicago,Chicago,1.0,4,1,4,0,0,0,4
R001128,Ann Arbor,Ann Arbor,7.087689306561886,8,1,2,0,0,0,7
R001129,Greater NYC,Uptown Manhattan,5.485135390033599,4,1,4,0,0,0,3
R001130,Greater NYC,Lower Manhattan–North Brooklyn,22.97408084950509,19,6,15,0,0,0,19
R001131,Southern California,Los Angeles,11.606931957583592,10,4,7,0,0,0,7
R001132,South Florida,Miami,81.04938448775367,89,2,7,3,0,0,51
R001133,Southern California,Pasadena,3.4251743294397983,5,1,4,0,0,0,4
R001134,Philadelphia,Main Line,1.0878253710809218,0,0,0,0,0,0,0
R001135,Greater NYC,Midtown Manhattan,3.817857649092205,5,3,4,0,0,0,4
R001136,Boston,Chestnut Hill,16.741736236426608,17,2,9,0,0,0,12
R001137,Greater NYC,Midtown Manhattan,1.0,1,1,1,0,0,0,1
R001138,Greater NYC,Lower Manhattan–North Brooklyn,11.892423479564798,13,5,11,0,0,0,12
R001139,Southern California,Pasadena,13.90166515819612,10,1,7,0,0,0,4
R001140,Greater NYC,Fairfield County,14.26481677378488,17,3,11,1,0,0,10
R001141,Greater NYC,Uptown Manhattan,18.720391966856976,22,3,13,0,0,0,15
R001142,Boston,Boston,2.2889942840291733,1,1,1,0,0,0,0
R001143,Ann Arbor,Ann Arbor,4.4347190811165484,3,1,3,0,0,0,1
R001144,DMV,DC–Arlington,1.2437860201238082,1,1,1,0,0,0,0
R001145,Greater NYC,Midtown Manhattan,4.496182647247667,3,3,3,0,0,0,2
R001146,Dallas,Dallas,19.37149368895825,15,1,7,0,0,0,8
R001147,Southern California,Los Angeles,7.814142592216572,4,2,4,0,0,0,1
R001148,Greater NYC,Westchester,48.678058350417686,54,5,32,0,0,0,40
R001149,Greater NYC,Lower Manhattan–North Brooklyn,146.52329266422825,137,11,49,1,0,0,100
R001150,Northern California,San Francisco,2.4630019544802675,2,2,2,0,0,0,1
R001151,Greater NYC,Uptown Manhattan,41.64813333984744,38,4,21,0,0,0,35
R001152,Seattle,Seattle,20.464066637511714,7,1,5,0,0,0,6
R001153,Greater NYC,Midtown Manhattan,1.85612053983006,1,1,1,0,0,0,1
R001154,Greater NYC,Lower Manhattan–North Brooklyn,1.2691953240244775,1,1,1,0,0,0,0
R001155,Greater NYC,Uptown Manhattan,2.147468436850212,2,2,2,0,0,0,2
R001156,Greater NYC,Uptown Manhattan,34.016435098419464,34,6,22,0,0,0,30
R001157,Boston,Boston,2.5344564285240274,5,1,4,0,0,0,5
R001158,Greater NYC,Uptown Manhattan,1.7291234335043408,0,0,0,0,0,0,0
R001159,Greater NYC,Fairfield County,10.249921432196096,12,4,9,0,0,0,9
R001160,Greater NYC,Midtown Manhattan,141.27101401464924,148,10,40,5,1,9,86
R001161,South Florida,Miami,20.876500079800532,23,2,6,0,0,0,16
R001162,Southern California,Pasadena,10.942003931236153,8,2,7,0,0,0,5
R001163,Northern California,Marin County,8.58956034321106,7,1,5,0,0,0,5
R001164,Greater NYC,North Jersey,7.142194140568669,6,2,5,0,0,0,4
R001165,Philadelphia,Main Line,12.113323264508786,16,2,8,0,0,0,11
R001166,Northern California,San Francisco,1.979244952956124,0,0,0,0,0,0,0
R001167,Greater NYC,Lower Manhattan–North Brooklyn,8.561665987797646,8,6,7,0,0,0,7
R001168,Greater NYC,Nassau County,45.54349388900074,36,3,25,0,0,0,26
R001169,Greater NYC,Midtown Manhattan,5.9977941384609155,5,3,5,0,0,0,3
R001170,Greater NYC,Lower Manhattan–North Brooklyn,6.142106220646229,8,4,7,0,0,0,7
R001171,DMV,DC–Arlington,8.946591802665582,4,3,4,0,0,0,3
R001172,Greater NYC,Uptown Manhattan,6.604001598464247,10,2,8,0,0,0,8
R001173,Philadelphia,Philadelphia,4.65542140785626,7,2,5,0,0,0,6
R001174,Greater NYC,Lower Manhattan–North Brooklyn,9.722856206842442,16,6,13,0,0,0,11
R001175,Northern California,San Francisco,7.550162936299044,12,2,9,0,0,0,8
R001176,Greater NYC,Lower Manhattan–North Brooklyn,18.27613722740502,16,5,15,0,0,0,16
R001177,Greater NYC,Midtown Manhattan,13.317339439138214,15,5,15,0,0,0,11
R001178,Greater NYC,Lower Manhattan–North Brooklyn,6.354262037082438,8,4,7,0,0,0,8
R001179,Greater NYC,Midtown Manhattan,5.676386833763825,6,3,5,0,0,0,3
R001180,Chicago,Chicago,5.909999092765314,5,2,3,0,0,0,3
R001181,DMV,DC–Arlington,1.0,2,2,2,0,0,0,2
R001182,Chicago,Chicago,53.25506610790565,47,2,12,0,0,0,36
R001183,DMV,DC–Arlington,3.2351694289465147,0,0,0,0,0,0,0
R001184,Dallas,Dallas,23.390545812032386,16,1,8,1,0,0,10
R001185,DMV,DC–Arlington,10.43218716768442,11,4,10,0,0,0,5
R001186,Greater NYC,Uptown Manhattan,3.7463043891230736,2,2,2,0,0,0,2
R001187,Greater NYC,Midtown Manhattan,1.6894769993962355,1,1,1,0,0,0,1
R001188,Greater NYC,Uptown Manhattan,7.777050570081531,6,4,5,0,0,0,4
R001189,Northern California,San Francisco,15.055022283213397,14,2,8,0,0,0,11
R001190,Southern California,Los Angeles,6.444266565317726,10,3,9,0,0,0,6
R001191,Houston,Houston,32.07973968157026,19,1,9,0,0,0,10
R001192,South Florida,Miami,2.417829451494783,0,0,0,0,0,0,0
R001193,Greater NYC,Lower Manhattan–North Brooklyn,5.7466425252706514,7,4,7,0,0,0,6
R001194,Greater NYC,Midtown Manhattan,10.426846602643389,6,3,6,0,0,0,5
R001195,Greater NYC,Uptown Manhattan,3.168734083334565,6,4,6,0,0,0,4
R001196,Greater NYC,Uptown Manhattan,3.599172591429419,5,3,4,0,0,0,5
R001197,Greater NYC,Nassau County,1.0,1,1,1,0,0,0,1
R001198,Greater NYC,Lower Manhattan–North Brooklyn,1.0,2,1,2,0,0,0,2
R001199,Boston,Chestnut Hill,2.324380847293247,4,1,3,0,0,0,3
R001200,Northern California,San Francisco,6.544482202510446,8,2,7,0,0,0,7
R001201,Greater NYC,Uptown Manhattan,6.566263133585337,8,3,7,0,0,0,6
R001202,Greater NYC,Hudson County,29.802134814092057,25,1,11,0,0,0,12
R001203,DMV,DC–Arlington,1.3561098344452098,1,1,1,0,0,0,1
R001204,Greater NYC,Fairfield County,1.7014094253480774,2,1,2,0,0,0,2
R001205,Boston,Boston,8.028634666485983,7,3,7,0,0,0,6
R001206,Houston,Houston,3.730267443666759,2,1,2,0,0,0,1
R001207,Northern California,San Francisco,7.910897447607866,9,2,7,0,0,0,7
R001208,Greater NYC,Lower Manhattan–North Brooklyn,8.696262336788639,7,5,6,0,0,0,5
R001209,South Florida,Miami,7.02971942952501,5,2,2,0,0,0,3
R001210,Southern California,Los Angeles,2.9576757594368335,1,1,1,0,0,0,1
R001211,Greater NYC,Nassau County,6.805339082157883,8,2,7,0,0,0,7
R001212,Greater NYC,Uptown Manhattan,9.116948026896932,12,4,10,0,0,0,10
R001213,Greater NYC,Midtown Manhattan,3.069341873499095,5,2,4,0,0,0,5
R001214,Greater NYC,Uptown Manhattan,3.69662062635021,4,3,4,0,0,0,2
R001215,Northern California,Silicon Valley,52.982872285714976,64,3,22,1,0,0,44
R001216,Houston,Houston,4.616977912686432,6,1,4,0,0,0,3
R001217,Philadelphia,Philadelphia,6.10370165854908,4,1,4,0,0,0,4
R001218,Northern California,Marin County,3.990553998523992,6,1,3,0,0,0,5
R001219,Greater NYC,Lower Manhattan–North Brooklyn,4.870323182697109,7,4,7,0,0,0,6
R001220,Ann Arbor,Ann Arbor,1.0,2,1,2,0,0,0,2
R001221,Greater NYC,Lower Manhattan–North Brooklyn,10.232639777151638,12,7,11,0,0,0,11
R001222,Philadelphia,Main Line,25.712604651917932,17,1,6,0,0,0,9
R001223,Greater NYC,Lower Manhattan–North Brooklyn,4.830534205762242,7,4,7,0,0,0,6
R001224,Ann Arbor,Ann Arbor,6.9494505820029335,6,1,3,0,0,0,3
R001225,Chicago,Chicago,4.99328460071083,6,2,5,0,0,0,6
R001226,Greater NYC,Uptown Manhattan,4.6992422278146915,7,3,5,0,0,0,5
R001227,Greater NYC,Uptown Manhattan,1.4303522464491625,5,2,5,0,0,0,5
R001228,Greater NYC,Lower Manhattan–North Brooklyn,1.0,3,2,3,0,0,0,3
R001229,Greater NYC,Uptown Manhattan,10.058211047330063,8,3,7,0,0,0,8
R001230,Greater NYC,Uptown Manhattan,6.494859916442857,5,3,5,0,0,0,5
R001231,Greater NYC,Lower Manhattan–North Brooklyn,12.94913501241,11,5,7,0,0,0,8
R001232,Greater NYC,Lower Manhattan–North Brooklyn,3.120741397604958,4,3,4,0,0,0,4
R001233,Greater NYC,Lower Manhattan–North Brooklyn,20.800078035841885,18,7,15,0,0,0,15
R001234,Greater NYC,Lower Manhattan–North Brooklyn,2.0143481396253025,2,2,2,0,0,0,2
R001235,DMV,DC–Arlington,3.511920462923316,1,1,1,0,0,0,1
R001236,Northern California,San Francisco,15.9111649880886,18,3,13,0,0,0,15
R001237,Philadelphia,Main Line,9.52385092003786,7,1,5,0,0,0,6
R001238,Boston,Chestnut Hill,15.718395172378964,21,2,11,0,0,0,15
R001239,Greater NYC,Lower Manhattan–North Brooklyn,32.09315489808826,27,4,22,0,0,0,22
R001240,South Florida,Miami,57.64502312300823,57,2,7,0,0,0,42
R001241,Greater NYC,Fairfield County,7.522446656882868,5,2,3,0,0,0,2
R001242,Greater NYC,Midtown Manhattan,10.850391318530011,8,4,8,0,0,0,6
R001243,Greater NYC,Midtown Manhattan,1.0799568147220648,1,1,1,0,0,0,0
R001244,Greater NYC,Uptown Manhattan,13.491284271810107,18,3,13,0,0,0,10
R001245,DMV,DC–Arlington,1.0,0,0,0,0,0,0,0
R001246,Ann Arbor,Ann Arbor,15.068935703989434,12,1,3,1,0,0,9
R001247,Greater NYC,Westchester,2.717270152093199,4,1,4,0,0,0,3
R001248,Greater NYC,Hudson County,1.270808099181142,1,1,1,0,0,0,1
R001249,Greater NYC,Lower Manhattan–North Brooklyn,1.0,0,0,0,0,0,0,0
R001250,Greater NYC,Fairfield County,2.982284263201026,2,1,2,0,0,0,2
R001251,Northern California,San Francisco,2.253307139157425,1,1,1,0,0,0,1
R001252,Greater NYC,Midtown Manhattan,1.0,0,0,0,0,0,0,0
R001253,Greater NYC,Uptown Manhattan,4.240113886671543,8,3,7,0,0,0,5
R001254,Greater NYC,Lower Manhattan–North Brooklyn,5.066710989412851,7,4,7,0,0,0,7
R001255,Austin,Austin,19.76558705641387,21,1,6,1,0,0,15
R001256,Southern California,Los Angeles,15.510041290022436,8,2,7,0,0,0,5
R001257,Northern California,Marin County,2.147209887728791,3,1,3,0,0,0,3
R001258,Greater NYC,Uptown Manhattan,4.303785590731286,6,4,6,0,0,0,6
R001259,Northern California,San Francisco,8.35490130722282,3,2,3,0,0,0,2
R001260,Southern California,Los Angeles,4.311307193886929,2,2,2,0,0,0,2
R001261,Greater NYC,Midtown Manhattan,2.661103344701491,3,2,3,0,0,0,3
R001262,Greater NYC,Midtown Manhattan,1.0,2,2,2,0,0,0,1
R001263,Southern California,Los Angeles,1.0,1,1,1,0,0,0,0
R001264,Greater NYC,Lower Manhattan–North Brooklyn,22.98837220822071,26,7,21,0,0,0,20
R001265,South Florida,Miami,4.366018349471204,8,2,3,0,0,0,6
R001266,Greater NYC,Lower Manhattan–North Brooklyn,1.0,1,1,1,0,0,0,0
R001267,Boston,Boston,5.560717123073813,7,2,5,0,0,0,4
R001268,Boston,Boston,3.932660264243331,3,1,3,0,0,0,3
R001269,Greater NYC,Fairfield County,1.0,1,1,1,0,0,0,1
R001270,Southern California,Los Angeles,9.048405614748994,8,3,6,0,0,0,4
R001271,Greater NYC,Uptown Manhattan,4.0880345708520185,6,3,6,0,0,0,4
R001272,Northern California,Silicon Valley,12.573080600649265,19,2,9,0,0,0,11
R001273,Northern California,San Francisco,5.986252026257464,5,2,4,0,0,0,5
R001274,Northern California,San Francisco,22.81298128502742,28,4,15,0,0,0,23
R001275,Philadelphia,Philadelphia,1.0,1,1,1,0,0,0,1
R001276,Southern California,Los Angeles,1.0,0,0,0,0,0,0,0
R001277,Philadelphia,Main Line,15.615527124794836,20,1,6,0,0,0,14
R001278,Greater NYC,Midtown Manhattan,20.53900500503722,22,4,17,0,0,0,18
R001279,Greater NYC,Uptown Manhattan,1.3391150146216038,1,1,1,0,0,0,1
R001280,DMV,DC–Arlington,3.626089246830528,4,3,4,0,0,0,3
R001281,Greater NYC,Midtown Manhattan,5.505553937648826,5,2,5,0,0,0,4
R001282,Greater NYC,Lower Manhattan–North Brooklyn,74.57025254362325,66,8,37,0,0,0,55
R001283,Greater NYC,Lower Manhattan–North Brooklyn,2.5917401674317446,2,2,2,0,0,0,1
R001284,Greater NYC,Westchester,55.77509546416469,47,2,14,1,0,0,30
R001285,Austin,Austin,1.865342065095949,1,1,1,0,0,0,1
R001286,DMV,DC–Arlington,4.970688253621957,9,3,7,0,0,0,5
R001287,Greater NYC,Midtown Manhattan,1.0,2,1,2,0,0,0,1
R001288,Northern California,San Francisco,1.2072587189679196,1,1,1,0,0,0,1
R001289,Ann Arbor,Ann Arbor,2.872171703003662,2,1,2,0,0,0,0
R001290,Greater NYC,Westchester,9.717195857727097,11,2,7,0,0,0,8
R001291,Greater NYC,Lower Manhattan–North Brooklyn,9.405340083579588,8,5,8,0,0,0,7
R001292,Southern California,Pasadena,1.982001058167565,4,2,3,0,0,0,2
R001293,Greater NYC,Westchester,33.76808943631911,27,4,19,0,0,0,20
R001294,Philadelphia,Main Line,3.7111634065827017,3,1,3,0,0,0,3
R001295,Northern California,San Francisco,9.853596089325002,6,2,5,0,0,0,4
R001296,Ann Arbor,Ann Arbor,2.251705442984117,2,1,1,0,0,0,2
R001297,Greater NYC,Lower Manhattan–North Brooklyn,1.0,0,0,0,0,0,0,0
R001298,Northern California,San Francisco,2.426229752576699,3,1,3,0,0,0,3
R001299,Greater NYC,Lower Manhattan–North Brooklyn,18.13166047775183,13,4,12,0,0,0,10
R001300,Chicago,Chicago,1.0,3,2,2,0,0,0,3
R001301,Seattle,Seattle,1.449318437639048,1,1,1,0,0,0,1
R001302,Southern California,Los Angeles,37.70502343960094,31,4,16,0,0,0,16
R001303,Greater NYC,Nassau County,1.331408851942878,2,1,2,0,0,0,1
R001304,Greater NYC,Nassau County,3.50477146128306,3,1,3,0,0,0,1
R001305,Philadelphia,Main Line,16.854932883621995,22,2,7,0,0,0,14
R001306,Austin,Austin,7.1789689753465,10,1,5,0,0,0,9
R001307,Greater NYC,Uptown Manhattan,4.914623570868577,7,4,7,0,0,0,7
R001308,Austin,Austin,2.1877547179471217,1,1,1,0,0,0,1
R001309,Greater NYC,Midtown Manhattan,7.293672833132962,3,3,3,0,0,0,3
R001310,Greater NYC,Fairfield County,5.343275108198471,6,3,5,0,0,0,4
R001311,Southern California,Pasadena,28.584107796990224,23,2,12,0,0,0,14
R001312,Greater NYC,Lower Manhattan–North Brooklyn,137.17020831407973,147,7,52,1,0,0,114
R001313,Boston,Boston,3.358500080933505,4,2,4,0,0,0,4
R001314,Greater NYC,Midtown Manhattan,10.69289703165045,7,4,7,0,0,0,6
R001315,Greater NYC,Uptown Manhattan,1.7068487232527336,2,1,2,0,0,0,1
R001316,Greater NYC,Uptown Manhattan,3.297839226868418,0,0,0,0,0,0,0
R001317,Greater NYC,Nassau County,62.31224966841349,46,3,14,2,0,0,29
R001318,Southern California,Los Angeles,13.43476325679427,10,3,9,0,0,0,8
R001319,Ann Arbor,Ann Arbor,7.678925155753344,6,1,2,0,0,0,6
R001320,Northern California,San Francisco,3.596452975164869,3,1,3,0,0,0,2
R001321,Greater NYC,Uptown Manhattan,6.532548069760225,3,3,3,0,0,0,3
R001322,Greater NYC,Uptown Manhattan,1.0,1,1,1,0,0,0,1
R001323,Seattle,Seattle,27.499913771967567,39,1,8,0,0,0,28
R001324,Southern California,Los Angeles,5.624683979126209,6,3,5,0,0,0,5
R001325,Ann Arbor,Ann Arbor,8.239612516838433,5,1,3,0,0,0,4
R001326,Greater NYC,Lower Manhattan–North Brooklyn,7.019584619413465,5,3,5,0,0,0,4
R001327,Greater NYC,Uptown Manhattan,6.591062987948194,3,3,3,0,0,0,2
R001328,Greater NYC,Uptown Manhattan,2.5537828783215257,0,0,0,0,0,0,0
R001329,Greater NYC,Lower Manhattan–North Brooklyn,13.348698463118112,8,4,7,0,0,0,8
R001330,DMV,DC–Arlington,12.04028504150442,13,2,11,0,0,0,10
R001331,Boston,Boston,14.117627297376842,12,2,8,0,0,0,7
R001332,Greater NYC,Uptown Manhattan,5.85672807215819,6,3,4,0,0,0,6
R001333,Boston,Chestnut Hill,6.320404803496166,7,2,5,0,0,0,6
R001334,Greater NYC,Midtown Manhattan,1.0,0,0,0,0,0,0,0
R001335,Ann Arbor,Ann Arbor,4.522072697528872,6,1,2,0,0,0,5
R001336,Southern California,Los Angeles,13.335283330419845,12,4,8,0,0,0,8
R001337,Greater NYC,Hudson County,70.90010020417886,83,5,29,1,0,0,65
R001338,Southern California,Los Angeles,3.4669254352602836,5,3,4,0,0,0,2
R001339,Boston,Boston,1.2520496585825769,3,1,3,0,0,0,3
R001340,Greater NYC,Uptown Manhattan,8.585907045237914,10,3,9,0,0,0,8
R001341,DMV,DC–Arlington,10.712211999464044,11,3,9,0,0,0,8
R001342,Southern California,Pasadena,20.22651778960576,17,1,7,0,0,0,10
R001343,Greater NYC,Uptown Manhattan,3.471040533177864,2,1,1,0,0,0,1
R001344,Greater NYC,Lower Manhattan–North Brooklyn,7.068780588128742,4,2,3,0,0,0,2
R001345,Philadelphia,Philadelphia,4.212203335825781,6,2,3,0,0,0,4
R001346,Greater NYC,Uptown Manhattan,2.9716922523614513,5,3,5,0,0,0,4
R001347,Boston,Boston,9.54422063889451,11,2,7,0,0,0,4
R001348,Greater NYC,Lower Manhattan–North Brooklyn,2.267283928140909,4,3,4,0,0,0,4
R001349,Philadelphia,Main Line,5.028490392660278,5,2,4,0,0,0,5
R001350,Northern California,San Francisco,7.750287120847782,7,3,7,0,0,0,6
R001351,Greater NYC,Lower Manhattan–North Brooklyn,3.53066053850772,5,3,4,0,0,0,2
R001352,Southern California,Los Angeles,9.80092415804763,8,2,5,0,0,0,6
R001353,Philadelphia,Main Line,16.744077874945493,14,2,7,0,0,0,9
R001354,Greater NYC,Lower Manhattan–North Brooklyn,9.261404110489613,7,3,7,0,0,0,7
R001355,Greater NYC,Midtown Manhattan,1.0,1,1,1,0,0,0,1
R001356,DMV,DC–Arlington,1.3143851870761758,1,1,1,0,0,0,1
R001357,Greater NYC,Midtown Manhattan,20.869904951355505,19,3,16,0,0,0,14
R001358,Greater NYC,Lower Manhattan–North Brooklyn,15.496475166932155,14,4,13,0,0,0,13
R001359,Greater NYC,Westchester,2.0408438628411902,4,2,4,0,0,0,3
R001360,Northern California,Silicon Valley,51.484473324837865,64,2,17,1,0,0,38
R001361,Greater NYC,Uptown Manhattan,3.2498918834418133,2,1,2,0,0,0,2
R001362,Ann Arbor,Ann Arbor,24.484827274690467,26,1,3,0,0,0,17
R001363,Greater NYC,Uptown Manhattan,13.543034293245526,8,3,6,0,0,0,8
R001364,Chicago,Chicago,3.5427297164459075,7,2,4,0,0,0,6
R001365,Greater NYC,Uptown Manhattan,11.723853692938576,14,3,14,0,0,0,12
R001366,Philadelphia,Main Line,3.091973441724814,5,2,5,0,0,0,4
R001367,Philadelphia,Philadelphia,49.86996840238408,56,2,9,0,0,0,36
R001368,Greater NYC,Lower Manhattan–North Brooklyn,17.709586630824646,26,5,19,0,0,0,25
R001369,Atlanta,Atlanta,15.817985488655731,15,1,4,0,0,0,12
R001370,Greater NYC,Lower Manhattan–North Brooklyn,8.49603003212884,11,7,9,0,0,0,8
R001371,Philadelphia,Philadelphia,46.91428004580338,44,2,8,1,0,0,29
R001372,Northern California,San Francisco,10.5451758766335,9,1,8,0,0,0,6
R001373,Greater NYC,Uptown Manhattan,9.645436587956848,10,3,9,0,0,0,7
R001374,Greater NYC,Hudson County,8.125157701479623,7,2,7,0,0,0,5
R001375,Greater NYC,Fairfield County,12.68501823857222,15,4,8,0,0,0,9
R001376,Greater NYC,Uptown Manhattan,2.6887027534762806,5,3,5,0,0,0,3
R001377,Greater NYC,Uptown Manhattan,18.491847275643288,20,3,14,0,0,0,15
R001378,Boston,Chestnut Hill,10.066917545553814,5,1,5,0,0,0,5
R001379,Boston,Chestnut Hill,7.224382702931616,9,2,8,0,0,0,5
R001380,Greater NYC,Lower Manhattan–North Brooklyn,2.416537815564292,2,2,2,0,0,0,2
R001381,Boston,Boston,4.431590487266434,7,1,5,0,0,0,6
R001382,Greater NYC,Lower Manhattan–North Brooklyn,4.897651536380905,4,2,4,0,0,0,3
R001383,Greater NYC,Lower Manhattan–North Brooklyn,5.299486275743049,10,5,9,0,0,0,9
R001384,DMV,DC–Arlington,55.12902597423617,44,3,17,0,0,0,32
R001385,Greater NYC,Lower Manhattan–North Brooklyn,1.0,2,2,2,0,0,0,1
R001386,South Florida,Miami,1.0,3,2,2,0,0,0,3
R001387,Greater NYC,North Jersey,7.001775836773045,8,2,8,0,0,0,6
R001388,Northern California,San Francisco,6.757801558952571,5,2,5,0,0,0,5
R001389,Southern California,Los Angeles,1.2256026838609446,0,0,0,0,0,0,0
R001390,Philadelphia,Main Line,22.99922544981264,24,1,7,0,0,0,18
R001391,Northern California,San Francisco,1.7018573553608158,1,1,1,0,0,0,1
R001392,Northern California,Silicon Valley,1.901081112852865,0,0,0,0,0,0,0
R001393,DMV,DC–Arlington,1.128503017887845,1,1,1,0,0,0,1
R001394,Greater NYC,Midtown Manhattan,49.59812216034406,55,7,27,0,0,0,44
R001395,Greater NYC,Nassau County,4.059950467013798,3,1,2,0,0,0,3
R001396,Greater NYC,Nassau County,37.81509843565498,43,5,16,0,0,0,27
R001397,Greater NYC,Fairfield County,3.1955989037743766,3,1,3,0,0,0,1
R001398,Greater NYC,Lower Manhattan–North Brooklyn,32.31338969489432,42,6,25,0,0,0,34
R001399,Greater NYC,Uptown Manhattan,2.4645138922742222,1,1,1,0,0,0,0
R001400,Southern California,Los Angeles,160.2246622194594,147,3,20,0,0,0,54
R001401,Greater NYC,Hudson County,11.62398314914245,11,1,8,0,0,0,7
R001402,Northern California,San Francisco,2.0862087110300593,7,2,6,0,0,0,4
R001403,Greater NYC,Fairfield County,1.4412726058510883,2,1,2,0,0,0,2
R001404,DMV,DC–Arlington,12.771426938565236,21,3,12,0,0,0,14
R001405,Greater NYC,Lower Manhattan–North Brooklyn,7.498344457481706,9,5,9,0,0,0,9
R001406,Greater NYC,Westchester,28.72537379755738,23,2,12,0,0,0,16
R001407,Greater NYC,Lower Manhattan–North Brooklyn,6.370641396174696,4,3,3,0,0,0,4
R001408,Greater NYC,North Jersey,3.0102324543235293,2,1,2,0,0,0,1
R001409,Houston,Houston,4.77765425333752,4,1,4,0,0,0,2
R001410,Greater NYC,Lower Manhattan–North Brooklyn,3.7966109905948215,3,3,3,0,0,0,3
R001411,Seattle,Seattle,4.785266677330893,4,1,3,0,0,0,4
R001412,Northern California,San Francisco,12.645346534872356,18,2,11,0,0,0,12
R001413,Greater NYC,Midtown Manhattan,19.837793488917367,20,4,17,0,0,0,14
R001414,South Florida,Miami,1.2593938645124612,4,2,4,0,0,0,4
R001415,Seattle,Seattle,9.021202717626563,8,1,5,0,0,0,5
R001416,Seattle,Seattle,8.447080543300634,8,1,6,0,0,0,7
R001417,DMV,DC–Arlington,124.66515032747957,138,3,20,4,0,0,92
R001418,Greater NYC,Midtown Manhattan,5.67019325693279,6,3,6,0,0,0,5
R001419,Greater NYC,Lower Manhattan–North Brooklyn,15.150771419943366,18,5,14,0,0,0,14
R001420,Boston,Boston,15.63336691535492,12,2,7,0,0,0,8
R001421,Greater NYC,Midtown Manhattan,4.438673085669869,3,2,3,0,0,0,3
R001422,Seattle,Seattle,3.9045963451758294,4,1,3,0,0,0,1
R001423,Ann Arbor,Ann Arbor,1.0,0,0,0,0,0,0,0
R001424,Southern California,Pasadena,26.314940867006033,31,2,13,0,0,0,21
R001425,Southern California,Pasadena,3.906966558657603,4,2,4,0,0,0,3
R001426,Greater NYC,Westchester,5.93667956360066,3,1,2,0,0,0,2
R001427,DMV,DC–Arlington,2.436288361794483,0,0,0,0,0,0,0
R001428,Boston,Boston,2.3781559104412895,2,1,2,0,0,0,2
R001429,Greater NYC,Lower Manhattan–North Brooklyn,12.55628027929788,11,6,11,0,0,0,11
R001430,Greater NYC,Uptown Manhattan,1.7284459047013927,1,1,1,0,0,0,1
R001431,Greater NYC,Lower Manhattan–North Brooklyn,7.162516743160373,7,4,5,0,0,0,6
R001432,Greater NYC,Hudson County,1.0,1,1,1,0,0,0,0
R001433,Boston,Boston,1.6414055327142187,0,0,0,0,0,0,0
R001434,Greater NYC,Westchester,1.0,2,1,2,0,0,0,2
R001435,Atlanta,Atlanta,2.1684714392850433,1,1,1,0,0,0,1
R001436,Southern California,Los Angeles,3.585066589566483,6,2,5,0,0,0,4
R001437,Greater NYC,Fairfield County,1.0,0,0,0,0,0,0,0
R001438,Greater NYC,Uptown Manhattan,33.46194556451116,31,4,22,0,0,0,23
R001439,DMV,Montgomery County,2.4193763395692836,3,1,3,0,0,0,3
R001440,Chicago,Chicago,5.540691372319398,3,2,3,0,0,0,3
R001441,Greater NYC,Westchester,18.938788599768685,22,3,15,0,0,0,18
R001442,Northern California,San Francisco,1.0,0,0,0,0,0,0,0
R001443,Boston,Boston,2.9133722758994716,4,3,3,0,0,0,3
R001444,Boston,Chestnut Hill,1.6594875533195252,1,1,1,0,0,0,1
R001445,Houston,Houston,16.93920751853327,10,1,6,0,0,0,9
R001446,DMV,DC–Arlington,3.1994868757472754,4,3,4,0,0,0,3
R001447,Greater NYC,Midtown Manhattan,42.28971334388671,36,4,24,0,0,0,30
R001448,Dallas,Dallas,5.221389106847679,3,1,2,0,0,0,3
R001449,Philadelphia,Main Line,1.3112083611280148,1,1,1,0,0,0,1
R001450,Greater NYC,Nassau County,13.021225663172396,9,2,7,0,0,0,8
R001451,Chicago,Chicago,1.0,0,0,0,0,0,0,0
R001452,Greater NYC,Lower Manhattan–North Brooklyn,2.216188335205372,2,1,2,0,0,0,2
R001453,Greater NYC,Uptown Manhattan,2.660982348221227,3,3,3,0,0,0,3
R001454,Greater NYC,Midtown Manhattan,11.255527539801912,10,3,9,0,0,0,8
R001455,Greater NYC,Westchester,12.338339657336784,18,3,12,0,0,0,10
R001456,Atlanta,Atlanta,6.118872822734051,7,1,3,0,0,0,7
R001457,Northern California,San Francisco,1.4303737640151215,2,1,1,0,0,0,2
R001458,Houston,Houston,1.465304113249034,2,1,2,0,0,0,2
R001459,Southern California,Los Angeles,4.607455512811587,6,2,5,0,0,0,4
R001460,Greater NYC,Lower Manhattan–North Brooklyn,2.5628173892026345,5,4,4,0,0,0,5
R001461,DMV,DC–Arlington,12.764235570780134,10,3,7,0,0,0,8
R001462,Seattle,Seattle,11.6662015039368,13,1,6,0,0,0,10
R001463,Greater NYC,Lower Manhattan–North Brooklyn,1.146520999081731,3,3,3,0,0,0,2
R001464,Greater NYC,Lower Manhattan–North Brooklyn,2.776189095179307,3,2,3,0,0,0,3
R001465,Greater NYC,Midtown Manhattan,4.759984775653958,4,2,4,0,0,0,4
R001466,Southern California,Los Angeles,17.726704736311504,22,3,11,0,0,0,14
R001467,Greater NYC,Lower Manhattan–North Brooklyn,9.389733758113984,15,6,12,0,0,0,14
R001468,Chicago,Chicago,20.715213712992036,23,2,10,0,0,0,16
R001469,Greater NYC,Nassau County,1.9220290286125707,4,3,4,0,0,0,4
R001470,Greater NYC,Nassau County,3.4218075226710707,1,1,1,0,0,0,1
R001471,Greater NYC,Uptown Manhattan,3.4280355554102333,3,2,3,0,0,0,3
R001472,DMV,DC–Arlington,5.274898816446516,3,1,3,0,0,0,2
R001473,Greater NYC,Midtown Manhattan,5.700126329317005,5,3,5,0,0,0,4
R001474,Greater NYC,Lower Manhattan–North Brooklyn,10.119853488708822,8,4,8,0,0,0,4
R001475,Seattle,Seattle,41.370364275421075,36,1,8,1,0,0,23
R001476,Houston,Houston,4.25670322461711,6,1,5,0,0,0,4
R001477,Greater NYC,Midtown Manhattan,1.819229652181956,2,2,2,0,0,0,2
R001478,Southern California,Los Angeles,1.6916641781543555,0,0,0,0,0,0,0
R001479,Boston,Boston,16.210508433017363,18,3,10,0,0,0,11
R001480,Greater NYC,Uptown Manhattan,15.274189791906844,16,4,15,0,0,0,11
R001481,Boston,Chestnut Hill,10.299476085649436,8,1,5,0,0,0,4
R001482,Southern California,Los Angeles,6.035168597407653,10,4,10,0,0,0,7
R001483,Greater NYC,Fairfield County,7.844152466440953,6,3,6,0,0,0,3
R001484,Greater NYC,Lower Manhattan–North Brooklyn,9.147734590181154,12,6,10,0,0,0,11
R001485,DMV,Montgomery County,9.423895376676482,8,1,5,0,0,0,4
R001486,Southern California,Pasadena,1.0,0,0,0,0,0,0,0
R001487,Philadelphia,Philadelphia,25.619044785480575,33,2,7,0,0,0,24
R001488,Southern California,Los Angeles,3.5515736908212765,1,1,1,0,0,0,0
R001489,Greater NYC,Uptown Manhattan,1.0,0,0,0,0,0,0,0
R001490,Northern California,Silicon Valley,2.86605353474324,8,2,6,0,0,0,5
R001491,Greater NYC,Midtown Manhattan,14.170995646084927,6,3,5,0,0,0,6
R001492,Atlanta,Atlanta,2.538158629711755,1,1,1,0,0,0,1
R001493,Greater NYC,Midtown Manhattan,2.346726746173187,1,1,1,0,0,0,1
R001494,Dallas,Dallas,2.0433544433641013,5,1,4,0,0,0,2
R001495,Northern California,Marin County,7.005666214280079,7,1,5,0,0,0,6
R001496,South Florida,Miami,23.116128681165044,27,2,7,0,0,0,19
R001497,Boston,Boston,1.047881924449057,2,2,2,0,0,0,1
R001498,Greater NYC,Midtown Manhattan,1.0,0,0,0,0,0,0,0
R001499,Northern California,Marin County,1.0,0,0,0,0,0,0,0
R001500,Philadelphia,Philadelphia,42.470422366812,42,1,7,2,0,0,30
R001501,Greater NYC,Lower Manhattan–North Brooklyn,13.146833970871803,17,4,15,0,0,0,11
R001502,Boston,Boston,1.2784573141291014,2,2,2,0,0,0,1
R001503,Greater NYC,Lower Manhattan–North Brooklyn,10.883741554618128,16,5,13,0,0,0,13
R001504,Greater NYC,Uptown Manhattan,4.030061720264855,3,3,3,0,0,0,1
R001505,Philadelphia,Philadelphia,2.504346103629731,1,1,1,0,0,0,1
R001506,Philadelphia,Main Line,4.292165848345326,4,2,3,0,0,0,4
R001507,DMV,DC–Arlington,1.08431337092517,0,0,0,0,0,0,0
R001508,Greater NYC,Lower Manhattan–North Brooklyn,6.015736671704758,9,5,7,0,0,0,8
R001509,Greater NYC,Fairfield County,4.692200240523558,5,3,5,0,0,0,4
R001510,Greater NYC,Westchester,5.999958652177657,4,2,4,0,0,0,2
R001511,Greater NYC,Uptown Manhattan,6.032794634971544,7,2,6,0,0,0,7
R001512,Philadelphia,Philadelphia,4.778252773705028,6,2,5,0,0,0,6
R001513,Northern California,San Francisco,14.876065603794952,9,2,7,0,0,0,9
R001514,Greater NYC,Midtown Manhattan,5.4849034915019175,6,3,6,0,0,0,4
R001515,Greater NYC,Uptown Manhattan,4.4837176675335515,3,2,3,0,0,0,3
R001516,Philadelphia,Philadelphia,33.22871841449864,29,2,7,0,0,0,23
R001517,South Florida,Miami,7.352884102922902,4,2,4,0,0,0,3
R001518,Boston,Chestnut Hill,1.0,0,0,0,0,0,0,0
R001519,Greater NYC,Lower Manhattan–North Brooklyn,3.652407796211821,5,3,5,0,0,0,4
R001520,Greater NYC,Uptown Manhattan,1.2658156352991512,1,1,1,0,0,0,0
R001521,DMV,Montgomery County,2.3438384122950087,0,0,0,0,0,0,0
R001522,Greater NYC,Uptown Manhattan,1.0,2,1,2,0,0,0,1
R001523,Greater NYC,Lower Manhattan–North Brooklyn,22.855451824867263,31,7,25,0,0,0,25
R001524,Austin,Austin,12.210187339630648,12,1,8,0,0,0,11
R001525,Northern California,San Francisco,12.760630683967278,12,2,10,0,0,0,9
R001526,DMV,DC–Arlington,2.212791736855773,5,2,3,0,0,0,3
R001527,Philadelphia,Main Line,2.125892948580852,1,1,1,0,0,0,0
R001528,Greater NYC,Midtown Manhattan,8.594219575913083,7,2,7,0,0,0,7
R001529,Greater NYC,Lower Manhattan–North Brooklyn,4.882278517904364,6,3,5,0,0,0,5
R001530,Greater NYC,Uptown Manhattan,31.62472144829239,20,3,17,0,0,0,19
R001531,DMV,DC–Arlington,5.315633782696322,6,3,5,0,0,0,5
R001532,Southern California,Pasadena,3.1457852617493893,3,2,3,0,0,0,3
R001533,Northern California,Silicon Valley,157.07813120280113,164,2,13,13,1,15,67
R001534,Northern California,San Francisco,1.5393584781372218,6,1,4,0,0,0,5
R001535,Northern California,San Francisco,1.0,1,1,1,0,0,0,1
R001536,Atlanta,Atlanta,1.612627107724689,2,1,2,0,0,0,2
R001537,Greater NYC,Lower Manhattan–North Brooklyn,32.57916631992228,36,7,29,0,0,0,28
R001538,Greater NYC,Uptown Manhattan,8.387163696279465,7,2,6,0,0,0,7
R001539,Northern California,San Francisco,1.0,1,1,1,0,0,0,0
R001540,Northern California,Marin County,9.67797516077624,7,1,4,0,0,0,5
R001541,Houston,Houston,55.36920428449474,63,1,9,0,0,0,30
R001542,Philadelphia,Main Line,17.63547365574168,18,2,8,0,0,0,16
R001543,DMV,DC–Arlington,1.7774880801115278,0,0,0,0,0,0,0
R001544,Greater NYC,Lower Manhattan–North Brooklyn,2.057102126181183,1,1,1,0,0,0,1
R001545,Greater NYC,Midtown Manhattan,1.705665004603511,2,1,2,0,0,0,2
R001546,Greater NYC,Lower Manhattan–North Brooklyn,19.354242097200668,16,6,12,0,0,0,13
R001547,Austin,Austin,5.615286208897972,8,1,4,0,0,0,5
R001548,Southern California,Los Angeles,1.0,1,1,1,0,0,0,0
R001549,Greater NYC,Midtown Manhattan,3.56661459039742,4,3,4,0,0,0,3
R001550,Northern California,San Francisco,1.455429084059993,1,1,1,0,0,0,1
R001551,Chicago,Chicago,6.165403196567135,12,2,6,0,0,0,9
R001552,Dallas,Dallas,10.398140243506388,5,1,4,0,0,0,4
R001553,Boston,Boston,92.21887568665753,78,2,12,2,0,0,49
R001554,Northern California,San Francisco,4.259930452372433,4,2,4,0,0,0,3
R001555,Northern California,San Francisco,2.874079041559847,3,2,3,0,0,0,3
R001556,Boston,Boston,2.1365377934133876,0,0,0,0,0,0,0
R001557,Greater NYC,Midtown Manhattan,1.7353396961824736,0,0,0,0,0,0,0
R001558,Greater NYC,Lower Manhattan–North Brooklyn,13.111774830346231,12,3,10,0,0,0,9
R001559,Philadelphia,Main Line,6.4937568935065695,9,1,4,0,0,0,5
R001560,Philadelphia,Philadelphia,1.5760407771898373,1,1,1,0,0,0,1
R001561,Dallas,Dallas,12.330422920230228,10,1,5,0,0,0,7
R001562,Greater NYC,Lower Manhattan–North Brooklyn,4.247164716735987,1,1,1,0,0,0,1
R001563,Greater NYC,Lower Manhattan–North Brooklyn,16.546992550554695,15,6,14,0,0,0,13
R001564,Greater NYC,Midtown Manhattan,10.636819114847237,9,4,7,0,0,0,7
R001565,Greater NYC,Uptown Manhattan,25.902067857773243,27,3,19,0,0,0,22
R001566,Southern California,Los Angeles,1.0,0,0,0,0,0,0,0
R001567,Greater NYC,Lower Manhattan–North Brooklyn,8.993802164890258,7,5,7,0,0,0,4
R001568,DMV,DC–Arlington,6.610027149931801,4,3,4,0,0,0,3
R001569,Greater NYC,Uptown Manhattan,6.7358465040652185,9,2,7,0,0,0,8
R001570,Greater NYC,Uptown Manhattan,1.0,0,0,0,0,0,0,0
R001571,Boston,Chestnut Hill,3.4037819508457585,1,1,1,0,0,0,1
R001572,Greater NYC,Lower Manhattan–North Brooklyn,9.318346959293498,14,6,13,0,0,0,12
R001573,Greater NYC,Midtown Manhattan,1.0,1,1,1,0,0,0,0
R001574,Greater NYC,Fairfield County,4.631105747893738,4,3,4,0,0,0,3
R001575,Greater NYC,Uptown Manhattan,1.7132773161245336,2,1,2,0,0,0,2
R001576,Southern California,Los Angeles,3.5595347759914877,7,1,5,0,0,0,6
R001577,Greater NYC,Fairfield County,11.11729710104516,14,3,12,0,0,0,12
R001578,Greater NYC,Uptown Manhattan,1.0,3,2,3,0,0,0,2
R001579,DMV,DC–Arlington,1.0,2,2,2,0,0,0,1
R001580,Boston,Chestnut Hill,1.6156138851804276,0,0,0,0,0,0,0
R001581,Greater NYC,Lower Manhattan–North Brooklyn,4.9371379264238096,9,4,7,0,0,0,8
R001582,Atlanta,Atlanta,2.2867025843910516,0,0,0,0,0,0,0
R001583,Greater NYC,Lower Manhattan–North Brooklyn,22.734617774882828,15,5,11,0,0,0,13
R001584,Boston,Chestnut Hill,11.45304448618398,8,1,7,0,0,0,5
R001585,DMV,DC–Arlington,2.414089395839475,2,1,2,0,0,0,1
R001586,Ann Arbor,Ann Arbor,33.263823822343404,36,1,3,0,0,0,18
R001587,Greater NYC,Fairfield County,1.6270871969706493,2,2,2,0,0,0,2
R001588,Ann Arbor,Ann Arbor,111.2373554607037,110,1,3,8,0,0,45
R001589,Greater NYC,Nassau County,7.090981401287358,7,2,5,0,0,0,5
R001590,Greater NYC,Lower Manhattan–North Brooklyn,1.0445138883457508,3,3,3,0,0,0,3
R001591,Greater NYC,Midtown Manhattan,3.345622014784723,4,3,4,0,0,0,3
R001592,Chicago,Chicago,1.0,0,0,0,0,0,0,0
R001593,Greater NYC,Midtown Manhattan,4.231286841408869,4,2,4,0,0,0,4
R001594,Greater NYC,Fairfield County,9.337298604719768,5,3,5,0,0,0,3
R001595,Greater NYC,Lower Manhattan–North Brooklyn,11.287439535484117,7,4,7,0,0,0,7
R001596,Greater NYC,Uptown Manhattan,14.525892127620796,15,3,10,0,0,0,14
R001597,Greater NYC,Westchester,7.424000436307093,4,3,3,0,0,0,4
R001598,DMV,DC–Arlington,4.271418987553838,3,2,2,0,0,0,3
R001599,Greater NYC,Hudson County,2.268271454149935,1,1,1,0,0,0,1
R001600,DMV,Montgomery County,1.0,3,2,3,0,0,0,2
R001601,Greater NYC,Westchester,25.64326411859363,21,2,11,0,0,0,14
R001602,Greater NYC,Uptown Manhattan,1.0,1,1,1,0,0,0,0
R001603,Greater NYC,Uptown Manhattan,2.7191149753764865,2,2,2,0,0,0,2
R001604,Boston,Chestnut Hill,5.149336404493841,6,2,5,0,0,0,6
R001605,South Florida,Miami,3.4613161689992245,9,2,6,0,0,0,8
R001606,Northern California,Silicon Valley,1.0,1,1,1,0,0,0,1
R001607,Greater NYC,Lower Manhattan–North Brooklyn,28.678949697090275,29,7,23,0,0,0,23
R001608,Northern California,San Francisco,28.766683279128188,24,2,12,0,0,0,21
R001609,Greater NYC,Lower Manhattan–North Brooklyn,1.0,3,3,3,0,0,0,3
R001610,Northern California,San Francisco,1.0,3,1,3,0,0,0,3
R001611,Greater NYC,Fairfield County,12.664895658242308,14,3,11,0,0,0,11
R001612,Southern California,Pasadena,51.66540887979229,50,2,8,3,0,0,25
R001613,Houston,Houston,9.08805996525744,9,1,5,0,0,0,6
R001614,Greater NYC,Lower Manhattan–North Brooklyn,12.698045753246394,17,7,15,0,0,0,12
R001615,Greater NYC,Uptown Manhattan,2.065562496052784,1,1,1,0,0,0,1
R001616,Greater NYC,Uptown Manhattan,5.288890343070136,6,2,6,0,0,0,6
R001617,Houston,Houston,8.95249488286856,6,1,4,0,0,0,4
R001618,Greater NYC,Uptown Manhattan,17.28924564100684,13,4,11,0,0,0,9
R001619,Southern California,Los Angeles,9.45351869040428,11,3,7,0,0,0,4
R001620,Greater NYC,Lower Manhattan–North Brooklyn,7.611876573924583,11,5,10,0,0,0,10
R001621,Dallas,Dallas,1.1620010051871592,1,1,1,0,0,0,1
R001622,Greater NYC,Hudson County,2.3883193345627,3,2,3,0,0,0,3
R001623,Greater NYC,Midtown Manhattan,1.532247313210554,3,2,3,0,0,0,3
R001624,Greater NYC,Midtown Manhattan,1.0,0,0,0,0,0,0,0
R001625,Chicago,Chicago,1.0,1,1,1,0,0,0,1
R001626,Greater NYC,Lower Manhattan–North Brooklyn,1.1874997656782362,2,2,2,0,0,0,2
R001627,Boston,Boston,11.641940011417288,13,3,8,0,0,0,8
R001628,DMV,DC–Arlington,1.6374651072336142,3,2,3,0,0,0,2
R001629,Greater NYC,Lower Manhattan–North Brooklyn,4.535777761709972,2,2,2,0,0,0,2
R001630,Boston,Chestnut Hill,8.828423201756971,8,1,7,0,0,0,6
R001631,Greater NYC,Lower Manhattan–North Brooklyn,12.753394292436631,12,4,9,0,0,0,11
R001632,Southern California,Los Angeles,24.4178804932244,27,3,14,0,0,0,16
R001633,Greater NYC,Uptown Manhattan,1.0,3,3,3,0,0,0,1
R001634,Atlanta,Atlanta,89.29277043454054,89,1,4,9,0,0,46
R001635,Greater NYC,Lower Manhattan–North Brooklyn,3.3969680854055317,3,3,3,0,0,0,3
R001636,Atlanta,Atlanta,20.952929475926375,14,1,3,0,0,0,9
R001637,Southern California,Los Angeles,3.143586118123424,4,3,4,0,0,0,4
R001638,Greater NYC,Lower Manhattan–North Brooklyn,16.012578305811974,15,6,12,0,0,0,11
R001639,Greater NYC,Lower Manhattan–North Brooklyn,6.084454881687856,5,2,4,0,0,0,4
R001640,DMV,DC–Arlington,1.5714121557990743,2,2,2,0,0,0,2
R001641,Greater NYC,North Jersey,3.5195022986939457,3,1,3,0,0,0,1
R001642,Houston,Houston,95.2524188053573,90,1,9,4,0,0,43
R001643,Greater NYC,Uptown Manhattan,14.470132322422426,18,3,14,0,0,0,17
R001644,Greater NYC,Uptown Manhattan,5.454843862860863,2,1,2,0,0,0,2
R001645,Austin,Austin,11.228662970774106,8,1,6,0,0,0,5
R001646,Houston,Houston,4.751568486773529,5,1,5,0,0,0,4
R001647,DMV,DC–Arlington,12.13157234016816,10,4,9,0,0,0,9
R001648,Austin,Austin,1.0,3,1,2,0,0,0,2
R001649,Dallas,Dallas,3.0187394268517527,3,1,3,0,0,0,3
R001650,Greater NYC,Uptown Manhattan,1.0,1,1,1,0,0,0,1
R001651,Houston,Houston,8.3024446998151,3,1,3,0,0,0,3
R001652,Greater NYC,Lower Manhattan–North Brooklyn,8.210196988097799,11,7,11,0,0,0,10
R001653,Greater NYC,Uptown Manhattan,8.431764143925959,13,4,12,0,0,0,9
R001654,Greater NYC,Lower Manhattan–North Brooklyn,1.590624591232106,1,1,1,0,0,0,0
R001655,Chicago,Chicago,12.090071605816988,18,2,8,0,0,0,15
R001656,Southern California,Pasadena,22.200568590204693,22,3,12,0,0,0,13
R001657,Greater NYC,Fairfield County,54.666323471807424,52,7,27,0,0,0,40
R001658,Greater NYC,Lower Manhattan–North Brooklyn,1.0,0,0,0,0,0,0,0
R001659,Southern California,Pasadena,5.207583130354902,3,2,3,0,0,0,2
R001660,Greater NYC,Lower Manhattan–North Brooklyn,4.882715495753014,3,3,3,0,0,0,3
R001661,Boston,Boston,6.631837412329085,14,2,10,0,0,0,12
R001662,Greater NYC,Lower Manhattan–North Brooklyn,3.0774961001483288,1,1,1,0,0,0,1
R001663,Greater NYC,Lower Manhattan–North Brooklyn,1.6002066051187207,3,3,3,0,0,0,3
R001664,Atlanta,Atlanta,17.454711306318544,15,1,4,0,0,0,13
R001665,DMV,DC–Arlington,7.984460931167568,15,3,10,0,0,0,12
R001666,Greater NYC,Fairfield County,3.793579594539744,3,1,3,0,0,0,2
R001667,Northern California,San Francisco,1.0,1,1,1,0,0,0,1
R001668,Greater NYC,Hudson County,27.37090430494814,32,4,19,0,0,0,23
R001669,Greater NYC,Midtown Manhattan,8.555770017796002,11,5,9,0,0,0,10
R001670,Greater NYC,Midtown Manhattan,1.7887636569408072,2,1,2,0,0,0,1
R001671,DMV,DC–Arlington,1.321169477023825,1,1,1,0,0,0,1
R001672,South Florida,Miami,5.0687846942185395,5,2,3,0,0,0,5
R001673,Dallas,Dallas,3.5737334197188315,1,1,1,0,0,0,1
R001674,DMV,DC–Arlington,3.8927469620613953,5,3,4,0,0,0,1
R001675,Houston,Houston,18.779947396536787,21,1,7,0,0,0,13
R001676,Greater NYC,Fairfield County,3.4758914089794004,2,1,2,0,0,0,1
R001677,Greater NYC,Westchester,10.074838928485065,12,3,9,0,0,0,6
R001678,Greater NYC,Uptown Manhattan,1.0,0,0,0,0,0,0,0
R001679,Greater NYC,Midtown Manhattan,4.978445037218191,6,3,5,0,0,0,5
R001680,Greater NYC,Uptown Manhattan,2.7678658926076563,5,2,5,0,0,0,3
R001681,Northern California,San Francisco,14.528092092094198,9,2,6,0,0,0,7
R001682,Houston,Houston,2.09582935806924,0,0,0,0,0,0,0
R001683,Greater NYC,Lower Manhattan–North Brooklyn,171.53188681498798,168,10,56,1,0,0,129
R001684,Greater NYC,Uptown Manhattan,3.2602741897479532,2,2,2,0,0,0,0
R001685,Greater NYC,Uptown Manhattan,11.608264330092808,18,4,15,0,0,0,15
R001686,Greater NYC,Lower Manhattan–North Brooklyn,3.803040501323879,4,4,4,0,0,0,4
R001687,Greater NYC,Lower Manhattan–North Brooklyn,46.67132908259153,54,8,31,0,0,0,42
R001688,DMV,Montgomery County,12.30531247297688,12,2,8,0,0,0,9
R001689,Dallas,Dallas,4.990040483424232,1,1,1,0,0,0,1
R001690,Philadelphia,Philadelphia,59.8313021095862,66,2,7,1,0,0,45
R001691,Greater NYC,Midtown Manhattan,4.288641280697412,5,2,4,0,0,0,4
R001692,Seattle,Seattle,5.695745447780759,4,1,4,0,0,0,4
R001693,DMV,Montgomery County,10.158196620525052,7,1,5,0,0,0,6
R001694,Dallas,Dallas,3.61686950296732,5,1,3,0,0,0,3
R001695,Ann Arbor,Ann Arbor,1.0,1,1,1,0,0,0,1
R001696,Greater NYC,North Jersey,22.56038830532585,16,2,11,0,0,0,13
R001697,DMV,DC–Arlington,7.005844050038405,7,4,5,0,0,0,3
R001698,Greater NYC,Midtown Manhattan,83.74568343357869,75,5,39,0,0,0,63
R001699,Greater NYC,Uptown Manhattan,10.11381602439998,8,3,8,0,0,0,7
R001700,Philadelphia,Main Line,4.509037954173165,7,1,4,0,0,0,7
R001701,Greater NYC,Lower Manhattan–North Brooklyn,2.538142593843659,4,3,4,0,0,0,3
R001702,Greater NYC,Midtown Manhattan,10.866637721249608,11,5,10,0,0,0,11
R001703,Greater NYC,Midtown Manhattan,9.975899535774415,6,3,6,0,0,0,5
R001704,Northern California,San Francisco,4.6028051558107865,2,2,2,0,0,0,1
R001705,Austin,Austin,4.30384393597222,5,1,5,0,0,0,4
R001706,DMV,Montgomery County,2.8340326630491592,7,2,6,0,0,0,6
R001707,Greater NYC,Lower Manhattan–North Brooklyn,1.405343431790738,0,0,0,0,0,0,0
R001708,Greater NYC,Midtown Manhattan,7.228393888346763,6,3,5,0,0,0,5
R001709,Greater NYC,Lower Manhattan–North Brooklyn,3.4293239578009738,4,3,4,0,0,0,2
R001710,Dallas,Dallas,27.731709276823295,21,1,8,0,0,0,13
R001711,Greater NYC,Uptown Manhattan,4.578596518364639,6,3,6,0,0,0,4
R001712,South Florida,Miami,3.1119430733985047,0,0,0,0,0,0,0
R001713,DMV,Montgomery County,8.772601354736688,6,2,6,0,0,0,4
R001714,Northern California,San Francisco,8.909591150759004,9,2,6,0,0,0,9
R001715,DMV,DC–Arlington,12.373587105090897,12,4,9,0,0,0,8
R001716,Austin,Austin,5.584099222205955,4,1,3,0,0,0,4
R001717,Greater NYC,Midtown Manhattan,17.430396732720308,19,4,13,0,0,0,16
R001718,Chicago,Chicago,39.65447684313695,38,2,11,0,0,0,30
R001719,Boston,Boston,38.81623250118503,31,2,12,0,0,0,22
R001720,Greater NYC,Westchester,1.4812553641056343,2,1,2,0,0,0,2
R001721,Greater NYC,Uptown Manhattan,2.718928275288698,2,2,2,0,0,0,2
R001722,Philadelphia,Main Line,2.9034190360355137,4,1,3,0,0,0,3
R001723,Greater NYC,Lower Manhattan–North Brooklyn,2.379538742341225,1,1,1,0,0,0,0
R001724,Greater NYC,Uptown Manhattan,7.215520611163125,11,4,9,0,0,0,10
R001725,Greater NYC,Uptown Manhattan,2.8700236333432994,3,1,2,0,0,0,1
R001726,Southern California,Los Angeles,35.95957690670115,39,4,15,0,0,0,25
R001727,Greater NYC,Midtown Manhattan,8.500977000276233,7,3,4,0,0,0,4
R001728,Austin,Austin,4.608296997245053,2,1,2,0,0,0,1
R001729,Chicago,Chicago,6.202591731698063,4,2,3,0,0,0,3
R001730,Southern California,Los Angeles,6.731721845794846,10,3,8,0,0,0,7
R001731,South Florida,Miami,4.691255617943932,5,2,5,0,0,0,4
R001732,Greater NYC,Lower Manhattan–North Brooklyn,2.4810797648289515,3,1,3,0,0,0,1
R001733,Greater NYC,Uptown Manhattan,5.79348563186846,5,4,5,0,0,0,4
R001734,South Florida,Miami,37.569510727054606,34,2,7,0,0,0,26
R001735,South Florida,Miami,1.6266163252304473,1,1,1,0,0,0,1
R001736,Philadelphia,Main Line,8.074141449727767,7,1,4,0,0,0,5
R001737,Greater NYC,Midtown Manhattan,7.036694705114783,6,2,4,0,0,0,4
R001738,Austin,Austin,2.166256220047538,3,1,3,0,0,0,3
R001739,Northern California,San Francisco,2.2825357496242065,3,1,3,0,0,0,1
R001740,Greater NYC,Uptown Manhattan,47.91468296749923,43,4,26,0,0,0,37
R001741,Boston,Chestnut Hill,9.067765428431388,11,3,8,0,0,0,7
R001742,Austin,Austin,6.951836239882234,8,1,5,0,0,0,7
R001743,Greater NYC,Uptown Manhattan,1.7894016482666306,0,0,0,0,0,0,0
R001744,Northern California,Silicon Valley,2.5545440357573597,2,1,2,0,0,0,1
R001745,Greater NYC,Westchester,17.719696938624512,13,3,11,0,0,0,12
R001746,Boston,Boston,7.8995747650317485,11,3,9,0,0,0,8
R001747,Chicago,Chicago,5.607352605398095,7,2,6,0,0,0,6
R001748,Greater NYC,Lower Manhattan–North Brooklyn,5.480067262950986,2,1,2,0,0,0,1
R001749,Greater NYC,Lower Manhattan–North Brooklyn,4.497658183064781,6,3,6,0,0,0,6
R001750,Boston,Chestnut Hill,2.677437699615574,3,1,3,0,0,0,2
R001751,Philadelphia,Philadelphia,7.202401324678475,4,1,2,0,0,0,3
R001752,Greater NYC,Uptown Manhattan,8.044136492961817,4,2,3,0,0,0,2
R001753,Greater NYC,Lower Manhattan–North Brooklyn,2.3371025905193967,1,1,1,0,0,0,1
R001754,Dallas,Dallas,16.074035342722485,14,1,8,0,0,0,8
R001755,Houston,Houston,1.4916608800975175,2,1,2,0,0,0,1
R001756,Southern California,Los Angeles,29.79875709396099,31,3,12,0,0,0,12
R001757,Greater NYC,Lower Manhattan–North Brooklyn,27.23941920778978,29,7,19,0,0,0,25
R001758,DMV,DC–Arlington,1.0,2,2,2,0,0,0,2
R001759,Boston,Chestnut Hill,30.34688839478514,33,2,12,0,0,0,25
R001760,Chicago,Chicago,2.403715822765153,1,1,1,0,0,0,0
R001761,Dallas,Dallas,26.25332840862481,32,1,8,1,0,0,17
R001762,Northern California,San Francisco,2.4493043329889708,5,2,5,0,0,0,1
R001763,Greater NYC,Midtown Manhattan,2.26931210890348,6,3,5,0,0,0,5
R001764,Greater NYC,Lower Manhattan–North Brooklyn,70.1928801495422,74,7,36,0,0,0,54
R001765,Greater NYC,Lower Manhattan–North Brooklyn,73.19323041866458,74,9,42,0,0,0,62
R001766,Greater NYC,Uptown Manhattan,2.917845554620746,4,3,4,0,0,0,3
R001767,Southern California,Los Angeles,2.3189818771847395,0,0,0,0,0,0,0
R001768,Greater NYC,Fairfield County,2.548015683407133,5,2,5,0,0,0,2
R001769,Boston,Chestnut Hill,15.023678056533996,15,2,9,0,0,0,11
R001770,Northern California,Silicon Valley,3.0387236342572463,4,1,3,0,0,0,3
R001771,Philadelphia,Philadelphia,16.086513308532673,16,2,9,0,0,0,14
R001772,South Florida,Miami,1.0,0,0,0,0,0,0,0
R001773,Ann Arbor,Ann Arbor,20.88019051506758,25,1,3,1,0,0,15
R001774,Ann Arbor,Ann Arbor,13.196446692335265,15,1,3,0,0,0,11
R001775,Greater NYC,Hudson County,3.3678600707423394,3,1,3,0,0,0,3
R001776,Greater NYC,Uptown Manhattan,24.074607369456057,30,5,22,0,0,0,27
R001777,DMV,DC–Arlington,16.341351486532957,23,3,11,0,0,0,17
R001778,Greater NYC,Lower Manhattan–North Brooklyn,4.6323943864594,3,3,3,0,0,0,3
R001779,DMV,Montgomery County,5.15170574446215,3,1,3,0,0,0,2
R001780,Greater NYC,Lower Manhattan–North Brooklyn,21.476785694896748,21,7,17,0,0,0,16
R001781,Greater NYC,Lower Manhattan–North Brooklyn,1.4406533427656665,0,0,0,0,0,0,0
R001782,Greater NYC,Lower Manhattan–North Brooklyn,6.02281281756732,5,4,5,0,0,0,5
R001783,Greater NYC,Uptown Manhattan,11.80092365788426,9,2,7,0,0,0,9
R001784,Northern California,San Francisco,12.660117645324656,12,2,8,0,0,0,10
R001785,Northern California,San Francisco,6.135597274992208,7,3,6,0,0,0,6
R001786,Northern California,San Francisco,6.842081447257939,7,2,5,0,0,0,5
R001787,Boston,Boston,18.595782108827304,16,2,8,0,0,0,10
R001788,DMV,DC–Arlington,3.069478466306597,2,1,2,0,0,0,2
R001789,Greater NYC,Midtown Manhattan,1.836851514869244,1,1,1,0,0,0,1
R001790,Northern California,San Francisco,8.216297269082142,13,2,6,0,0,0,8
R001791,DMV,Montgomery County,11.16673862700158,13,1,5,0,0,0,12
R001792,Greater NYC,Lower Manhattan–North Brooklyn,30.451532329529112,25,4,18,0,0,0,18
R001793,Chicago,Chicago,1.0,3,2,3,0,0,0,1
R001794,Greater NYC,Uptown Manhattan,1.8922349950415704,2,1,2,0,0,0,1
R001795,Greater NYC,Uptown Manhattan,1.0,0,0,0,0,0,0,0
R001796,Greater NYC,Uptown Manhattan,2.8758806309557556,4,2,4,0,0,0,4
R001797,Southern California,Los Angeles,7.506142552216981,6,3,4,0,0,0,3
R001798,Chicago,Chicago,50.83287507691296,55,2,13,1,1,8,31
R001799,Greater NYC,Fairfield County,1.0,2,2,2,0,0,0,1
R001800,Chicago,Chicago,3.641330035778195,2,1,1,0,0,0,2
R001801,Houston,Houston,3.730240921831353,1,1,1,0,0,0,1
R001802,Greater NYC,Uptown Manhattan,1.0,0,0,0,0,0,0,0
R001803,Northern California,Silicon Valley,5.228550718150779,8,3,7,0,0,0,6
R001804,Greater NYC,Lower Manhattan–North Brooklyn,1.0,0,0,0,0,0,0,0
R001805,Greater NYC,Uptown Manhattan,22.46240988731331,23,3,20,0,0,0,21
R001806,Greater NYC,Uptown Manhattan,12.91446689678406,16,4,14,0,0,0,15
R001807,Atlanta,Atlanta,1.2542527552073377,2,1,1,0,0,0,2
R001808,Austin,Austin,9.517376184025624,9,1,6,0,0,0,7
R001809,Southern California,Pasadena,12.15385713840887,14,2,8,1,0,0,4
R001810,Boston,Boston,3.361162094027347,2,1,2,0,0,0,1
R001811,Greater NYC,Midtown Manhattan,172.7187428987351,147,9,42,1,0,0,107
R001812,Northern California,Silicon Valley,1.051188742797576,0,0,0,0,0,0,0
R001813,Greater NYC,Midtown Manhattan,47.13317485131907,44,6,21,0,0,0,27
R001814,South Florida,Miami,6.861564390796212,8,1,6,0,0,0,6
R001815,Southern California,Los Angeles,1.158545024254179,2,2,2,0,0,0,2
R001816,Greater NYC,Lower Manhattan–North Brooklyn,3.105838869570483,2,2,2,0,0,0,2
R001817,Greater NYC,Lower Manhattan–North Brooklyn,5.469465917248889,6,4,6,0,0,0,5
R001818,DMV,Montgomery County,41.349314676827895,29,3,16,0,0,0,23
R001819,Houston,Houston,1.0,0,0,0,0,0,0,0
R001820,Greater NYC,Fairfield County,34.09119455466589,22,4,13,0,0,0,17
R001821,Houston,Houston,28.410377912370414,27,1,9,0,0,0,14
R001822,Greater NYC,Uptown Manhattan,10.535956579031204,10,2,9,0,0,0,8
R001823,Greater NYC,Midtown Manhattan,4.982672798367631,2,2,2,0,0,0,2
R001824,Greater NYC,Lower Manhattan–North Brooklyn,1.0,1,1,1,0,0,0,1
R001825,Greater NYC,Fairfield County,30.104061232047272,30,4,19,0,0,0,22
R001826,DMV,Montgomery County,2.302707380376346,2,1,2,0,0,0,1
R001827,Greater NYC,Lower Manhattan–North Brooklyn,19.127179752930708,20,6,15,0,0,0,15
R001828,Greater NYC,Nassau County,2.605051544080616,4,1,3,0,0,0,3
R001829,South Florida,Miami,4.79835137847186,7,2,5,0,0,0,5
R001830,Austin,Austin,2.407296409527697,3,1,3,0,0,0,3
R001831,Dallas,Dallas,3.092242467253148,1,1,1,0,0,0,1
R001832,Greater NYC,Hudson County,1.7535759523045735,2,1,2,0,0,0,2
R001833,Greater NYC,Westchester,10.72094334536584,12,3,10,0,0,0,9
R001834,Greater NYC,Midtown Manhattan,5.68798787367935,2,2,2,0,0,0,2
R001835,Chicago,Chicago,13.48322484711894,11,2,8,0,0,0,9
R001836,Greater NYC,Nassau County,2.253110960663806,4,1,4,0,0,0,4
R001837,Seattle,Seattle,9.095698912633546,14,1,7,0,0,0,9
R001838,Boston,Chestnut Hill,3.863916585131426,0,0,0,0,0,0,0
R001839,Ann Arbor,Ann Arbor,2.3958848986322763,1,1,1,0,0,0,1
R001840,Greater NYC,Lower Manhattan–North Brooklyn,5.944837562754227,8,4,7,0,0,0,6
R001841,Northern California,San Francisco,2.461768219022733,1,1,1,0,0,0,1
R001842,Greater NYC,Uptown Manhattan,1.0,1,1,1,0,0,0,1
R001843,Greater NYC,Westchester,4.142108365874774,7,3,6,0,0,0,7
R001844,Chicago,Chicago,52.2964230792334,59,2,12,1,0,0,39
R001845,DMV,DC–Arlington,1.0,1,1,1,0,0,0,1
R001846,Northern California,San Francisco,4.755308976678953,2,2,2,0,0,0,2
R001847,Greater NYC,Westchester,5.323413083195106,3,2,3,0,0,0,2
R001848,Greater NYC,Uptown Manhattan,1.6023531084138078,2,1,2,0,0,0,2
R001849,DMV,DC–Arlington,5.619170191558995,3,2,3,0,0,0,3
R001850,Southern California,Los Angeles,5.128304777167708,2,2,2,0,0,0,2
R001851,Greater NYC,Lower Manhattan–North Brooklyn,36.62431114301602,36,7,23,0,0,0,31
R001852,South Florida,Miami,3.8274971493608976,1,1,1,0,0,0,1
R001853,Boston,Boston,4.136898565113002,3,2,3,0,0,0,3
R001854,South Florida,Miami,1.0,2,2,2,0,0,0,0
R001855,Greater NYC,Uptown Manhattan,10.528630486642433,7,3,6,0,0,0,6
R001856,Greater NYC,Lower Manhattan–North Brooklyn,8.673320989022006,7,4,7,0,0,0,5
R001857,Greater NYC,Hudson County,15.7013937433039,14,2,9,0,0,0,7
R001858,DMV,DC–Arlington,5.422017648466897,3,2,3,0,0,0,3
R001859,Philadelphia,Main Line,1.0,3,1,3,0,0,0,2
R001860,Greater NYC,Lower Manhattan–North Brooklyn,1.0,2,2,2,0,0,0,2
R001861,Houston,Houston,1.5341448436780374,1,1,1,0,0,0,1
R001862,Philadelphia,Main Line,2.145800918607148,2,1,2,0,0,0,1
R001863,Greater NYC,Lower Manhattan–North Brooklyn,2.5389783825005665,1,1,1,0,0,0,1
R001864,Greater NYC,Lower Manhattan–North Brooklyn,2.9816026641227023,2,2,2,0,0,0,1
R001865,Greater NYC,Lower Manhattan–North Brooklyn,4.770322147266943,3,3,3,0,0,0,3
R001866,Greater NYC,Midtown Manhattan,12.740178286108303,15,5,13,0,0,0,14
R001867,Philadelphia,Main Line,10.439915095839222,17,1,6,0,0,0,12
R001868,Boston,Boston,1.0,0,0,0,0,0,0,0
R001869,Greater NYC,Lower Manhattan–North Brooklyn,2.27416020280467,0,0,0,0,0,0,0
R001870,Greater NYC,Lower Manhattan–North Brooklyn,1.3087237937381777,0,0,0,0,0,0,0
R001871,Greater NYC,Fairfield County,2.861456274981824,2,1,1,0,0,0,2
R001872,Greater NYC,Lower Manhattan–North Brooklyn,10.401052135314972,5,4,5,0,0,0,4
R001873,Boston,Boston,4.525524737855487,7,2,5,0,0,0,5
R001874,Chicago,Chicago,1.2302371153978156,1,1,1,0,0,0,0
R001875,Greater NYC,Uptown Manhattan,9.563303658978992,9,3,8,0,0,0,8
R001876,Boston,Boston,3.23901182254029,1,1,1,0,0,0,1
R001877,Boston,Boston,27.050141075886337,19,2,10,0,0,0,15
R001878,Houston,Houston,18.23696102349339,17,1,7,0,0,0,11
R001879,Chicago,Chicago,1.0,0,0,0,0,0,0,0
R001880,Greater NYC,Midtown Manhattan,1.0,2,1,2,0,0,0,2
R001881,Greater NYC,Midtown Manhattan,11.460343230880223,11,5,8,0,0,0,10
R001882,Southern California,Los Angeles,1.8187998091645363,0,0,0,0,0,0,0
R001883,South Florida,Miami,8.461406940997128,12,2,6,0,0,0,8
R001884,Boston,Boston,1.9065589079205856,4,2,3,0,0,0,3
R001885,Philadelphia,Main Line,22.530910480466854,22,2,7,0,0,0,16
R001886,Greater NYC,Lower Manhattan–North Brooklyn,6.110207054184713,3,3,3,0,0,0,3
R001887,South Florida,Miami,1.0,1,1,1,0,0,0,1
R001888,Greater NYC,Uptown Manhattan,4.626415887232807,2,2,2,0,0,0,2
R001889,Greater NYC,Uptown Manhattan,9.059395625564203,8,2,7,0,0,0,8
R001890,Greater NYC,Lower Manhattan–North Brooklyn,2.650656299944478,4,4,4,0,0,0,4
R001891,Southern California,Pasadena,6.148797894559785,7,1,4,0,0,0,5
R001892,Philadelphia,Philadelphia,2.502232446554574,3,2,2,0,0,0,2
R001893,Greater NYC,Uptown Manhattan,3.0541130850106093,5,3,5,0,0,0,4
R001894,South Florida,Miami,22.631417663370662,24,2,6,0,0,0,20
R001895,Greater NYC,Lower Manhattan–North Brooklyn,2.558990534069919,4,2,4,0,0,0,4
R001896,Atlanta,Atlanta,6.729478297798652,7,1,3,1,0,0,3
R001897,Greater NYC,Lower Manhattan–North Brooklyn,4.166935728722942,3,2,3,0,0,0,3
R001898,DMV,Montgomery County,3.367051358699197,6,1,4,0,0,0,4
R001899,Southern California,Los Angeles,30.281599487854916,35,4,16,0,0,0,23
R001900,Greater NYC,Midtown Manhattan,26.754712832127563,36,8,22,0,0,0,32
R001901,DMV,Montgomery County,2.6874995392566317,4,1,4,0,0,0,1
R001902,Northern California,Marin County,18.244296417224547,23,1,8,0,0,0,14
R001903,Greater NYC,Midtown Manhattan,4.631789050852722,8,4,7,0,0,0,5
R001904,Greater NYC,Westchester,1.5396331151323814,0,0,0,0,0,0,0
R001905,Greater NYC,Midtown Manhattan,1.2825595250297197,4,2,4,0,0,0,3
R001906,DMV,DC–Arlington,1.7158750103604026,0,0,0,0,0,0,0
R001907,DMV,DC–Arlington,1.0,1,1,1,0,0,0,0
R001908,Seattle,Seattle,4.887710215248672,6,1,4,0,0,0,5
R001909,Greater NYC,Midtown Manhattan,6.999094397327242,3,2,3,0,0,0,3
R001910,Northern California,Silicon Valley,4.1648374959057595,5,1,4,0,0,0,4
R001911,Greater NYC,Midtown Manhattan,14.305331181736513,16,4,13,0,0,0,10
R001912,Greater NYC,Lower Manhattan–North Brooklyn,11.628289477624945,11,5,9,0,0,0,10
R001913,DMV,DC–Arlington,200.0,207,3,21,10,0,0,120
R001914,Philadelphia,Main Line,1.0789362415629655,1,1,1,0,0,0,1
R001915,Greater NYC,Lower Manhattan–North Brooklyn,25.280194165605973,18,6,15,0,0,0,15
R001916,DMV,DC–Arlington,6.05174509830296,4,1,3,0,0,0,3
R001917,Southern California,Pasadena,12.673204117079118,12,2,7,0,0,0,9
R001918,Greater NYC,Lower Manhattan–North Brooklyn,1.0,0,0,0,0,0,0,0
R001919,Greater NYC,Lower Manhattan–North Brooklyn,13.06859812784382,19,7,18,0,0,0,13
R001920,Greater NYC,Fairfield County,4.23322314134275,1,1,1,0,0,0,0
R001921,Greater NYC,Midtown Manhattan,34.144914459833615,33,7,21,0,0,0,30
R001922,Greater NYC,Westchester,1.2107040935632412,0,0,0,0,0,0,0
R001923,Chicago,Chicago,8.791215507190772,5,2,5,0,0,0,5
R001924,Seattle,Seattle,5.558065209396408,3,1,3,0,0,0,3
R001925,Seattle,Seattle,4.109526046261504,2,1,2,0,0,0,2
R001926,Southern California,Pasadena,3.3797467878638616,4,1,3,0,0,0,3
R001927,Philadelphia,Philadelphia,4.620211346182144,6,2,4,0,0,0,4
R001928,Northern California,Marin County,1.8477665590324817,2,1,2,0,0,0,2
R001929,Greater NYC,Westchester,5.754150342422704,3,3,3,0,0,0,2
R001930,Greater NYC,Lower Manhattan–North Brooklyn,1.7450510800214518,3,3,3,0,0,0,3
R001931,Greater NYC,Midtown Manhattan,17.187169431082705,13,5,11,0,0,0,12
R001932,Greater NYC,Nassau County,10.963483501625458,12,1,8,0,0,0,10
R001933,Greater NYC,Midtown Manhattan,1.5574402580283666,1,1,1,0,0,0,0
R001934,Austin,Austin,1.0770212831515735,3,1,3,0,0,0,1
R001935,Philadelphia,Philadelphia,25.28131052598828,28,2,9,0,0,0,23
R001936,Greater NYC,Lower Manhattan–North Brooklyn,9.921298908458487,14,4,11,0,0,0,13
R001937,Seattle,Seattle,18.733238483204193,14,1,6,0,0,0,9
R001938,Northern California,San Francisco,17.0803771220343,16,2,9,1,0,0,10
R001939,Chicago,Chicago,8.497085555630806,7,2,7,0,0,0,5
R001940,Greater NYC,Westchester,8.386916214242877,8,2,6,0,0,0,8
R001941,DMV,DC–Arlington,7.668510154231897,10,3,8,0,0,0,10
R001942,Greater NYC,Lower Manhattan–North Brooklyn,2.7233656084217537,3,3,3,0,0,0,3
R001943,Greater NYC,Uptown Manhattan,9.960287015086196,7,3,7,0,0,0,6
R001944,Houston,Houston,11.1062269933723,7,1,5,0,0,0,7
R001945,Southern California,Los Angeles,1.151851614254724,2,1,2,0,0,0,2
R001946,Greater NYC,Lower Manhattan–North Brooklyn,1.7133091258174395,3,2,3,0,0,0,3
R001947,Greater NYC,North Jersey,47.61809124025081,52,5,24,1,0,0,46
R001948,Philadelphia,Main Line,3.2522277675978377,3,1,3,0,0,0,2
R001949,Greater NYC,Uptown Manhattan,1.091264695500978,1,1,1,0,0,0,1
R001950,Greater NYC,Lower Manhattan–North Brooklyn,1.0255330886714122,0,0,0,0,0,0,0
R001951,Boston,Boston,16.622091180662817,17,2,8,0,0,0,13
R001952,Philadelphia,Main Line,5.413228037152796,8,2,5,0,0,0,7
R001953,Greater NYC,Midtown Manhattan,4.359122612345275,7,5,7,0,0,0,7
R001954,Chicago,Chicago,7.678712427121733,6,2,5,0,0,0,3
R001955,Greater NYC,Lower Manhattan–North Brooklyn,15.629876541127643,21,6,17,0,0,0,16
R001956,DMV,Montgomery County,2.925299575323524,2,1,2,0,0,0,2
R001957,Austin,Austin,1.0,1,1,1,0,0,0,1
R001958,Greater NYC,Lower Manhattan–North Brooklyn,2.977572906636799,2,2,2,0,0,0,2
R001959,Philadelphia,Philadelphia,8.841171836492062,9,1,6,0,0,0,7
R001960,Greater NYC,Lower Manhattan–North Brooklyn,1.556559457595558,1,1,1,0,0,0,1
R001961,Greater NYC,Uptown Manhattan,9.054006532061177,12,4,11,0,0,0,10
R001962,Greater NYC,Uptown Manhattan,13.27213895689459,15,4,12,0,0,0,14
R001963,Greater NYC,Midtown Manhattan,9.73470342634217,19,4,15,0,0,0,14
R001964,Greater NYC,North Jersey,1.0,1,1,1,0,0,0,0
R001965,Philadelphia,Philadelphia,1.0,2,1,1,0,0,0,2
R001966,Boston,Boston,7.0396507099724355,8,3,7,0,0,0,7
R001967,Greater NYC,Lower Manhattan–North Brooklyn,27.237124549554306,33,7,24,0,0,0,20
R001968,Greater NYC,Fairfield County,24.748535114066694,20,3,16,0,0,0,16
R001969,DMV,DC–Arlington,1.0,1,1,1,0,0,0,1
R001970,DMV,DC–Arlington,74.04224899211707,76,4,20,0,0,0,46
R001971,Greater NYC,Lower Manhattan–North Brooklyn,1.0548685181711903,1,1,1,0,0,0,1
R001972,Chicago,Chicago,1.6834437539049745,2,2,2,0,0,0,2
R001973,Greater NYC,Fairfield County,1.748807521420243,4,2,4,0,0,0,2
R001974,Greater NYC,Nassau County,64.87600036476627,63,4,25,0,0,0,49
R001975,Greater NYC,Uptown Manhattan,11.49857764143609,9,3,6,0,0,0,6
R001976,Greater NYC,Uptown Manhattan,5.888715907428198,5,4,5,0,0,0,4
R001977,Houston,Houston,47.200850922960385,45,1,9,0,0,0,23
R001978,Atlanta,Atlanta,4.334291240276822,2,1,2,0,0,0,1
R001979,Greater NYC,Uptown Manhattan,13.79865057104906,13,2,9,0,0,0,11
R001980,South Florida,Miami,2.8719732651923335,6,2,4,0,0,0,3
R001981,Northern California,Silicon Valley,1.0,1,1,1,0,0,0,1
R001982,Boston,Chestnut Hill,2.45847251199671,4,2,4,0,0,0,3
R001983,DMV,DC–Arlington,3.903628914403788,6,2,6,0,0,0,5
R001984,Greater NYC,Fairfield County,23.86059391403311,25,3,13,0,0,0,14
R001985,Southern California,Pasadena,62.86726436182314,62,1,9,1,0,0,37
R001986,Southern California,Los Angeles,40.964538830647406,47,3,16,0,0,0,33
R001987,DMV,Montgomery County,1.2623576161739047,2,1,2,0,0,0,1
R001988,Southern California,Los Angeles,8.892105673349445,8,3,5,0,0,0,4
R001989,Boston,Boston,3.126364381909496,4,1,3,0,0,0,4
R001990,Seattle,Seattle,7.586683013599311,13,1,4,0,0,0,10
R001991,Greater NYC,Uptown Manhattan,7.823762904917035,8,3,7,0,0,0,7
R001992,Greater NYC,Midtown Manhattan,1.0,0,0,0,0,0,0,0
R001993,Greater NYC,Midtown Manhattan,9.545061759818754,11,3,10,0,0,0,8
R001994,Boston,Chestnut Hill,4.111576069695282,8,3,6,0,0,0,7
R001995,Greater NYC,Lower Manhattan–North Brooklyn,10.013310904918711,7,4,6,0,0,0,6
R001996,Houston,Houston,13.030016089792428,9,1,7,0,0,0,6
R001997,Greater NYC,Lower Manhattan–North Brooklyn,52.90478625668052,46,6,30,0,0,0,41
R001998,Greater NYC,Westchester,3.1127723713662943,5,2,4,0,0,0,2
R001999,Greater NYC,Uptown Manhattan,11.284112803307709,9,2,8,0,0,0,8
R002000,Greater NYC,Midtown Manhattan,7.727084598714822,6,3,6,0,0,0,6
R002001,Greater NYC,Lower Manhattan–North Brooklyn,3.563487714747023,5,4,5,0,0,0,4
R002002,Greater NYC,Nassau County,7.091640130629331,7,1,5,0,0,0,6
R002003,DMV,DC–Arlington,4.650109212043304,5,2,4,0,0,0,4
R002004,Greater NYC,Lower Manhattan–North Brooklyn,64.46523016488996,41,8,22,0,0,0,31
R002005,Northern California,Marin County,8.92149984690351,16,1,8,0,0,0,9
R002006,Greater NYC,Lower Manhattan–North Brooklyn,7.854275786175954,10,4,8,0,0,0,9
R002007,Greater NYC,Midtown Manhattan,1.031667572865598,2,2,2,0,0,0,2
R002008,DMV,DC–Arlington,8.311676105246233,13,3,9,0,0,0,12
R002009,Northern California,Marin County,21.29748515152394,21,4,13,0,0,0,14
R002010,Greater NYC,North Jersey,1.0,2,2,2,0,0,0,2
R002011,DMV,DC–Arlington,5.371221841038809,5,2,5,0,0,0,3
R002012,Greater NYC,Westchester,4.125192910042727,7,2,6,0,0,0,6
R002013,DMV,DC–Arlington,1.2150836741088389,0,0,0,0,0,0,0
R002014,DMV,DC–Arlington,1.0,2,2,2,0,0,0,2
R002015,Chicago,Chicago,10.902254656565113,13,2,7,0,0,0,9
R002016,Greater NYC,Lower Manhattan–North Brooklyn,14.297764436229158,17,5,13,0,0,0,17
R002017,Greater NYC,Hudson County,7.097624534785343,4,1,3,0,0,0,3
R002018,Greater NYC,Fairfield County,7.491862110891774,3,2,3,0,0,0,2
R002019,Chicago,Chicago,23.999395541051555,25,2,12,0,0,0,20
R002020,Greater NYC,Uptown Manhattan,72.82415849893908,80,9,34,0,0,0,61
R002021,Philadelphia,Philadelphia,19.549522584000787,20,1,6,0,0,0,15
R002022,Greater NYC,Uptown Manhattan,9.333977525692422,7,3,7,0,0,0,7
R002023,DMV,DC–Arlington,8.91010797175337,4,2,4,0,0,0,4
R002024,Greater NYC,Uptown Manhattan,2.4059716596122542,5,3,5,0,0,0,5
R002025,Greater NYC,Nassau County,1.677721414295805,2,1,2,0,0,0,2
R002026,South Florida,Miami,25.442345755729654,21,2,7,0,0,0,15
R002027,Atlanta,Atlanta,1.0,2,1,1,0,0,0,2
R002028,Chicago,Chicago,6.440185144418347,5,2,4,0,0,0,3
R002029,Greater NYC,Lower Manhattan–North Brooklyn,2.0767050770969524,0,0,0,0,0,0,0
R002030,Greater NYC,Westchester,4.105237607224922,1,1,1,0,0,0,1
R002031,Greater NYC,Uptown Manhattan,1.0,2,1,2,0,0,0,1
R002032,Greater NYC,Lower Manhattan–North Brooklyn,1.094318737608313,2,2,2,0,0,0,2
R002033,Austin,Austin,1.0,1,1,1,0,0,0,1
R002034,Greater NYC,Midtown Manhattan,5.169675758851758,9,4,7,0,0,0,7
R002035,Dallas,Dallas,5.028733143238124,6,1,6,0,0,0,4
R002036,Greater NYC,Uptown Manhattan,4.742103557650642,3,2,3,0,0,0,3
R002037,Southern California,Los Angeles,11.145714694587324,15,4,8,0,0,0,8
R002038,Northern California,Marin County,4.081626610768659,4,2,4,0,0,0,2
R002039,Greater NYC,Lower Manhattan–North Brooklyn,4.55637623263694,7,5,7,0,0,0,4
R002040,Ann Arbor,Ann Arbor,18.27338455032746,19,1,3,0,0,0,11
R002041,Greater NYC,North Jersey,14.14606089421246,13,3,10,0,0,0,9
R002042,Southern California,Los Angeles,2.515403656551404,3,1,3,0,0,0,3
R002043,DMV,Montgomery County,3.9736035460211214,10,1,7,0,0,0,9
R002044,Greater NYC,North Jersey,34.006651813908896,33,2,9,2,0,0,14
R002045,Southern California,Los Angeles,2.6259308596298285,3,1,3,0,0,0,2
R002046,Northern California,San Francisco,8.660167645384991,4,2,4,0,0,0,3
R002047,Greater NYC,Uptown Manhattan,1.4228826776162704,2,2,2,0,0,0,1
R002048,DMV,DC–Arlington,43.74454023289909,50,3,18,1,0,0,37
R002049,DMV,DC–Arlington,1.0,1,1,1,0,0,0,1
R002050,Greater NYC,Fairfield County,10.15590315264785,6,2,6,0,0,0,6
R002051,Greater NYC,Midtown Manhattan,6.104016718134281,6,3,6,0,0,0,5
R002052,Greater NYC,Lower Manhattan–North Brooklyn,3.678356711048756,3,2,3,0,0,0,3
R002053,Greater NYC,Lower Manhattan–North Brooklyn,2.7890874610497107,7,3,6,0,0,0,4
R002054,Greater NYC,Lower Manhattan–North Brooklyn,4.777284230067337,7,6,7,0,0,0,5
R002055,Atlanta,Atlanta,7.868063088342036,14,1,4,0,0,0,9
R002056,Greater NYC,Westchester,117.78030950793142,133,9,24,9,0,0,71
R002057,Northern California,Silicon Valley,2.3690614456531964,3,2,3,0,0,0,3
R002058,Boston,Boston,1.0,1,1,1,0,0,0,1
R002059,DMV,DC–Arlington,1.8305641363519365,3,2,3,0,0,0,3
R002060,Greater NYC,Westchester,5.377276986318843,4,2,3,0,0,0,3
R002061,Philadelphia,Main Line,2.5735526613751545,4,1,3,0,0,0,2
R002062,Southern California,Los Angeles,1.0600855167756735,2,1,2,0,0,0,1
R002063,Greater NYC,Lower Manhattan–North Brooklyn,14.80193120264983,14,6,13,0,0,0,12
R002064,Atlanta,Atlanta,1.0,0,0,0,0,0,0,0
R002065,DMV,Montgomery County,100.59437227667566,100,1,11,3,0,0,54
R002066,Greater NYC,Uptown Manhattan,3.6069739123556928,0,0,0,0,0,0,0
R002067,Boston,Boston,16.54309633103108,22,3,11,0,0,0,16
R002068,Greater NYC,Nassau County,4.339139910082088,3,1,3,0,0,0,3
R002069,South Florida,Miami,5.250873835829551,5,2,3,0,0,0,4
R002070,DMV,Montgomery County,1.0,0,0,0,0,0,0,0
R002071,Greater NYC,Fairfield County,6.726691964367581,11,3,9,0,0,0,8
R002072,Greater NYC,Lower Manhattan–North Brooklyn,6.0950143595615405,4,4,4,0,0,0,3
R002073,Greater NYC,Hudson County,5.001921284230269,4,2,4,0,0,0,3
R002074,Greater NYC,Uptown Manhattan,2.0797145202012843,2,1,2,0,0,0,1
R002075,Greater NYC,Fairfield County,43.470332778328455,29,4,22,0,0,0,21
R002076,Greater NYC,Midtown Manhattan,8.187353161418454,7,4,7,0,0,0,6
R002077,Atlanta,Atlanta,28.75128207464888,33,1,4,1,0,0,20
R002078,Greater NYC,Hudson County,15.82990792257968,11,2,10,0,0,0,7
R002079,Greater NYC,Lower Manhattan–North Brooklyn,14.241894145761608,13,6,12,0,0,0,9
R002080,Chicago,Chicago,1.0,2,2,2,0,0,0,2
R002081,South Florida,Miami,7.431092238255919,6,2,3,0,0,0,4
R002082,Greater NYC,Midtown Manhattan,3.134740401671262,4,2,3,0,0,0,4
R002083,Chicago,Chicago,1.8167331010576857,1,1,1,0,0,0,1
R002084,Boston,Boston,21.05535047511903,16,2,8,0,0,0,12
R002085,DMV,DC–Arlington,8.423450355088713,7,3,7,0,0,0,5
R002086,Greater NYC,Lower Manhattan–North Brooklyn,1.0,1,1,1,0,0,0,1
R002087,Greater NYC,Nassau County,9.754436805224492,11,2,8,0,0,0,10
R002088,DMV,DC–Arlington,1.0,1,1,1,0,0,0,0
R002089,Greater NYC,Lower Manhattan–North Brooklyn,5.026670667687715,2,2,2,0,0,0,2
R002090,Northern California,Silicon Valley,16.067922843933005,12,2,8,0,0,0,7
R002091,Greater NYC,Lower Manhattan–North Brooklyn,1.0,1,1,1,0,0,0,0
R002092,Southern California,Pasadena,5.405916863970002,3,1,3,0,0,0,3
R002093,Greater NYC,Westchester,1.0,0,0,0,0,0,0,0
R002094,Greater NYC,Westchester,4.535983586607414,4,2,3,0,0,0,3
R002095,Greater NYC,Westchester,4.947222508616067,6,3,4,0,0,0,4
R002096,Southern California,Los Angeles,1.2185896468675532,1,1,1,0,0,0,1
R002097,Greater NYC,Midtown Manhattan,15.00315043517824,13,4,13,0,0,0,11
R002098,Greater NYC,Midtown Manhattan,1.0,1,1,1,0,0,0,1
R002099,South Florida,Miami,1.0,0,0,0,0,0,0,0
R002100,DMV,DC–Arlington,4.644498472615807,4,2,4,0,0,0,4
R002101,Philadelphia,Main Line,19.17341677148315,13,2,6,0,0,0,7
R002102,Greater NYC,Midtown Manhattan,1.0,0,0,0,0,0,0,0
R002103,South Florida,Miami,10.113213247588805,8,2,4,0,0,0,5
R002104,DMV,DC–Arlington,9.815127272502444,10,3,8,0,0,0,6
R002105,Greater NYC,Uptown Manhattan,19.860688951732083,14,3,11,0,0,0,14
R002106,Greater NYC,Nassau County,1.149019827901966,1,1,1,0,0,0,1
R002107,Southern California,Pasadena,7.180741809944404,7,3,5,0,0,0,4
R002108,Boston,Chestnut Hill,1.0,1,1,1,0,0,0,0
R002109,Greater NYC,Lower Manhattan–North Brooklyn,4.624944772454226,4,2,4,0,0,0,4
R002110,DMV,DC–Arlington,7.134659786269077,5,3,5,0,0,0,5
R002111,Greater NYC,Fairfield County,23.76762728170521,12,2,9,0,0,0,8
R002112,Greater NYC,Fairfield County,1.0,1,1,1,0,0,0,1
R002113,Greater NYC,Uptown Manhattan,5.986992278833402,6,3,6,0,0,0,5
R002114,Boston,Boston,4.058460820745538,4,2,4,0,0,0,3
R002115,Southern California,Los Angeles,40.31560630581733,35,3,12,0,0,0,23
R002116,Greater NYC,Lower Manhattan–North Brooklyn,42.44310976264247,44,8,27,0,0,0,36
R002117,Greater NYC,Midtown Manhattan,1.0723651230431843,1,1,1,0,0,0,1
R002118,Greater NYC,Uptown Manhattan,1.0,1,1,1,0,0,0,1
R002119,Southern California,Los Angeles,4.539951881930931,5,3,5,0,0,0,3
R002120,Atlanta,Atlanta,16.178834484240497,25,1,4,0,0,0,19
R002121,Greater NYC,Westchester,2.2254458802929387,1,1,1,0,0,0,1
R002122,Seattle,Seattle,4.78045494650704,3,1,3,0,0,0,2
R002123,Greater NYC,Midtown Manhattan,4.000663601715422,2,1,2,0,0,0,2
R002124,Greater NYC,Lower Manhattan–North Brooklyn,18.27550287588165,15,7,13,0,0,0,14
R002125,Greater NYC,Uptown Manhattan,8.383679972524753,7,4,6,0,0,0,6
R002126,Greater NYC,Midtown Manhattan,45.91288690772789,50,5,27,0,0,0,35
R002127,DMV,DC–Arlington,1.1950087811365775,2,2,2,0,0,0,2
R002128,DMV,Montgomery County,3.34011933395488,7,1,6,0,0,0,7
R002129,Southern California,Los Angeles,5.389563078706183,3,2,3,0,0,0,2
R002130,Southern California,Los Angeles,37.5383486742753,31,4,17,0,0,0,15
R002131,DMV,DC–Arlington,1.0,0,0,0,0,0,0,0
R002132,Greater NYC,Uptown Manhattan,1.7125364664015357,3,2,2,0,0,0,3
R002133,Southern California,Pasadena,1.574686643564223,1,1,1,0,0,0,0
R002134,Chicago,Chicago,16.979635482256054,17,2,8,0,0,0,13
R002135,South Florida,Miami,5.562224058919584,4,1,3,0,0,0,4
R002136,Austin,Austin,8.160465905134108,13,1,5,0,0,0,9
R002137,Greater NYC,Lower Manhattan–North Brooklyn,1.0,1,1,1,0,0,0,1
R002138,Ann Arbor,Ann Arbor,1.8599512734893124,6,1,2,0,0,0,5
R002139,Greater NYC,Uptown Manhattan,6.723112448720628,7,3,6,0,0,0,5
R002140,Greater NYC,North Jersey,37.21074132823657,35,5,17,0,0,0,23
R002141,Boston,Boston,1.1112512225637994,1,1,1,0,0,0,1
R002142,Greater NYC,Fairfield County,2.382787342498042,1,1,1,0,0,0,1
R002143,Greater NYC,Fairfield County,1.3911511726681969,0,0,0,0,0,0,0
R002144,Ann Arbor,Ann Arbor,4.917047425663039,4,1,2,0,0,0,4
R002145,Northern California,Marin County,1.2569877514993348,0,0,0,0,0,0,0
R002146,Boston,Boston,1.0,1,1,1,0,0,0,1
R002147,Greater NYC,Fairfield County,10.117441375326932,13,4,10,0,0,0,12
R002148,Austin,Austin,14.4734252752927,6,1,4,0,0,0,5
R002149,Northern California,Silicon Valley,34.61326064357551,41,1,11,0,0,0,26
R002150,Greater NYC,Lower Manhattan–North Brooklyn,7.17124420784766,6,3,5,0,0,0,5
R002151,Southern California,Pasadena,2.1910506548308177,1,1,1,0,0,0,0
R002152,Philadelphia,Philadelphia,6.5172895987978645,5,2,5,0,0,0,4
R002153,Greater NYC,Midtown Manhattan,2.3815798054600466,2,2,2,0,0,0,2
R002154,Northern California,Silicon Valley,85.82115323416971,89,2,12,5,0,0,52
R002155,Greater NYC,Midtown Manhattan,1.0,0,0,0,0,0,0,0
R002156,South Florida,Miami,4.45545361168523,4,2,4,0,0,0,4
R002157,Greater NYC,Uptown Manhattan,5.778164636036423,6,3,5,0,0,0,6
R002158,Boston,Boston,1.2995707318805545,3,2,2,0,0,0,1
R002159,Greater NYC,Uptown Manhattan,1.42391063043674,1,1,1,0,0,0,0
R002160,Austin,Austin,34.8023389583246,43,1,8,3,0,0,23
R002161,Greater NYC,North Jersey,2.313834105211488,2,2,2,0,0,0,2
R002162,Philadelphia,Main Line,4.354830074393462,2,2,2,0,0,0,1
R002163,South Florida,Miami,1.4338185392880225,1,1,1,0,0,0,1
R002164,DMV,DC–Arlington,19.213460363293997,13,4,8,0,0,0,10
R002165,Greater NYC,Lower Manhattan–North Brooklyn,14.120660189559787,16,6,11,0,0,0,15
R002166,Greater NYC,Lower Manhattan–North Brooklyn,7.062454456429265,11,5,10,0,0,0,7
R002167,Greater NYC,Uptown Manhattan,40.606567265318105,41,5,23,0,0,0,35
R002168,Southern California,Los Angeles,1.0,1,1,1,0,0,0,1
R002169,Greater NYC,Lower Manhattan–North Brooklyn,5.215732130426148,4,2,4,0,0,0,3
R002170,Philadelphia,Philadelphia,9.658742612551452,9,2,6,0,0,0,6
R002171,Boston,Chestnut Hill,4.193106961989508,3,1,3,0,0,0,2
R002172,Seattle,Seattle,21.54621390762955,20,1,8,0,0,0,16
R002173,Greater NYC,Uptown Manhattan,30.463788162516252,27,3,18,0,0,0,22
R002174,Greater NYC,Uptown Manhattan,4.788505415533596,6,3,5,0,0,0,6
R002175,Southern California,Los Angeles,3.745058818488154,5,2,5,0,0,0,1
R002176,Dallas,Dallas,1.0662606818524818,0,0,0,0,0,0,0
R002177,Austin,Austin,15.046279946498736,16,1,5,1,0,0,9
R002178,Northern California,San Francisco,20.071426970256837,20,2,10,1,0,0,14
R002179,Northern California,San Francisco,3.798650480691667,6,2,6,0,0,0,5
R002180,Greater NYC,Hudson County,2.7808227964409733,2,1,2,0,0,0,1
R002181,Southern California,Pasadena,2.604532472934906,8,3,7,0,0,0,7
R002182,Atlanta,Atlanta,5.776110482121187,6,1,3,0,0,0,5
R002183,Dallas,Dallas,1.5330089005063237,3,1,3,0,0,0,2
R002184,Boston,Boston,1.0,0,0,0,0,0,0,0
R002185,DMV,DC–Arlington,5.792305503491835,9,3,8,0,0,0,6
R002186,Greater NYC,Lower Manhattan–North Brooklyn,5.00980865834115,13,5,11,0,0,0,9
R002187,Boston,Chestnut Hill,21.472632613802222,27,1,8,0,0,0,16
R002188,Greater NYC,Uptown Manhattan,5.31320033273015,9,3,8,0,0,0,8
R002189,Greater NYC,Nassau County,1.3439720689158787,0,0,0,0,0,0,0
R002190,Greater NYC,Lower Manhattan–North Brooklyn,10.578272384259568,9,5,8,0,0,0,6
R002191,Greater NYC,North Jersey,3.682911121755144,3,2,3,0,0,0,2
R002192,Southern California,Pasadena,1.0,0,0,0,0,0,0,0
R002193,Greater NYC,Uptown Manhattan,1.64421260238749,2,2,2,0,0,0,2
R002194,Austin,Austin,1.051615006408222,1,1,1,0,0,0,1
R002195,Greater NYC,Uptown Manhattan,89.03602098971142,98,8,37,2,0,0,73
R002196,Greater NYC,Lower Manhattan–North Brooklyn,15.125219960137736,17,6,17,0,0,0,13
R002197,DMV,Montgomery County,1.6323412649906286,4,1,4,0,0,0,3
R002198,Dallas,Dallas,8.475189778878539,10,1,6,0,0,0,8
R002199,Chicago,Chicago,14.063382817324538,20,2,7,0,0,0,15
R002200,Greater NYC,Uptown Manhattan,2.956804978735269,5,3,4,0,0,0,3
R002201,Greater NYC,Nassau County,35.8167161185554,37,2,15,0,0,0,28
R002202,Greater NYC,Nassau County,1.0,0,0,0,0,0,0,0
R002203,DMV,DC–Arlington,7.827610527651654,11,3,7,0,0,0,6
R002204,Greater NYC,Lower Manhattan–North Brooklyn,6.94073587818855,8,4,8,0,0,0,7
R002205,Dallas,Dallas,9.67956365786675,8,1,6,0,0,0,7
R002206,Southern California,Los Angeles,4.552870279067258,6,3,5,0,0,0,5
R002207,Austin,Austin,2.296215035065136,2,1,2,0,0,0,1
R002208,Dallas,Dallas,1.9280061500979504,3,1,2,0,0,0,2
R002209,Greater NYC,Lower Manhattan–North Brooklyn,97.6871560022783,95,6,45,0,0,0,76
R002210,Ann Arbor,Ann Arbor,11.7310608338832,10,1,3,0,0,0,6
R002211,Southern California,Los Angeles,4.054165651315867,1,1,1,0,0,0,1
R002212,Greater NYC,Lower Manhattan–North Brooklyn,1.290678014011258,1,1,1,0,0,0,1
R002213,Boston,Boston,2.601315812830712,4,1,3,0,0,0,3
R002214,Greater NYC,Lower Manhattan–North Brooklyn,26.804238988426096,20,6,15,0,0,0,17
R002215,Greater NYC,Midtown Manhattan,5.125654730765742,5,2,5,0,0,0,3
R002216,Philadelphia,Main Line,23.627710661600226,24,1,8,0,0,0,21
R002217,Seattle,Seattle,11.15638705373584,7,1,6,0,0,0,7
R002218,Greater NYC,Lower Manhattan–North Brooklyn,2.7998474952640335,3,2,3,0,0,0,3
R002219,South Florida,Miami,10.603678675532429,15,2,7,0,0,0,14
R002220,Greater NYC,Uptown Manhattan,1.31302311591196,0,0,0,0,0,0,0
R002221,Greater NYC,Lower Manhattan–North Brooklyn,1.9121043833243192,3,2,3,0,0,0,2
R002222,Northern California,San Francisco,1.3742471587754514,2,2,2,0,0,0,1
R002223,Greater NYC,North Jersey,35.246203982161994,28,1,11,0,0,0,15
R002224,Atlanta,Atlanta,24.389957743461597,23,1,4,1,0,0,18
R002225,DMV,DC–Arlington,12.088288756712233,17,3,11,0,0,0,12
R002226,DMV,DC–Arlington,2.8087684993468764,5,3,5,0,0,0,3
R002227,Atlanta,Atlanta,1.6671261677695777,2,1,1,0,0,0,2
R002228,Boston,Boston,22.34592427355948,22,3,11,0,0,0,14
R002229,Greater NYC,Midtown Manhattan,10.772610049836718,10,4,8,0,0,0,9
R002230,South Florida,Miami,1.0,0,0,0,0,0,0,0
R002231,Greater NYC,Uptown Manhattan,29.818361811022413,29,4,19,0,0,0,24
R002232,Greater NYC,Nassau County,79.10182488305489,90,7,19,2,0,0,56
R002233,Philadelphia,Philadelphia,1.4386042645752044,2,2,2,0,0,0,2
R002234,Greater NYC,Uptown Manhattan,24.08994755708219,20,3,13,0,0,0,14
R002235,Greater NYC,Lower Manhattan–North Brooklyn,3.409599576693312,4,3,3,0,0,0,3
R002236,Greater NYC,Midtown Manhattan,24.700683096379617,30,5,20,0,0,0,21
R002237,Greater NYC,Lower Manhattan–North Brooklyn,4.920665650178682,3,3,3,0,0,0,2
R002238,Greater NYC,Nassau County,1.0,2,1,2,0,0,0,2
R002239,Greater NYC,Lower Manhattan–North Brooklyn,7.196824270833756,6,4,5,0,0,0,5
R002240,Greater NYC,Uptown Manhattan,7.574549152265854,4,3,4,0,0,0,4
R002241,Southern California,Los Angeles,2.489734844665716,3,2,3,0,0,0,1
R002242,Houston,Houston,10.05209502192184,12,1,6,0,0,0,8
R002243,Austin,Austin,3.7922207138039834,3,1,3,0,0,0,1
R002244,Greater NYC,Fairfield County,4.924578696160116,1,1,1,0,0,0,1
R002245,Southern California,Los Angeles,10.418072879151005,9,3,7,0,0,0,7
R002246,Greater NYC,Lower Manhattan–North Brooklyn,4.052339553584638,4,4,3,0,0,0,1
R002247,Greater NYC,North Jersey,1.060640873261492,0,0,0,0,0,0,0
R002248,Greater NYC,North Jersey,3.550537914241139,5,1,5,0,0,0,4
R002249,Seattle,Seattle,8.454644002150484,5,1,4,0,0,0,4
R002250,Greater NYC,Lower Manhattan–North Brooklyn,1.4399413481289105,2,2,2,0,0,0,2
R002251,Greater NYC,Westchester,1.676735293775944,2,2,2,0,0,0,1
R002252,Northern California,San Francisco,1.0,0,0,0,0,0,0,0
R002253,Northern California,Marin County,8.656524293030639,7,3,6,0,0,0,6
R002254,Southern California,Los Angeles,21.14079552386773,22,4,12,0,0,0,14
R002255,Boston,Chestnut Hill,11.103304551695553,8,2,7,0,0,0,4
R002256,Austin,Austin,25.149250041741272,27,1,8,1,0,0,14
R002257,Greater NYC,Lower Manhattan–North Brooklyn,7.51282141956435,8,5,6,0,0,0,6
R002258,Southern California,Los Angeles,1.6292126322628846,4,2,3,0,0,0,1
R002259,Northern California,San Francisco,1.0,1,1,1,0,0,0,1
R002260,Philadelphia,Main Line,1.0,1,1,1,0,0,0,1
R002261,DMV,DC–Arlington,7.324805215346398,11,3,7,0,0,0,10
R002262,Atlanta,Atlanta,44.80536370403064,46,1,4,1,1,2,28
R002263,DMV,DC–Arlington,1.3549152306479082,3,2,2,0,0,0,2
R002264,DMV,DC–Arlington,9.407485052336012,10,3,7,0,0,0,7
R002265,Greater NYC,Fairfield County,2.0138254482610285,0,0,0,0,0,0,0
R002266,Greater NYC,Lower Manhattan–North Brooklyn,4.170872375115712,3,2,3,0,0,0,0
R002267,Northern California,Silicon Valley,1.0,0,0,0,0,0,0,0
R002268,Greater NYC,Uptown Manhattan,13.095533117511284,6,4,5,0,0,0,6
R002269,Greater NYC,Nassau County,4.862953876497575,7,2,7,0,0,0,5
R002270,Greater NYC,Midtown Manhattan,2.4653761052287684,4,2,3,0,0,0,4
R002271,Southern California,Los Angeles,3.059678468767901,5,2,5,0,0,0,1
R002272,Philadelphia,Main Line,8.031599542453932,15,2,8,0,0,0,11
R002273,Austin,Austin,9.94290374958638,10,1,6,0,0,0,5
R002274,Greater NYC,Fairfield County,9.315876405906588,7,4,6,0,0,0,5
R002275,Greater NYC,Uptown Manhattan,13.177607059087864,12,3,10,0,0,0,8
R002276,Greater NYC,Lower Manhattan–North Brooklyn,18.88827537536747,20,7,18,0,0,0,18
R002277,Chicago,Chicago,2.456641131151205,1,1,1,0,0,0,1
R002278,South Florida,Miami,5.197508074877234,4,2,3,0,0,0,4
R002279,DMV,Montgomery County,26.748654900784068,21,3,12,1,0,0,16
R002280,Greater NYC,Westchester,1.0,2,2,2,0,0,0,1
R002281,Boston,Boston,1.0,2,2,2,0,0,0,2
R002282,Boston,Chestnut Hill,2.2527044581545344,2,1,2,0,0,0,1
R002283,Southern California,Los Angeles,1.0,2,2,2,0,0,0,1
R002284,DMV,DC–Arlington,2.062452254276598,1,1,1,0,0,0,1
R002285,Greater NYC,North Jersey,2.4043567217689734,2,1,2,0,0,0,1
R002286,Greater NYC,Lower Manhattan–North Brooklyn,1.0,2,1,2,0,0,0,1
R002287,Greater NYC,Lower Manhattan–North Brooklyn,9.557246992743694,11,4,8,0,0,0,10
R002288,Philadelphia,Philadelphia,6.603024583234183,6,1,3,0,0,0,2
R002289,South Florida,Miami,7.875660025163787,6,2,2,0,0,0,5
R002290,Greater NYC,Lower Manhattan–North Brooklyn,1.0,1,1,1,0,0,0,1
R002291,Greater NYC,Midtown Manhattan,2.559180887073603,1,1,1,0,0,0,1
R002292,Greater NYC,Midtown Manhattan,4.437916667357396,8,4,7,0,0,0,5
R002293,Southern California,Los Angeles,2.945107010509824,3,2,3,0,0,0,2
R002294,DMV,DC–Arlington,5.375690835190875,5,2,4,0,0,0,4
R002295,Seattle,Seattle,1.8478117277966477,1,1,1,0,0,0,1
R002296,Dallas,Dallas,3.960505830351019,5,1,4,0,0,0,3
R002297,Greater NYC,Midtown Manhattan,133.17653295636862,128,5,37,1,0,0,94
R002298,DMV,Montgomery County,14.575303207352857,18,3,11,0,0,0,16
R002299,Seattle,Seattle,7.636913359892819,9,1,6,0,0,0,6
R002300,Greater NYC,Midtown Manhattan,10.938068894918931,11,4,9,0,0,0,8
R002301,Chicago,Chicago,43.773450342813405,40,2,10,0,0,0,26
R002302,Greater NYC,Nassau County,3.5419288722026376,4,3,3,0,0,0,3
R002303,Boston,Boston,1.0,2,2,2,0,0,0,1
R002304,Southern California,Los Angeles,1.5200735612210885,1,1,1,0,0,0,0
R002305,Greater NYC,Uptown Manhattan,1.0,0,0,0,0,0,0,0
R002306,Philadelphia,Main Line,17.08067494939889,17,1,7,0,0,0,10
R002307,Southern California,Los Angeles,23.400784357683996,18,3,13,0,0,0,7
R002308,DMV,DC–Arlington,10.01210763093564,11,3,9,0,0,0,10
R002309,Seattle,Seattle,1.0,2,1,2,0,0,0,1
R002310,Greater NYC,Lower Manhattan–North Brooklyn,36.3246071202555,30,8,24,0,0,0,24
R002311,Greater NYC,Uptown Manhattan,1.8656583849967936,0,0,0,0,0,0,0
R002312,Houston,Houston,1.0,1,1,1,0,0,0,1
R002313,Philadelphia,Philadelphia,10.786876861622382,13,2,7,0,0,0,11
R002314,Austin,Austin,3.658164404681993,4,1,3,0,0,0,3
R002315,DMV,Montgomery County,17.889425560018935,19,1,8,0,0,0,9
R002316,Greater NYC,Nassau County,10.88746787431637,10,2,8,0,0,0,8
R002317,Greater NYC,Midtown Manhattan,19.61855717525628,25,4,20,0,0,0,22
R002318,Greater NYC,Midtown Manhattan,12.80815260644462,15,5,13,0,0,0,10
R002319,South Florida,Miami,22.484595983483636,24,2,7,0,0,0,17
R002320,South Florida,Miami,11.407393782308883,14,2,6,0,0,0,10
R002321,Southern California,Los Angeles,18.970315487151332,18,3,11,0,0,0,8
R002322,Greater NYC,Uptown Manhattan,7.971746163653103,12,5,10,0,0,0,9
R002323,Dallas,Dallas,4.45018268129842,5,1,2,0,0,0,3
R002324,Greater NYC,Lower Manhattan–North Brooklyn,3.7350765636037857,4,2,4,0,0,0,4
R002325,Greater NYC,Lower Manhattan–North Brooklyn,18.53802770567237,10,5,9,0,0,0,9
R002326,Greater NYC,Lower Manhattan–North Brooklyn,10.473951462857048,6,4,5,0,0,0,6
R002327,Greater NYC,Lower Manhattan–North Brooklyn,18.14659751238233,13,5,12,0,0,0,11
R002328,Greater NYC,Uptown Manhattan,2.046115312086422,2,1,2,0,0,0,2
R002329,DMV,Montgomery County,36.441603502932,41,2,16,1,0,0,28
R002330,Northern California,San Francisco,7.335260306861083,6,2,6,0,0,0,5
R002331,Atlanta,Atlanta,10.07180054104323,12,1,3,0,0,0,11
R002332,South Florida,Miami,4.789868234733831,9,1,5,0,0,0,8
R002333,Greater NYC,Lower Manhattan–North Brooklyn,6.256628259218684,8,4,8,0,0,0,8
R002334,Northern California,Marin County,2.1782652618863163,4,1,4,0,0,0,3
R002335,Northern California,Marin County,8.62539494878157,12,2,7,0,0,0,10
R002336,Greater NYC,Uptown Manhattan,1.0,1,1,1,0,0,0,0
R002337,Philadelphia,Main Line,110.2555747950618,110,2,9,2,0,0,67
R002338,Greater NYC,Midtown Manhattan,9.38335324744717,9,4,7,0,0,0,8
R002339,Southern California,Los Angeles,16.51682474200183,8,2,6,0,0,0,8
R002340,Northern California,Silicon Valley,3.5459336573380096,8,2,7,0,0,0,7
R002341,Greater NYC,Uptown Manhattan,1.2678847182364363,2,2,2,0,0,0,0
R002342,Southern California,Pasadena,2.5040106545010503,2,1,2,0,0,0,1
R002343,Greater NYC,Uptown Manhattan,1.160850760463286,0,0,0,0,0,0,0
R002344,Greater NYC,Lower Manhattan–North Brooklyn,13.816188280838936,14,5,12,0,0,0,12
R002345,Greater NYC,Uptown Manhattan,14.829369615135958,15,3,14,0,0,0,13
R002346,DMV,Montgomery County,3.507009238836158,7,2,5,0,0,0,5
R002347,Southern California,Pasadena,5.2699988715106025,7,1,6,0,0,0,5
R002348,Greater NYC,Lower Manhattan–North Brooklyn,31.92017926349087,36,7,27,0,0,0,28
R002349,Greater NYC,Westchester,14.317923520949323,16,3,11,0,0,0,16
R002350,Seattle,Seattle,1.0,1,1,1,0,0,0,1
R002351,Greater NYC,Uptown Manhattan,1.96501022937714,2,2,2,0,0,0,2
R002352,Chicago,Chicago,4.432254162885855,6,2,5,0,0,0,5
R002353,Greater NYC,Lower Manhattan–North Brooklyn,9.417528685766817,7,4,7,0,0,0,4
R002354,Ann Arbor,Ann Arbor,40.91367442866562,42,1,3,4,1,0,21
R002355,DMV,Montgomery County,4.302858836732439,4,1,3,0,0,0,3
R002356,Northern California,San Francisco,14.90053351048656,8,2,6,0,0,0,6
R002357,Greater NYC,Midtown Manhattan,1.645392719471341,5,3,5,0,0,0,4
R002358,Boston,Boston,3.228531930521061,1,1,1,0,0,0,0
R002359,Chicago,Chicago,2.1126022158433013,0,0,0,0,0,0,0
R002360,Greater NYC,Lower Manhattan–North Brooklyn,32.30680545237365,30,7,22,0,0,0,24
R002361,Northern California,San Francisco,1.2685407475696864,1,1,1,0,0,0,1
R002362,Greater NYC,Midtown Manhattan,1.0,0,0,0,0,0,0,0
R002363,Chicago,Chicago,2.3501037410884087,4,1,3,0,0,0,2
R002364,Houston,Houston,1.6919532910698156,4,1,3,0,0,0,2
R002365,Philadelphia,Main Line,13.595738769221034,15,2,8,0,0,0,13
R002366,Boston,Chestnut Hill,2.438571941802965,2,1,2,0,0,0,1
R002367,Greater NYC,Uptown Manhattan,2.0540526845841103,2,1,2,0,0,0,2
R002368,DMV,Montgomery County,8.476191043181668,6,1,4,0,0,0,2
R002369,Boston,Boston,1.4442156318179735,3,1,2,0,0,0,1
R002370,Greater NYC,North Jersey,11.693075259686802,7,1,6,0,0,0,3
R002371,Greater NYC,Lower Manhattan–North Brooklyn,10.698619345201315,8,6,8,0,0,0,5
R002372,Boston,Chestnut Hill,1.0,0,0,0,0,0,0,0
R002373,Boston,Chestnut Hill,3.8464613691607066,2,1,2,0,0,0,2
R002374,Northern California,Silicon Valley,43.26390441369319,40,2,17,0,0,0,33
R002375,Greater NYC,North Jersey,1.0727208750398012,2,1,2,0,0,0,0
R002376,Houston,Houston,9.776318713541588,7,1,6,0,0,0,5
R002377,Greater NYC,Westchester,12.343288496838971,7,2,4,0,0,0,4
R002378,Chicago,Chicago,1.2002152905240475,0,0,0,0,0,0,0
R002379,Boston,Chestnut Hill,7.450408770778227,6,2,4,0,0,0,5
R002380,South Florida,Miami,2.2282602590274077,3,2,3,0,0,0,1
R002381,Greater NYC,Uptown Manhattan,4.502797633047825,3,3,3,0,0,0,2
R002382,Greater NYC,Midtown Manhattan,24.47933875156144,17,4,12,0,0,0,13
R002383,Greater NYC,Uptown Manhattan,12.729239522265974,13,4,13,0,0,0,11
R002384,Houston,Houston,13.178925880405664,7,1,4,0,0,0,6
R002385,Chicago,Chicago,2.4557825032888125,3,2,2,0,0,0,2
R002386,Greater NYC,Westchester,13.471389204546371,15,3,12,0,0,0,11
R002387,DMV,DC–Arlington,6.945695379825037,4,2,3,0,0,0,3
R002388,Philadelphia,Main Line,30.21922994708252,27,1,7,0,0,0,17
R002389,Houston,Houston,37.588145701805935,36,1,9,1,0,0,19
R002390,Boston,Chestnut Hill,9.111967026240636,6,2,5,0,0,0,3
R002391,Greater NYC,Lower Manhattan–North Brooklyn,29.404490918052858,29,7,18,0,0,0,25
R002392,Chicago,Chicago,2.806196855260442,1,1,1,0,0,0,1
R002393,Greater NYC,Lower Manhattan–North Brooklyn,6.651674564412919,7,5,6,0,0,0,6
R002394,Greater NYC,Midtown Manhattan,2.7444937539217227,1,1,1,0,0,0,1
R002395,Greater NYC,Lower Manhattan–North Brooklyn,1.0,1,1,1,0,0,0,0
R002396,DMV,DC–Arlington,5.402486031762734,7,3,6,0,0,0,4
R002397,Greater NYC,Lower Manhattan–North Brooklyn,6.87434538373005,8,5,8,0,0,0,8
R002398,Northern California,San Francisco,8.854110423632877,8,2,6,0,0,0,7
R002399,Greater NYC,Uptown Manhattan,17.598785770530363,16,5,16,0,0,0,15
R002400,Seattle,Seattle,4.566969156843988,3,1,3,0,0,0,2
R002401,Greater NYC,Uptown Manhattan,14.050859801800666,21,5,17,0,0,0,20
R002402,Dallas,Dallas,15.847755332572987,14,1,6,0,0,0,8
R002403,Greater NYC,Lower Manhattan–North Brooklyn,1.6381552674176554,3,2,3,0,0,0,3
R002404,Southern California,Los Angeles,1.0,2,2,2,0,0,0,1
R002405,Atlanta,Atlanta,3.414344285383172,4,1,2,0,0,0,4
R002406,Greater NYC,Uptown Manhattan,29.338392011518643,25,5,18,0,0,0,21
R002407,Seattle,Seattle,7.028195853371711,11,1,5,0,0,0,8
R002408,Greater NYC,Midtown Manhattan,10.62314512949948,6,2,5,0,0,0,4
R002409,Greater NYC,Lower Manhattan–North Brooklyn,5.760183945418832,7,4,6,0,0,0,7
R002410,Northern California,San Francisco,3.554906543349958,3,2,2,0,0,0,1
R002411,Greater NYC,Lower Manhattan–North Brooklyn,1.0,0,0,0,0,0,0,0
R002412,Greater NYC,Lower Manhattan–North Brooklyn,8.074273907049948,9,6,9,0,0,0,8
R002413,Greater NYC,Midtown Manhattan,2.3521798227965047,1,1,1,0,0,0,1
R002414,DMV,DC–Arlington,1.819009846622711,6,2,5,0,0,0,4
R002415,Dallas,Dallas,73.08682346627185,93,1,9,4,1,7,46
R002416,Southern California,Pasadena,11.289468380308376,16,2,7,0,0,0,10
R002417,DMV,DC–Arlington,3.0868405129934624,3,2,3,0,0,0,3
R002418,Boston,Boston,25.36636271481363,28,2,10,0,0,0,19
R002419,Greater NYC,Uptown Manhattan,1.5005885232423477,2,2,2,0,0,0,2
R002420,Ann Arbor,Ann Arbor,3.0504499870733572,7,1,3,0,0,0,5
R002421,Greater NYC,Westchester,7.053522225437492,3,2,3,0,0,0,3
R002422,Greater NYC,Midtown Manhattan,10.838760356816888,7,4,5,0,0,0,6
R002423,DMV,Montgomery County,6.244316731959899,6,1,6,0,0,0,3
R002424,Ann Arbor,Ann Arbor,3.1610335891357164,6,1,3,0,0,0,4
R002425,Chicago,Chicago,1.0,3,2,3,0,0,0,3
R002426,Greater NYC,Lower Manhattan–North Brooklyn,1.465530071189582,3,2,2,0,0,0,3
R002427,Greater NYC,Uptown Manhattan,3.761999701082749,4,2,4,0,0,0,4
R002428,DMV,DC–Arlington,2.0224482701391713,1,1,1,0,0,0,0
R002429,Greater NYC,Uptown Manhattan,1.3937803819070311,2,2,2,0,0,0,1
R002430,Greater NYC,Midtown Manhattan,1.2263302815393478,2,2,2,0,0,0,2
R002431,Greater NYC,Midtown Manhattan,1.466814709164061,4,3,3,0,0,0,4
R002432,Greater NYC,Fairfield County,1.1952437986080622,0,0,0,0,0,0,0
R002433,Greater NYC,Uptown Manhattan,4.630974750612574,1,1,1,0,0,0,1
R002434,DMV,DC–Arlington,5.29587037033096,3,2,3,0,0,0,3
R002435,Greater NYC,Lower Manhattan–North Brooklyn,14.201570119294177,15,6,13,0,0,0,13
R002436,Greater NYC,Fairfield County,12.307727830705453,12,4,10,0,0,0,10
R002437,Greater NYC,Uptown Manhattan,6.340320315380169,5,3,5,0,0,0,4
R002438,Greater NYC,Hudson County,19.545488302209,17,1,10,0,0,0,9
R002439,Southern California,Los Angeles,1.4521557259453806,0,0,0,0,0,0,0
R002440,DMV,DC–Arlington,1.0,0,0,0,0,0,0,0
R002441,Greater NYC,Westchester,1.0,0,0,0,0,0,0,0
R002442,Greater NYC,Lower Manhattan–North Brooklyn,1.0,1,1,1,0,0,0,1
R002443,Southern California,Pasadena,12.308772214707725,12,1,6,0,0,0,10
R002444,Greater NYC,Nassau County,1.626501197943378,2,1,2,0,0,0,0
R002445,Greater NYC,Uptown Manhattan,6.026500020877348,6,3,5,0,0,0,5
R002446,Philadelphia,Main Line,6.63321266905397,5,2,5,0,0,0,3
R002447,Boston,Boston,6.6680691167902575,8,2,6,0,0,0,5
R002448,Greater NYC,Lower Manhattan–North Brooklyn,27.827734045395907,27,11,23,0,0,0,24
R002449,Southern California,Los Angeles,2.4170014664352104,1,1,1,0,0,0,1
R002450,Southern California,Los Angeles,8.15419073168918,11,3,7,0,0,0,6
R002451,Philadelphia,Main Line,1.0,1,1,1,0,0,0,1
R002452,Greater NYC,Uptown Manhattan,3.130525946285825,2,2,2,0,0,0,2
R002453,Greater NYC,Midtown Manhattan,10.6832248108503,11,4,8,0,0,0,10
R002454,Greater NYC,Midtown Manhattan,13.408275779628331,7,4,6,0,0,0,6
R002455,DMV,Montgomery County,3.984633033903577,2,1,2,0,0,0,2
R002456,Greater NYC,Lower Manhattan–North Brooklyn,26.276352796670807,20,5,18,0,0,0,17
R002457,Philadelphia,Philadelphia,1.8148117840304463,3,2,3,0,0,0,2
R002458,Greater NYC,Lower Manhattan–North Brooklyn,2.6981048572249033,3,2,3,0,0,0,3
R002459,Greater NYC,Midtown Manhattan,1.4497716714321771,1,1,1,0,0,0,1
R002460,DMV,Montgomery County,3.7914602384125167,2,1,2,0,0,0,2
R002461,Greater NYC,Midtown Manhattan,4.235727534573543,8,5,8,0,0,0,4
R002462,Northern California,San Francisco,1.0,0,0,0,0,0,0,0
R002463,Southern California,Los Angeles,1.0698460620953625,3,2,3,0,0,0,3
R002464,Greater NYC,Lower Manhattan–North Brooklyn,10.127075441442306,13,4,10,0,0,0,13
R002465,South Florida,Miami,17.96965609164572,25,2,5,0,0,0,18
R002466,Greater NYC,Lower Manhattan–North Brooklyn,1.9767236936021424,1,1,1,0,0,0,1
R002467,Boston,Boston,1.0,1,1,1,0,0,0,1
R002468,Greater NYC,Lower Manhattan–North Brooklyn,3.3453470551218407,3,2,3,0,0,0,1
R002469,Greater NYC,Uptown Manhattan,1.0,1,1,1,0,0,0,0
R002470,Greater NYC,Midtown Manhattan,18.556042829652867,17,4,12,0,0,0,14
R002471,Philadelphia,Philadelphia,32.12273258524072,30,1,7,1,0,0,21
R002472,Northern California,San Francisco,11.757661189799297,15,2,11,0,0,0,15
R002473,Greater NYC,Midtown Manhattan,1.953614421585062,6,4,5,0,0,0,6
R002474,DMV,DC–Arlington,15.477283499272442,12,4,10,0,0,0,9
R002475,Philadelphia,Philadelphia,13.584446178399569,16,2,7,0,0,0,11
R002476,Greater NYC,Lower Manhattan–North Brooklyn,11.948091221943288,11,5,11,0,0,0,9
R002477,Greater NYC,Uptown Manhattan,6.578399207121141,6,3,6,0,0,0,5
R002478,Greater NYC,Lower Manhattan–North Brooklyn,1.0,0,0,0,0,0,0,0
R002479,Greater NYC,Uptown Manhattan,25.15087536854417,38,4,27,0,0,0,31
R002480,Greater NYC,Midtown Manhattan,10.617322724626096,13,4,12,0,0,0,11
R002481,Greater NYC,Lower Manhattan–North Brooklyn,3.4442338333584868,3,2,2,0,0,0,2
R002482,Greater NYC,Hudson County,1.0,1,1,1,0,0,0,1
R002483,Seattle,Seattle,1.0,0,0,0,0,0,0,0
R002484,Chicago,Chicago,18.38302109349199,19,2,10,0,0,0,14
R002485,Atlanta,Atlanta,4.151429659668213,5,1,3,0,0,0,3
R002486,Northern California,San Francisco,6.827425520577762,10,3,9,0,0,0,9
R002487,Greater NYC,Westchester,10.074114704203389,6,2,4,0,0,0,6
R002488,Boston,Chestnut Hill,148.22158301503828,117,1,9,4,0,0,59
R002489,Dallas,Dallas,3.5635769480766695,2,1,2,0,0,0,2
R002490,Boston,Chestnut Hill,1.491714134689212,2,2,2,0,0,0,2
R002491,Greater NYC,Lower Manhattan–North Brooklyn,1.6762390284598316,3,3,3,0,0,0,3
R002492,Greater NYC,Lower Manhattan–North Brooklyn,4.762541463717724,6,3,5,0,0,0,6
R002493,Philadelphia,Main Line,6.0625857258162075,9,2,5,0,0,0,6
R002494,Boston,Boston,1.9961625262803668,2,2,2,0,0,0,1
R002495,Greater NYC,Midtown Manhattan,4.255551813242175,3,3,3,0,0,0,2
R002496,Philadelphia,Philadelphia,2.470370894426104,4,1,2,0,0,0,3
R002497,DMV,Montgomery County,8.208982468570964,6,2,5,0,0,0,5
R002498,Austin,Austin,1.0,1,1,1,0,0,0,0
R002499,Southern California,Los Angeles,2.0181929442002433,3,2,3,0,0,0,0
R002500,Greater NYC,Midtown Manhattan,3.3741759731704297,4,2,4,0,0,0,3
R002501,Greater NYC,Uptown Manhattan,1.1522377208166246,0,0,0,0,0,0,0
R002502,Greater NYC,Midtown Manhattan,8.641933119965298,5,2,4,0,0,0,3
R002503,DMV,Montgomery County,108.73166380992312,96,4,14,3,0,0,46
R002504,Northern California,San Francisco,1.0,1,1,1,0,0,0,1
R002505,Seattle,Seattle,27.822678226713617,32,1,8,1,0,0,19
R002506,Greater NYC,Uptown Manhattan,10.490554963849842,14,3,8,0,0,0,14
R002507,Greater NYC,Hudson County,1.178048776830999,0,0,0,0,0,0,0
R002508,Greater NYC,Lower Manhattan–North Brooklyn,1.0,0,0,0,0,0,0,0
R002509,Southern California,Pasadena,35.2858666620199,31,1,9,1,0,0,22
R002510,DMV,DC–Arlington,23.371163094889585,17,3,10,0,0,0,15
R002511,Boston,Chestnut Hill,11.25498232703229,15,2,6,0,0,0,8
R002512,DMV,DC–Arlington,2.4127603747594506,2,2,2,0,0,0,1
R002513,DMV,DC–Arlington,4.1132203010099735,2,2,2,0,0,0,2
R002514,Greater NYC,Fairfield County,12.542264459270251,15,2,9,0,0,0,13
R002515,Seattle,Seattle,7.686953725059789,7,1,3,0,0,0,6
R002516,Greater NYC,Lower Manhattan–North Brooklyn,1.197613850559612,1,1,1,0,0,0,1
R002517,Seattle,Seattle,29.202948168870513,31,1,8,0,0,0,24
R002518,Greater NYC,Midtown Manhattan,39.78236359203392,38,4,23,2,0,0,29
R002519,Greater NYC,Uptown Manhattan,1.6694745481314135,1,1,1,0,0,0,1
R002520,Northern California,Silicon Valley,3.2360251022021553,4,2,4,0,0,0,3
R002521,Houston,Houston,2.651025500497633,4,1,2,0,0,0,4
R002522,Greater NYC,Lower Manhattan–North Brooklyn,9.27658184429938,10,4,8,0,0,0,9
R002523,Greater NYC,Midtown Manhattan,19.434434911005457,16,5,13,0,0,0,14
R002524,Philadelphia,Philadelphia,10.848615844693072,8,2,6,0,0,0,4
R002525,Southern California,Pasadena,1.9253499056918288,0,0,0,0,0,0,0
R002526,DMV,DC–Arlington,9.68990951513845,8,3,5,0,0,0,6
R002527,Greater NYC,North Jersey,3.6234550956988527,3,2,3,0,0,0,3
R002528,Southern California,Pasadena,15.830951976104338,16,2,10,0,0,0,13
R002529,Greater NYC,Midtown Manhattan,63.36620572297193,65,8,35,1,0,0,52
R002530,Northern California,San Francisco,11.845855762736168,5,2,5,0,0,0,3
R002531,Greater NYC,Lower Manhattan–North Brooklyn,9.63589601365102,15,7,14,0,0,0,13
R002532,Dallas,Dallas,1.1077971774137922,4,1,4,0,0,0,3
R002533,Northern California,San Francisco,33.59341183099985,26,3,10,0,0,0,19
R002534,Boston,Boston,2.3977144815038405,3,2,2,0,0,0,0
R002535,Greater NYC,Lower Manhattan–North Brooklyn,65.91644423585717,58,8,32,0,0,0,44
R002536,Southern California,Los Angeles,16.44472376058781,16,4,11,0,0,0,11
R002537,Northern California,Marin County,3.400430719185004,1,1,1,0,0,0,1
R002538,DMV,DC–Arlington,5.798147243906335,7,3,7,0,0,0,7
R002539,Greater NYC,Midtown Manhattan,1.393650092837586,2,2,2,0,0,0,2
R002540,Greater NYC,Lower Manhattan–North Brooklyn,1.6085141608594231,1,1,1,0,0,0,1
R002541,DMV,DC–Arlington,15.202814652530122,12,2,9,0,0,0,9
R002542,Boston,Boston,1.0,1,1,1,0,0,0,1
R002543,Philadelphia,Philadelphia,7.195783704847789,9,2,5,0,0,0,9
R002544,Boston,Boston,2.5262662929551793,5,2,4,0,0,0,4
R002545,Greater NYC,Fairfield County,2.0970141971173786,0,0,0,0,0,0,0
R002546,Greater NYC,Lower Manhattan–North Brooklyn,2.0581389061135624,1,1,1,0,0,0,1
R002547,DMV,DC–Arlington,17.019921885068154,15,4,11,1,0,0,11
R002548,Greater NYC,Hudson County,2.0919251386989415,1,1,1,0,0,0,1
R002549,DMV,Montgomery County,1.0963115733683186,2,1,2,0,0,0,2
R002550,Greater NYC,Lower Manhattan–North Brooklyn,2.5193985947977553,4,3,4,0,0,0,3
R002551,Greater NYC,Lower Manhattan–North Brooklyn,1.0,1,1,1,0,0,0,1
R002552,Philadelphia,Main Line,8.549681467641058,11,2,7,0,0,0,8
R002553,Greater NYC,Lower Manhattan–North Brooklyn,20.781554069058412,19,8,17,0,0,0,15
R002554,Greater NYC,Midtown Manhattan,29.012254567947465,34,8,25,0,0,0,26
R002555,Chicago,Chicago,11.273569851731228,9,2,7,0,0,0,7
R002556,Greater NYC,Uptown Manhattan,9.722775482353438,10,3,10,0,0,0,10
R002557,DMV,Montgomery County,18.121386239618527,18,1,10,0,0,0,10
R002558,DMV,DC–Arlington,3.1159354741119687,5,2,5,0,0,0,3
R002559,Northern California,San Francisco,1.313910450497774,1,1,1,0,0,0,1
R002560,Seattle,Seattle,2.5171720143131777,3,1,3,0,0,0,3
R002561,Philadelphia,Philadelphia,1.7896677443213471,3,1,3,0,0,0,3
R002562,Northern California,Marin County,1.5382078939876016,2,1,2,0,0,0,2
R002563,Atlanta,Atlanta,3.016963724182793,4,1,2,0,0,0,4
R002564,South Florida,Miami,1.0,0,0,0,0,0,0,0
R002565,Greater NYC,Lower Manhattan–North Brooklyn,8.031401721392347,9,4,8,0,0,0,6
R002566,Boston,Boston,1.7632444948162345,2,1,2,0,0,0,2
R002567,Greater NYC,Fairfield County,4.448916888933379,3,2,3,0,0,0,3
R002568,Greater NYC,Lower Manhattan–North Brooklyn,2.371124634281474,4,3,4,0,0,0,3
R002569,Greater NYC,Lower Manhattan–North Brooklyn,1.1827964448063308,1,1,1,0,0,0,1
R002570,Greater NYC,Midtown Manhattan,1.442351331907322,2,2,2,0,0,0,1
R002571,Houston,Houston,4.115666085822692,4,1,4,0,0,0,2
R002572,Greater NYC,Westchester,1.0,1,1,1,0,0,0,1
R002573,Seattle,Seattle,5.798739746074157,6,1,2,0,0,0,5
R002574,Greater NYC,Uptown Manhattan,19.97783817215258,19,3,15,0,0,0,17
R002575,Greater NYC,Uptown Manhattan,2.558368174063188,2,2,2,0,0,0,2
R002576,Southern California,Los Angeles,1.9817863183512223,2,1,1,0,0,0,1
R002577,Southern California,Pasadena,1.4996454518094429,3,1,2,0,0,0,3
R002578,Greater NYC,Lower Manhattan–North Brooklyn,1.0,0,0,0,0,0,0,0
R002579,Philadelphia,Philadelphia,3.3648707103666786,1,1,1,0,0,0,1
R002580,Greater NYC,Uptown Manhattan,25.291632741052357,19,4,17,0,0,0,17
R002581,South Florida,Miami,13.26127359509595,14,2,5,0,0,0,10
R002582,Atlanta,Atlanta,67.70848232305167,53,1,4,3,0,0,36
R002583,Dallas,Dallas,4.110242250700282,6,1,4,1,0,0,4
R002584,Greater NYC,Lower Manhattan–North Brooklyn,3.5408761099726287,1,1,1,0,0,0,1
R002585,Chicago,Chicago,22.55269121251618,25,2,10,1,0,0,17
R002586,South Florida,Miami,2.6943634833663173,2,1,2,0,0,0,1
R002587,Southern California,Los Angeles,35.270297927004904,41,3,14,0,0,0,25
R002588,Seattle,Seattle,14.018704685814615,11,1,5,0,0,0,7
R002589,Greater NYC,Uptown Manhattan,1.0,0,0,0,0,0,0,0
R002590,Greater NYC,Uptown Manhattan,1.0,2,2,2,0,0,0,1
R002591,Seattle,Seattle,7.201136127119158,11,1,5,0,0,0,8
R002592,DMV,Montgomery County,7.176324180094901,3,1,3,0,0,0,2
R002593,South Florida,Miami,1.3982278678080935,0,0,0,0,0,0,0
R002594,Greater NYC,North Jersey,1.0519064457727632,1,1,1,0,0,0,1
R002595,Chicago,Chicago,7.538042369551032,12,2,8,0,0,0,6
R002596,South Florida,Miami,6.233055205647433,4,2,2,0,0,0,3
R002597,Greater NYC,Lower Manhattan–North Brooklyn,14.011059139934522,11,6,11,0,0,0,10
R002598,Greater NYC,Lower Manhattan–North Brooklyn,20.873598769555027,23,6,20,0,0,0,21
R002599,Dallas,Dallas,6.176389770941956,3,1,3,0,0,0,3
R002600,Northern California,San Francisco,17.11189461726082,22,2,14,0,0,0,15
R002601,Greater NYC,Uptown Manhattan,1.8986385557290344,6,3,5,0,0,0,5
R002602,Greater NYC,Uptown Manhattan,17.86556853905847,12,3,9,0,0,0,12
R002603,Greater NYC,Lower Manhattan–North Brooklyn,1.0,0,0,0,0,0,0,0
R002604,DMV,DC–Arlington,5.247724934031313,8,3,6,0,0,0,7
R002605,Southern California,Los Angeles,1.0,2,1,2,0,0,0,2
R002606,Philadelphia,Main Line,1.329796013665015,0,0,0,0,0,0,0
R002607,DMV,DC–Arlington,1.0,1,1,1,0,0,0,1
R002608,Greater NYC,Midtown Manhattan,10.926026646104022,15,4,13,0,0,0,12
R002609,Atlanta,Atlanta,5.319035163804254,5,1,3,0,0,0,4
R002610,DMV,DC–Arlington,1.0,1,1,1,0,0,0,1
R002611,Southern California,Los Angeles,12.530431656008586,18,3,11,0,0,0,7
R002612,Greater NYC,Lower Manhattan–North Brooklyn,37.63263815194508,29,7,23,0,0,0,25
R002613,Houston,Houston,2.0704448292641677,3,1,2,0,0,0,3
R002614,Chicago,Chicago,1.6644422186948191,1,1,1,0,0,0,1
R002615,Seattle,Seattle,1.0671223263947445,5,1,4,0,0,0,5
R002616,South Florida,Miami,2.0417385058249335,2,1,2,0,0,0,1
R002617,Greater NYC,Uptown Manhattan,1.0,1,1,1,0,0,0,1
R002618,Greater NYC,Westchester,18.262037915719095,17,4,14,0,0,0,9
R002619,Greater NYC,Uptown Manhattan,23.14946701222018,23,5,17,0,0,0,21
R002620,Greater NYC,Lower Manhattan–North Brooklyn,5.274669330116876,6,3,5,0,0,0,4
R002621,Greater NYC,Midtown Manhattan,1.0283339027641056,3,1,3,0,0,0,2
R002622,Greater NYC,Lower Manhattan–North Brooklyn,1.0,0,0,0,0,0,0,0
R002623,Northern California,San Francisco,59.47501248431991,49,3,18,0,0,0,37
R002624,Greater NYC,Midtown Manhattan,1.0,0,0,0,0,0,0,0
R002625,Greater NYC,Uptown Manhattan,1.7167960766650268,0,0,0,0,0,0,0
R002626,Greater NYC,Westchester,1.1167114734185524,1,1,1,0,0,0,1
R002627,Greater NYC,Midtown Manhattan,6.476799367309302,2,2,2,0,0,0,2
R002628,Greater NYC,Lower Manhattan–North Brooklyn,1.0,1,1,1,0,0,0,1
R002629,Boston,Chestnut Hill,4.184203640487617,4,1,3,0,0,0,3
R002630,DMV,DC–Arlington,2.924489535910744,2,2,2,0,0,0,2
R002631,Greater NYC,Hudson County,3.219632298709913,5,2,5,0,0,0,3
R002632,Philadelphia,Main Line,60.73946420254387,70,2,9,0,0,0,46
R002633,Greater NYC,Uptown Manhattan,4.177736119323607,6,3,5,0,0,0,5
R002634,Philadelphia,Philadelphia,1.0,1,1,1,0,0,0,1
R002635,Boston,Boston,3.714095888294777,4,2,4,0,0,0,3
R002636,Greater NYC,Lower Manhattan–North Brooklyn,6.758181280193957,5,3,5,0,0,0,3
R002637,Greater NYC,Nassau County,28.081588766604593,20,4,15,0,0,0,19
R002638,Austin,Austin,25.015331831922623,24,1,8,0,0,0,17
R002639,Southern California,Los Angeles,1.0,0,0,0,0,0,0,0
R002640,Greater NYC,Lower Manhattan–North Brooklyn,7.964873234342493,4,3,4,0,0,0,4
R002641,DMV,Montgomery County,1.0,0,0,0,0,0,0,0
R002642,Boston,Chestnut Hill,3.9237999116338607,1,1,1,0,0,0,1
R002643,Atlanta,Atlanta,17.63662283260371,19,1,4,0,0,0,14
R002644,Boston,Boston,48.835457960298335,52,3,13,0,0,0,38
R002645,Boston,Chestnut Hill,1.962519946939882,4,2,3,0,0,0,1
R002646,Southern California,Los Angeles,8.590231037105458,8,2,6,0,0,0,5
R002647,Greater NYC,Lower Manhattan–North Brooklyn,4.273186857767778,4,2,4,0,0,0,4
R002648,Greater NYC,Lower Manhattan–North Brooklyn,4.36505072120118,1,1,1,0,0,0,1
R002649,Greater NYC,Fairfield County,12.09290032641184,12,4,12,0,0,0,10
R002650,Philadelphia,Main Line,7.082401377886817,8,2,6,0,0,0,7
R002651,Chicago,Chicago,5.212993735299664,5,2,4,0,0,0,4
R002652,Boston,Boston,18.03373960941286,19,3,10,0,0,0,14
R002653,Greater NYC,Lower Manhattan–North Brooklyn,16.444630199298523,14,6,10,0,0,0,13
R002654,Greater NYC,Lower Manhattan–North Brooklyn,2.9982518383669605,1,1,1,0,0,0,1
R002655,Greater NYC,Lower Manhattan–North Brooklyn,68.32181498247316,77,6,40,0,0,0,62
R002656,Northern California,San Francisco,2.5267469519394745,1,1,1,0,0,0,1
R002657,Chicago,Chicago,2.061190392754314,1,1,1,0,0,0,1
R002658,South Florida,Miami,1.0,0,0,0,0,0,0,0
R002659,DMV,DC–Arlington,1.879019041837992,3,2,2,0,0,0,3
R002660,Philadelphia,Philadelphia,1.0,1,1,1,0,0,0,1
R002661,Southern California,Los Angeles,11.403571140042912,13,4,10,0,0,0,10
R002662,South Florida,Miami,14.046113573155296,11,2,6,0,0,0,9
R002663,Boston,Chestnut Hill,7.939996242573588,5,1,4,0,0,0,4
R002664,Philadelphia,Main Line,12.669143628450271,17,2,8,0,0,0,14
R002665,DMV,DC–Arlington,11.326922258825396,8,3,8,0,0,0,7
R002666,Greater NYC,Midtown Manhattan,1.0,1,1,1,0,0,0,1
R002667,Philadelphia,Main Line,4.326655828766519,2,1,2,0,0,0,1
R002668,Chicago,Chicago,2.789763983414764,2,2,2,0,0,0,2
R002669,Southern California,Los Angeles,13.406887238525748,15,4,12,0,0,0,9
R002670,DMV,DC–Arlington,8.781359705532735,5,3,5,0,0,0,4
R002671,Southern California,Pasadena,6.774926309988147,10,1,5,0,0,0,7
R002672,Southern California,Los Angeles,18.492686007511193,15,2,11,0,0,0,12
R002673,Dallas,Dallas,2.6229332023980407,3,1,2,0,0,0,1
R002674,Boston,Boston,21.414256314403374,24,2,10,0,0,0,15
R002675,Boston,Chestnut Hill,32.19694129603556,33,1,8,2,0,0,20
R002676,DMV,DC–Arlington,5.229914141134842,6,2,6,0,0,0,3
R002677,DMV,DC–Arlington,8.401961489618483,12,3,8,0,0,0,11
R002678,Philadelphia,Main Line,5.681859009827022,5,1,5,0,0,0,4
R002679,Greater NYC,Lower Manhattan–North Brooklyn,4.541627352391556,6,4,5,0,0,0,6
R002680,Philadelphia,Philadelphia,1.3231592036711497,0,0,0,0,0,0,0
R002681,Greater NYC,Lower Manhattan–North Brooklyn,1.101988830676708,0,0,0,0,0,0,0
R002682,Chicago,Chicago,1.0,0,0,0,0,0,0,0
R002683,Southern California,Los Angeles,5.271816489248155,7,3,5,0,0,0,4
R002684,Ann Arbor,Ann Arbor,8.526515944468379,9,1,3,0,0,0,4
R002685,Southern California,Los Angeles,3.8994635143951024,0,0,0,0,0,0,0
R002686,Greater NYC,Midtown Manhattan,2.4083416117676046,4,2,4,0,0,0,1
R002687,South Florida,Miami,30.147594328802768,28,2,7,0,0,0,15
R002688,Southern California,Los Angeles,16.762851908285427,16,3,10,0,0,0,11
R002689,Chicago,Chicago,1.6164670044304708,1,1,1,0,0,0,1
R002690,Greater NYC,Lower Manhattan–North Brooklyn,2.6276212042487206,5,1,4,0,0,0,5
R002691,Northern California,San Francisco,7.133631488247821,11,3,9,0,0,0,9
R002692,Greater NYC,Fairfield County,2.698850300141384,5,3,5,0,0,0,3
R002693,Greater NYC,Uptown Manhattan,6.677602451261271,8,3,8,0,0,0,8
R002694,Boston,Boston,5.977020565895736,5,2,4,0,0,0,2
R002695,Chicago,Chicago,8.10819230917284,8,2,6,0,0,0,5
R002696,Greater NYC,Uptown Manhattan,89.67827071988096,82,4,36,0,0,0,68
R002697,Greater NYC,Uptown Manhattan,9.919209391235478,6,3,6,0,0,0,5
R002698,Greater NYC,Midtown Manhattan,21.6615216376987,29,6,22,0,0,0,24
R002699,Dallas,Dallas,6.702890346281659,5,1,4,0,0,0,5
R002700,Greater NYC,Lower Manhattan–North Brooklyn,6.93903041744218,6,4,6,0,0,0,4
R002701,Southern California,Los Angeles,6.073580224006782,5,3,4,0,0,0,2
R002702,South Florida,Miami,2.690107639402456,7,2,3,0,0,0,6
R002703,Dallas,Dallas,2.0498570014169792,1,1,1,0,0,0,1
R002704,Chicago,Chicago,7.498456694433345,11,2,7,0,0,0,4
R002705,Boston,Chestnut Hill,12.307397980463184,12,3,8,0,0,0,8
R002706,DMV,Montgomery County,3.64936707799344,3,2,3,0,0,0,0
R002707,Greater NYC,Uptown Manhattan,20.203349942607375,19,3,16,0,0,0,17
R002708,Greater NYC,Lower Manhattan–North Brooklyn,1.3744589967166048,0,0,0,0,0,0,0
R002709,Greater NYC,Westchester,4.101116811933377,3,1,2,0,0,0,1
R002710,Northern California,San Francisco,13.05731593406899,13,2,9,0,0,0,10
R002711,Northern California,Marin County,18.118287515787223,19,2,10,0,0,0,15
R002712,Dallas,Dallas,1.0,0,0,0,0,0,0,0
R002713,Philadelphia,Main Line,1.257150548787541,0,0,0,0,0,0,0
R002714,Greater NYC,Lower Manhattan–North Brooklyn,38.93780777992227,33,8,24,0,0,0,28
R002715,Greater NYC,Lower Manhattan–North Brooklyn,28.77990734279122,35,6,21,0,0,0,32
R002716,Northern California,San Francisco,4.332865686820361,2,2,2,0,0,0,2
R002717,Greater NYC,Lower Manhattan–North Brooklyn,5.114851497016607,7,5,6,0,0,0,5
R002718,DMV,DC–Arlington,6.270862429750684,11,3,10,0,0,0,5
R002719,DMV,DC–Arlington,11.269235725412337,15,3,11,0,0,0,15
R002720,Southern California,Los Angeles,1.0,3,2,3,0,0,0,3
R002721,Austin,Austin,1.588128711788272,5,1,4,0,0,0,3
R002722,Greater NYC,Lower Manhattan–North Brooklyn,2.974124166619476,2,2,2,0,0,0,2
R002723,Southern California,Los Angeles,2.5936492434468623,2,2,2,0,0,0,2
R002724,Northern California,San Francisco,1.0,2,1,2,0,0,0,2
R002725,Boston,Chestnut Hill,139.2352720005308,149,2,14,2,0,0,90
R002726,Greater NYC,Uptown Manhattan,1.0,1,1,1,0,0,0,1
R002727,Greater NYC,Lower Manhattan–North Brooklyn,1.0,2,2,2,0,0,0,2
R002728,Greater NYC,Midtown Manhattan,5.217344175458826,8,2,6,0,0,0,6
R002729,Chicago,Chicago,4.670918711365266,7,2,6,0,0,0,6
R002730,Greater NYC,Lower Manhattan–North Brooklyn,2.696559967177882,1,1,1,0,0,0,1
R002731,Seattle,Seattle,3.3665938411248835,3,1,2,0,0,0,3
R002732,South Florida,Miami,3.314525693028129,5,2,3,0,0,0,4
R002733,Greater NYC,Lower Manhattan–North Brooklyn,16.989627597528848,17,5,13,0,0,0,13
R002734,Greater NYC,Lower Manhattan–North Brooklyn,10.136680796694602,12,4,9,0,0,0,8
R002735,Greater NYC,Lower Manhattan–North Brooklyn,1.4082756012268076,0,0,0,0,0,0,0
R002736,Greater NYC,Uptown Manhattan,2.5221871343653732,1,1,1,0,0,0,0
R002737,Greater NYC,Uptown Manhattan,5.116339836299636,6,4,6,0,0,0,5
R002738,Dallas,Dallas,1.0,0,0,0,0,0,0,0
R002739,Greater NYC,Lower Manhattan–North Brooklyn,1.863630844723685,3,3,3,0,0,0,3
R002740,Philadelphia,Main Line,6.766528335071621,9,2,7,0,0,0,7
R002741,Houston,Houston,1.3867298602359956,0,0,0,0,0,0,0
R002742,Philadelphia,Main Line,1.3184846385880378,1,1,1,0,0,0,0
R002743,Greater NYC,Lower Manhattan–North Brooklyn,36.000983959811904,39,8,31,0,0,0,30
R002744,Greater NYC,Lower Manhattan–North Brooklyn,13.341494380545695,13,6,12,0,0,0,12
R002745,Greater NYC,Lower Manhattan–North Brooklyn,4.06476416677933,2,2,2,0,0,0,2
R002746,DMV,DC–Arlington,1.2249184982629855,1,1,1,0,0,0,1
R002747,Greater NYC,Nassau County,3.3159521654219675,2,1,2,0,0,0,2
R002748,DMV,Montgomery County,200.0,223,3,18,10,0,0,123
R002749,Greater NYC,Lower Manhattan–North Brooklyn,14.20979670821477,12,5,10,0,0,0,11
R002750,Northern California,Silicon Valley,88.61644798505058,83,3,13,6,1,3,43
R002751,Greater NYC,Uptown Manhattan,19.579526047163956,17,4,13,0,0,0,14
R002752,Greater NYC,Midtown Manhattan,21.38944493859643,14,5,13,0,0,0,11
R002753,Greater NYC,Midtown Manhattan,1.0,1,1,1,0,0,0,1
R002754,Greater NYC,Nassau County,1.0,1,1,1,0,0,0,1
R002755,Northern California,Silicon Valley,3.2235123227699045,4,2,4,0,0,0,3
R002756,Philadelphia,Main Line,10.279686613631718,11,1,7,0,0,0,9
R002757,Chicago,Chicago,3.1117113078227434,3,1,2,0,0,0,3
R002758,Greater NYC,Lower Manhattan–North Brooklyn,8.658020088598708,8,4,7,0,0,0,7
R002759,Northern California,San Francisco,4.194508475593801,3,2,3,0,0,0,2
R002760,Chicago,Chicago,1.352776303966532,0,0,0,0,0,0,0
R002761,Greater NYC,Lower Manhattan–North Brooklyn,20.24241327354996,21,6,17,0,0,0,15
R002762,Greater NYC,Midtown Manhattan,11.581690744274429,11,5,8,0,0,0,10
R002763,Chicago,Chicago,1.9259068686515377,2,1,1,0,0,0,2
R002764,Greater NYC,Uptown Manhattan,10.83740779061313,9,3,6,0,0,0,8
R002765,Greater NYC,Lower Manhattan–North Brooklyn,5.639921452925502,5,4,5,0,0,0,4
R002766,Southern California,Los Angeles,1.1760620599503269,1,1,1,0,0,0,0
R002767,Greater NYC,Lower Manhattan–North Brooklyn,24.386251915007737,29,6,22,0,0,0,24
R002768,Chicago,Chicago,1.0,0,0,0,0,0,0,0
R002769,South Florida,Miami,188.89087613261023,171,2,7,7,1,2,78
R002770,Boston,Chestnut Hill,2.321011502639982,2,1,2,0,0,0,1
R002771,Greater NYC,Fairfield County,1.0163786426866237,3,2,3,0,0,0,3
R002772,Greater NYC,Midtown Manhattan,15.095454704280504,19,4,13,0,0,0,15
R002773,Greater NYC,Uptown Manhattan,4.392618671130981,5,2,5,0,0,0,5
R002774,Greater NYC,Midtown Manhattan,5.448079680487637,4,3,4,0,0,0,3
R002775,Northern California,Silicon Valley,21.800887907075825,21,3,12,0,0,0,19
R002776,Greater NYC,Westchester,14.737052585343054,10,4,9,0,0,0,9
R002777,Greater NYC,Lower Manhattan–North Brooklyn,4.876330881234168,3,2,3,0,0,0,2
R002778,Greater NYC,Midtown Manhattan,23.400893539952413,26,7,20,0,0,0,23
R002779,Ann Arbor,Ann Arbor,20.561768281538264,14,1,3,0,0,0,8
R002780,Northern California,Marin County,13.136195663462829,11,4,9,0,0,0,8
R002781,Southern California,Los Angeles,3.668795308881633,7,3,6,0,0,0,6
R002782,Greater NYC,Lower Manhattan–North Brooklyn,2.773503231033869,2,2,2,0,0,0,2
R002783,Greater NYC,Uptown Manhattan,5.36628870156245,8,4,8,0,0,0,7
R002784,Greater NYC,Uptown Manhattan,4.127779693241797,7,2,5,0,0,0,6
R002785,Southern California,Pasadena,3.5900765159273917,5,1,4,0,0,0,5
R002786,Greater NYC,Westchester,6.990190635456798,3,2,3,0,0,0,3
R002787,Southern California,Los Angeles,1.0197819058963118,0,0,0,0,0,0,0
R002788,Greater NYC,Midtown Manhattan,23.884294162925187,31,4,19,0,0,0,24
R002789,Boston,Boston,9.392219671186773,10,2,6,0,0,0,3
R002790,Boston,Boston,9.220735305191551,11,2,7,0,0,0,3
R002791,Chicago,Chicago,6.836521806362932,3,1,3,0,0,0,3
R002792,Southern California,Los Angeles,4.343071050122556,4,1,3,0,0,0,3
R002793,Northern California,Silicon Valley,6.733667141495548,6,2,5,0,0,0,4
R002794,Greater NYC,Lower Manhattan–North Brooklyn,5.742380376236534,7,3,4,0,0,0,5
R002795,Southern California,Los Angeles,7.1673310800860115,6,2,5,0,0,0,2
R002796,Northern California,Marin County,2.566016610090582,2,1,2,0,0,0,2
R002797,Philadelphia,Main Line,4.399000780835504,6,2,3,0,0,0,6
R002798,Southern California,Los Angeles,1.0,1,1,1,0,0,0,0
R002799,Greater NYC,Hudson County,8.037833437613205,9,1,8,0,0,0,7
R002800,Dallas,Dallas,31.92408690069095,28,1,8,1,0,0,16
R002801,Southern California,Los Angeles,2.100225400786567,0,0,0,0,0,0,0
R002802,Greater NYC,Lower Manhattan–North Brooklyn,11.915441002493722,19,6,14,0,0,0,17
R002803,Greater NYC,Uptown Manhattan,5.416132801249259,4,2,4,0,0,0,4
R002804,Greater NYC,Midtown Manhattan,1.0,0,0,0,0,0,0,0
R002805,Greater NYC,Uptown Manhattan,1.999451767940851,3,2,3,0,0,0,2
R002806,Northern California,San Francisco,24.783984029380168,28,3,12,1,0,0,15
R002807,Greater NYC,Lower Manhattan–North Brooklyn,1.0,2,1,1,0,0,0,2
R002808,Greater NYC,Nassau County,1.5567310279935986,2,1,2,0,0,0,2
R002809,Southern California,Los Angeles,47.82109157542169,49,3,13,0,0,0,19
R002810,Greater NYC,Uptown Manhattan,1.352404435753802,0,0,0,0,0,0,0
R002811,Philadelphia,Main Line,3.258561761234598,2,1,2,0,0,0,2
R002812,Greater NYC,Uptown Manhattan,1.804707722497233,2,2,2,0,0,0,2
R002813,DMV,DC–Arlington,1.2722008615428866,1,1,1,0,0,0,1
R002814,Greater NYC,Lower Manhattan–North Brooklyn,6.5265119423708775,5,3,5,0,0,0,3
R002815,Greater NYC,Lower Manhattan–North Brooklyn,3.1228222038674764,4,4,4,0,0,0,3
R002816,Northern California,San Francisco,2.5679759359051895,2,1,2,0,0,0,1
R002817,Greater NYC,Fairfield County,56.719423511508126,48,4,18,0,0,0,33
R002818,Ann Arbor,Ann Arbor,56.27410354514207,58,1,3,3,0,0,27
R002819,Greater NYC,Nassau County,6.603134429862038,7,2,6,0,0,0,5
R002820,Greater NYC,Midtown Manhattan,3.3564496054540127,6,4,6,0,0,0,5
R002821,Greater NYC,North Jersey,8.534693181750924,7,2,7,0,0,0,5
R002822,Greater NYC,Midtown Manhattan,17.29397258914836,22,4,16,0,0,0,16
R002823,Greater NYC,Lower Manhattan–North Brooklyn,3.6361328059808744,4,3,4,0,0,0,4
R002824,Dallas,Dallas,5.487501296766157,2,1,1,0,0,0,2
R002825,Austin,Austin,6.683278994552346,5,1,4,0,0,0,4
R002826,Northern California,San Francisco,1.057845704788012,1,1,1,0,0,0,1
R002827,Greater NYC,Westchester,4.977395258704929,10,3,7,0,0,0,6
R002828,Greater NYC,Fairfield County,1.6016398016761528,1,1,1,0,0,0,1
R002829,Southern California,Los Angeles,2.1469833091612376,2,1,2,0,0,0,2
R002830,Southern California,Los Angeles,8.908541446640923,11,4,7,0,0,0,6
R002831,Greater NYC,Midtown Manhattan,3.295522195001009,4,3,4,0,0,0,4
R002832,Houston,Houston,40.4549257265932,41,1,9,3,0,0,23
R002833,Greater NYC,Midtown Manhattan,3.951205377949104,3,3,3,0,0,0,2
R002834,Philadelphia,Philadelphia,3.2428373567897455,5,1,4,0,0,0,4
R002835,Dallas,Dallas,1.017017604711984,1,1,1,0,0,0,1
R002836,Greater NYC,Midtown Manhattan,5.374308976259481,5,3,4,0,0,0,5
R002837,Southern California,Los Angeles,21.28051723033235,19,3,10,0,0,0,16
R002838,Northern California,San Francisco,12.866769435510667,12,2,8,0,0,0,8
R002839,Northern California,San Francisco,7.113322526426688,6,3,5,0,0,0,2
R002840,Philadelphia,Main Line,8.053614282277753,5,2,3,0,0,0,5
R002841,Boston,Boston,1.0,1,1,1,0,0,0,0
R002842,Greater NYC,Fairfield County,18.119242211283325,15,5,10,0,0,0,10
R002843,Greater NYC,Westchester,1.932741441130424,2,2,2,0,0,0,1
R002844,Greater NYC,Uptown Manhattan,4.913625664424376,8,2,7,0,0,0,8
R002845,Greater NYC,Lower Manhattan–North Brooklyn,3.838604760709239,7,4,7,0,0,0,7
R002846,Boston,Chestnut Hill,2.6624980125743796,3,1,2,0,0,0,2
R002847,Southern California,Los Angeles,4.576500359448742,9,3,8,0,0,0,4
R002848,South Florida,Miami,3.204616286490742,4,2,4,0,0,0,4
R002849,Northern California,San Francisco,7.317474850138352,10,3,7,0,0,0,5
R002850,Greater NYC,Westchester,1.857954800991801,0,0,0,0,0,0,0
R002851,Chicago,Chicago,9.81173272464294,12,2,6,1,0,0,9
R002852,Greater NYC,Midtown Manhattan,1.0,1,1,1,0,0,0,1
R002853,DMV,DC–Arlington,9.400230466270164,6,2,5,0,0,0,5
R002854,South Florida,Miami,8.15455223601148,7,2,4,0,0,0,7
R002855,Greater NYC,Fairfield County,2.015492004860871,0,0,0,0,0,0,0
R002856,Philadelphia,Main Line,47.473366342122034,58,1,8,1,0,0,39
R002857,Greater NYC,Fairfield County,3.810336911087397,1,1,1,0,0,0,1
R002858,Greater NYC,Midtown Manhattan,1.0,0,0,0,0,0,0,0
R002859,Greater NYC,Westchester,10.149613108758588,12,3,8,0,0,0,7
R002860,Greater NYC,Lower Manhattan–North Brooklyn,55.65525430974361,60,7,35,0,0,0,50
R002861,Greater NYC,Lower Manhattan–North Brooklyn,1.302951360065054,1,1,1,0,0,0,1
R002862,South Florida,Miami,1.806463214582868,3,2,3,0,0,0,2
R002863,Greater NYC,Lower Manhattan–North Brooklyn,3.7606442087999503,5,3,5,0,0,0,4
R002864,Northern California,San Francisco,1.5447383851502794,1,1,1,0,0,0,1
R002865,Greater NYC,Uptown Manhattan,1.3101002921634035,5,1,4,0,0,0,4
R002866,South Florida,Miami,8.379885250013658,12,2,5,0,0,0,5
R002867,Greater NYC,Westchester,2.15768679028459,6,3,6,0,0,0,6
R002868,DMV,DC–Arlington,6.368780155791949,10,3,10,0,0,0,7
R002869,Boston,Boston,1.0803835356423892,1,1,1,0,0,0,1
R002870,Southern California,Los Angeles,13.796334770294548,13,4,10,0,0,0,6
R002871,Greater NYC,Lower Manhattan–North Brooklyn,13.625050428875497,13,5,11,0,0,0,12
R002872,Southern California,Los Angeles,5.2762004181752795,4,2,4,0,0,0,2
R002873,Boston,Boston,6.775058424873026,9,2,7,0,0,0,7
R002874,Boston,Chestnut Hill,20.587826734313143,26,1,9,0,0,0,20
R002875,Greater NYC,Lower Manhattan–North Brooklyn,8.062787369900347,9,4,8,0,0,0,7
R002876,Greater NYC,Lower Manhattan–North Brooklyn,68.83835527139905,63,8,37,0,0,0,50
R002877,Greater NYC,Uptown Manhattan,17.704174834473566,16,2,9,0,0,0,13
R002878,Greater NYC,Lower Manhattan–North Brooklyn,4.8408181982698775,5,3,5,0,0,0,4
R002879,Greater NYC,Uptown Manhattan,2.249849954281125,2,2,1,0,0,0,2
R002880,Northern California,San Francisco,2.7264096608865778,3,1,3,0,0,0,2
R002881,Northern California,Marin County,18.30008985617948,21,2,8,0,0,0,17
R002882,Dallas,Dallas,1.0,1,1,1,0,0,0,1
R002883,Atlanta,Atlanta,11.15806143361884,11,1,3,0,0,0,8
R002884,South Florida,Miami,1.0,0,0,0,0,0,0,0
R002885,Southern California,Los Angeles,24.19429069893422,22,3,12,0,0,0,14
R002886,Northern California,San Francisco,20.80571816992018,16,2,10,0,0,0,12
R002887,Greater NYC,Uptown Manhattan,13.817987803430404,15,3,11,0,0,0,11
R002888,Greater NYC,Lower Manhattan–North Brooklyn,1.3437453768244765,2,2,2,0,0,0,2
R002889,Greater NYC,Lower Manhattan–North Brooklyn,1.009745674954633,0,0,0,0,0,0,0
R002890,Greater NYC,Midtown Manhattan,4.576512936891196,5,4,5,0,0,0,5
R002891,Greater NYC,Midtown Manhattan,4.238504931788459,4,2,4,0,0,0,3
R002892,Greater NYC,North Jersey,1.0054808013604293,1,1,1,0,0,0,1
R002893,Greater NYC,Uptown Manhattan,2.515968306146981,2,2,2,0,0,0,2
R002894,Seattle,Seattle,7.878993075870078,8,1,5,0,0,0,6
R002895,Dallas,Dallas,71.6996281316515,80,1,9,1,0,0,49
R002896,Greater NYC,Midtown Manhattan,1.0,0,0,0,0,0,0,0
R002897,Northern California,Marin County,31.25882314648107,26,2,12,0,0,0,14
R002898,Ann Arbor,Ann Arbor,1.0,0,0,0,0,0,0,0
R002899,Northern California,San Francisco,7.42489848180793,8,2,8,0,0,0,8
R002900,Dallas,Dallas,9.887015233563185,9,1,5,0,0,0,8
R002901,Greater NYC,Lower Manhattan–North Brooklyn,2.3194990191371505,2,2,2,0,0,0,1
R002902,Greater NYC,Fairfield County,5.859850933023862,5,3,4,0,0,0,5
R002903,Chicago,Chicago,20.544977777965823,13,2,8,0,0,0,8
R002904,Chicago,Chicago,2.7582754879423588,4,2,4,0,0,0,2
R002905,Greater NYC,Uptown Manhattan,1.6694021198184792,1,1,1,0,0,0,1
R002906,South Florida,Miami,1.7415851274026366,3,2,3,0,0,0,1
R002907,Austin,Austin,6.746873598049322,9,1,6,0,0,0,6
R002908,Greater NYC,Uptown Manhattan,4.153480906110527,1,1,1,0,0,0,0
R002909,Greater NYC,Lower Manhattan–North Brooklyn,14.04926127882896,10,5,9,0,0,0,9
R002910,Northern California,San Francisco,4.828058668052679,6,1,3,0,0,0,3
R002911,Chicago,Chicago,2.3861683827662183,2,1,2,0,0,0,2
R002912,Chicago,Chicago,6.099985300132777,4,1,4,0,0,0,2
R002913,Greater NYC,Westchester,18.443670068240248,23,3,15,0,0,0,20
R002914,DMV,DC–Arlington,5.138980241903655,6,3,6,0,0,0,4
R002915,Chicago,Chicago,41.733463925147674,43,2,11,2,0,0,29
R002916,Houston,Houston,1.0,0,0,0,0,0,0,0
R002917,Greater NYC,Lower Manhattan–North Brooklyn,24.05138773473413,26,6,20,0,0,0,23
R002918,Greater NYC,Lower Manhattan–North Brooklyn,1.0536538291287525,1,1,1,0,0,0,1
R002919,Greater NYC,Westchester,7.559957991843056,8,3,8,0,0,0,8
R002920,Southern California,Los Angeles,1.3684015396012414,1,1,1,0,0,0,1
R002921,Greater NYC,Hudson County,2.6580391951519746,4,1,4,0,0,0,3
R002922,Houston,Houston,1.1584648308051817,2,1,2,0,0,0,2
R002923,Greater NYC,Uptown Manhattan,1.4528246401328129,3,2,3,0,0,0,2
R002924,Greater NYC,Nassau County,9.210404051709476,14,2,12,0,0,0,12
R002925,Northern California,San Francisco,1.0,0,0,0,0,0,0,0
R002926,Greater NYC,Lower Manhattan–North Brooklyn,8.287745076995717,8,5,8,0,0,0,8
R002927,Northern California,San Francisco,3.3362509937477345,4,1,3,0,0,0,1
R002928,Boston,Chestnut Hill,1.0,0,0,0,0,0,0,0
R002929,Greater NYC,Uptown Manhattan,89.86536591101772,99,9,43,2,0,0,74
R002930,Southern California,Los Angeles,1.0,0,0,0,0,0,0,0
R002931,Northern California,San Francisco,2.7263246343064953,2,2,2,0,0,0,1
R002932,Greater NYC,Lower Manhattan–North Brooklyn,1.0,0,0,0,0,0,0,0
R002933,Greater NYC,Uptown Manhattan,18.955301374654105,15,3,13,0,0,0,11
R002934,Greater NYC,Lower Manhattan–North Brooklyn,5.573357327726674,9,6,8,0,0,0,7
R002935,Greater NYC,Lower Manhattan–North Brooklyn,1.1669323282874726,2,1,2,0,0,0,2
R002936,Greater NYC,Lower Manhattan–North Brooklyn,1.0,0,0,0,0,0,0,0
R002937,Southern California,Los Angeles,1.0,3,2,3,0,0,0,2
R002938,Northern California,San Francisco,7.312102894311248,7,2,5,0,0,0,6
R002939,Greater NYC,Lower Manhattan–North Brooklyn,12.304917663927547,10,5,8,0,0,0,7
R002940,Greater NYC,Uptown Manhattan,1.0,3,3,3,0,0,0,3
R002941,DMV,DC–Arlington,1.5316509799714997,1,1,1,0,0,0,1
R002942,Greater NYC,Uptown Manhattan,12.674780138572036,6,3,6,0,0,0,6
R002943,Ann Arbor,Ann Arbor,1.1681506031999564,2,1,1,0,0,0,2
R002944,Greater NYC,Westchester,1.0518588425830953,3,2,2,0,0,0,2
R002945,Greater NYC,Uptown Manhattan,10.66512780252156,6,1,4,0,0,0,5
R002946,Greater NYC,Lower Manhattan–North Brooklyn,1.4588969363869004,3,2,2,0,0,0,2
R002947,Greater NYC,Lower Manhattan–North Brooklyn,1.0156647403950565,1,1,1,0,0,0,1
R002948,Northern California,Marin County,2.8896152549721843,2,2,2,0,0,0,2
R002949,Greater NYC,Uptown Manhattan,10.68541349420194,12,4,9,0,0,0,11
R002950,Greater NYC,Uptown Manhattan,2.513837604583939,1,1,1,0,0,0,0
R002951,Greater NYC,Midtown Manhattan,6.081369982307805,1,1,1,0,0,0,1
R002952,Northern California,San Francisco,1.2540139472277794,0,0,0,0,0,0,0
R002953,DMV,DC–Arlington,1.0,2,2,1,0,0,0,2
R002954,Boston,Boston,2.1589235518202656,3,1,2,0,0,0,2
R002955,Southern California,Pasadena,9.260500304003765,10,2,4,0,0,0,9
R002956,Greater NYC,Uptown Manhattan,5.919517685310148,7,4,7,0,0,0,6
R002957,Greater NYC,Fairfield County,9.366247740931378,9,3,8,0,0,0,7
R002958,Chicago,Chicago,2.609972845468797,4,2,4,0,0,0,2
R002959,DMV,DC–Arlington,9.961788110594927,6,2,6,0,0,0,4
R002960,Greater NYC,Uptown Manhattan,2.6389049949363077,2,2,2,0,0,0,2
R002961,Greater NYC,Uptown Manhattan,1.1697407997211575,1,1,1,0,0,0,1
R002962,Greater NYC,Westchester,68.09176607192478,64,6,22,0,0,0,38
R002963,Seattle,Seattle,6.239638512539331,6,1,2,0,0,0,6
R002964,Greater NYC,Midtown Manhattan,38.83492061023366,28,5,18,0,0,0,19
R002965,Greater NYC,Uptown Manhattan,9.036196572650455,11,2,7,0,0,0,9
R002966,Greater NYC,Lower Manhattan–North Brooklyn,1.69277166055648,1,1,1,0,0,0,0
R002967,Greater NYC,Fairfield County,18.10043048912476,21,4,15,0,0,0,17
R002968,Chicago,Chicago,1.0,0,0,0,0,0,0,0
R002969,Greater NYC,Lower Manhattan–North Brooklyn,3.032064434315895,0,0,0,0,0,0,0
R002970,Greater NYC,Midtown Manhattan,1.0897437012840818,0,0,0,0,0,0,0
R002971,Greater NYC,Midtown Manhattan,1.798689840528103,3,2,3,0,0,0,3
R002972,Greater NYC,Midtown Manhattan,2.402909701641386,3,2,3,0,0,0,2
R002973,Greater NYC,Lower Manhattan–North Brooklyn,1.8459054019218128,0,0,0,0,0,0,0
R002974,Dallas,Dallas,12.115382971811238,9,1,6,0,0,0,6
R002975,Greater NYC,Midtown Manhattan,20.74011196822548,26,5,20,0,0,0,21
R002976,Greater NYC,Uptown Manhattan,1.210349497202455,1,1,1,0,0,0,1
R002977,DMV,Montgomery County,20.90070877112277,19,2,14,0,0,0,14
R002978,Greater NYC,Midtown Manhattan,22.44288666279513,21,4,14,0,0,0,18
R002979,DMV,DC–Arlington,5.638806909333461,3,2,3,0,0,0,2
R002980,Chicago,Chicago,2.6479512595123245,2,2,2,0,0,0,2
R002981,Greater NYC,Westchester,53.316068421740745,45,4,21,0,0,0,32
R002982,Southern California,Pasadena,15.604887569792488,12,1,4,0,0,0,7
R002983,Boston,Chestnut Hill,7.544354471257188,14,1,7,0,0,0,9
R002984,Greater NYC,Nassau County,2.3419124076704385,1,1,1,0,0,0,1
R002985,Southern California,Los Angeles,1.7757500781069355,2,1,2,0,0,0,2
R002986,Southern California,Los Angeles,3.0858200480301963,5,3,5,0,0,0,4
R002987,Greater NYC,Lower Manhattan–North Brooklyn,1.0,1,1,1,0,0,0,1
R002988,Greater NYC,Midtown Manhattan,12.046341590332611,11,4,10,0,0,0,9
R002989,Boston,Chestnut Hill,7.8308726839210525,5,1,4,0,0,0,3
R002990,Greater NYC,Westchester,7.909843860218336,7,3,6,0,0,0,6
R002991,Greater NYC,Hudson County,11.217363589304243,10,2,8,0,0,0,8
R002992,Southern California,Los Angeles,1.0,3,3,3,0,0,0,3
R002993,Greater NYC,Midtown Manhattan,53.770833663409206,59,5,29,0,0,0,46
R002994,Greater NYC,Lower Manhattan–North Brooklyn,2.680513378585982,2,2,2,0,0,0,1
R002995,Southern California,Los Angeles,1.0533950821249505,0,0,0,0,0,0,0
R002996,Austin,Austin,35.92774634210906,38,1,8,2,0,0,25
R002997,South Florida,Miami,1.0,2,1,2,0,0,0,1
R002998,Boston,Boston,1.0,1,1,1,0,0,0,1
R002999,South Florida,Miami,1.0,1,1,1,0,0,0,1
R003000,Greater NYC,Westchester,9.756788021319634,11,4,10,0,0,0,5
R003001,DMV,Montgomery County,2.287099609274976,0,0,0,0,0,0,0
R003002,Greater NYC,Lower Manhattan–North Brooklyn,162.36072928234125,150,9,55,0,0,0,116
R003003,Southern California,Pasadena,6.060409109094202,7,2,6,0,0,0,7
R003004,Chicago,Chicago,94.18238920761712,88,2,13,3,0,0,52
R003005,Greater NYC,Nassau County,18.93893656591379,17,2,12,0,0,0,10
R003006,Dallas,Dallas,6.054777521174252,4,1,3,0,0,0,4
R003007,DMV,Montgomery County,14.901986012746036,18,1,8,0,0,0,8
R003008,Greater NYC,Uptown Manhattan,13.789866136906143,15,3,12,0,0,0,14
R003009,Greater NYC,Westchester,5.072609005727175,4,2,3,0,0,0,3
R003010,Greater NYC,Uptown Manhattan,5.4108845668747865,7,3,6,0,0,0,6
R003011,Greater NYC,Westchester,2.124496881286125,3,1,2,0,0,0,3
R003012,DMV,DC–Arlington,35.7394598835952,30,3,14,1,0,0,22
R003013,Houston,Houston,7.744710064455638,5,1,4,0,0,0,3
R003014,Boston,Chestnut Hill,8.92487458393558,10,1,5,0,0,0,8
R003015,DMV,DC–Arlington,8.185835198672224,7,2,6,0,0,0,6
R003016,Greater NYC,Fairfield County,33.24456013322278,26,3,12,0,0,0,20
R003017,Greater NYC,Lower Manhattan–North Brooklyn,1.2704243431351656,0,0,0,0,0,0,0
R003018,Greater NYC,Lower Manhattan–North Brooklyn,11.59682004688885,9,4,8,0,0,0,7
R003019,Greater NYC,North Jersey,9.058175300702434,10,1,6,0,0,0,5
R003020,Northern California,San Francisco,2.639125356309867,1,1,1,0,0,0,1
R003021,Greater NYC,Uptown Manhattan,2.707382267725004,2,1,2,0,0,0,2
R003022,Chicago,Chicago,2.7823879635499424,5,2,5,0,0,0,4
R003023,Ann Arbor,Ann Arbor,7.55134534453841,10,1,3,0,0,0,8
R003024,Austin,Austin,5.061742677248817,4,1,3,0,0,0,2
R003025,Greater NYC,Uptown Manhattan,2.9411976674556097,1,1,1,0,0,0,0
R003026,Greater NYC,Midtown Manhattan,1.3737799690155643,1,1,1,0,0,0,1
R003027,Philadelphia,Philadelphia,1.0,0,0,0,0,0,0,0
R003028,Greater NYC,Lower Manhattan–North Brooklyn,2.713471377541548,3,2,3,0,0,0,2
R003029,Boston,Chestnut Hill,4.179139681795552,3,2,3,0,0,0,1
R003030,Northern California,San Francisco,3.5516862567183165,5,2,3,0,0,0,5
R003031,DMV,Montgomery County,9.43189148686304,12,2,9,0,0,0,10
R003032,Greater NYC,Lower Manhattan–North Brooklyn,7.940446257595608,6,5,6,0,0,0,6
R003033,Greater NYC,Fairfield County,4.144364904052189,8,2,7,0,0,0,6
R003034,DMV,DC–Arlington,5.031563301762474,9,2,6,0,0,0,6
R003035,Greater NYC,Uptown Manhattan,4.46747548042133,4,2,4,0,0,0,4
R003036,Greater NYC,Uptown Manhattan,8.582696866943897,6,3,6,0,0,0,5
R003037,Greater NYC,Uptown Manhattan,14.287703197063449,16,3,13,0,0,0,13
R003038,Austin,Austin,35.46383981064009,38,1,8,1,0,0,21
R003039,South Florida,Miami,13.019068215615322,14,2,6,0,0,0,11
R003040,Greater NYC,Lower Manhattan–North Brooklyn,10.734203503923158,10,4,10,0,0,0,9
R003041,Southern California,Los Angeles,1.0,1,1,1,0,0,0,1
R003042,Ann Arbor,Ann Arbor,16.759701994566925,16,1,3,1,0,0,10
R003043,Southern California,Los Angeles,8.278777300686256,7,3,6,0,0,0,5
R003044,Chicago,Chicago,16.35056516335138,21,2,10,0,0,0,17
R003045,DMV,Montgomery County,4.25857386397551,5,2,5,0,0,0,4
R003046,DMV,DC–Arlington,3.9331923043652983,3,1,3,0,0,0,2
R003047,Southern California,Pasadena,4.471778272875521,7,1,5,0,0,0,5
R003048,Greater NYC,North Jersey,10.110718674405993,16,3,11,0,0,0,13
R003049,Greater NYC,Midtown Manhattan,1.0,2,2,2,0,0,0,1
R003050,Greater NYC,Lower Manhattan–North Brooklyn,1.0,3,2,3,0,0,0,2
R003051,Greater NYC,Uptown Manhattan,11.113627174847702,19,3,13,0,0,0,16
R003052,South Florida,Miami,3.374707204175069,4,2,2,0,0,0,4
R003053,Boston,Boston,2.952818963393758,3,3,3,0,0,0,2
R003054,Northern California,Silicon Valley,1.686360916012512,1,1,1,0,0,0,1
R003055,Greater NYC,Midtown Manhattan,3.481822457475632,3,2,3,0,0,0,3
R003056,Greater NYC,Lower Manhattan–North Brooklyn,4.633695496898308,7,5,6,0,0,0,7
R003057,Greater NYC,Lower Manhattan–North Brooklyn,5.383116430372503,4,3,4,0,0,0,4
R003058,Chicago,Chicago,6.873618968296471,4,2,4,0,0,0,3
R003059,DMV,DC–Arlington,4.616429322755467,6,2,5,0,0,0,5
R003060,Ann Arbor,Ann Arbor,1.0,0,0,0,0,0,0,0
R003061,DMV,Montgomery County,1.3043744841489513,2,1,2,0,0,0,2
R003062,Greater NYC,Nassau County,5.463469434156331,5,2,5,0,0,0,3
R003063,Greater NYC,Uptown Manhattan,11.973954012440894,8,2,7,0,0,0,7
R003064,Northern California,San Francisco,3.2747852808311695,2,2,2,0,0,0,2
R003065,Northern California,Marin County,8.764504399488223,6,1,4,0,0,0,5
R003066,Austin,Austin,16.633684806347397,15,1,6,0,0,0,11
R003067,Greater NYC,Midtown Manhattan,1.0,0,0,0,0,0,0,0
R003068,Austin,Austin,8.959490417407428,12,1,7,0,0,0,10
R003069,Greater NYC,Midtown Manhattan,13.610209579487725,14,5,10,0,0,0,11
R003070,Houston,Houston,1.767602615171778,0,0,0,0,0,0,0
R003071,Chicago,Chicago,1.0,0,0,0,0,0,0,0
R003072,Greater NYC,Lower Manhattan–North Brooklyn,1.299736050586788,3,2,3,0,0,0,1
R003073,Boston,Chestnut Hill,10.912393825228122,10,2,8,0,0,0,7
R003074,Greater NYC,Lower Manhattan–North Brooklyn,8.263413293206273,11,6,11,0,0,0,11
R003075,Greater NYC,Hudson County,5.982563208111651,6,2,6,0,0,0,3
R003076,Greater NYC,Lower Manhattan–North Brooklyn,1.0,1,1,1,0,0,0,1
R003077,Greater NYC,Uptown Manhattan,14.324220290974187,16,3,14,0,0,0,14
R003078,Dallas,Dallas,23.198898040153143,25,1,9,0,0,0,14
R003079,Philadelphia,Philadelphia,1.599211546243411,0,0,0,0,0,0,0
R003080,Greater NYC,Uptown Manhattan,5.190529867593197,4,3,4,0,0,0,3
R003081,Northern California,San Francisco,4.31233172068011,2,1,2,0,0,0,2
R003082,South Florida,Miami,6.131364334172863,12,2,5,0,0,0,8
R003083,Northern California,San Francisco,16.33595008442425,15,2,9,0,0,0,11
R003084,Houston,Houston,1.0,1,1,1,0,0,0,1
R003085,Greater NYC,Hudson County,2.9241677819141056,3,1,3,0,0,0,2
R003086,Austin,Austin,4.892960157746971,7,1,4,0,0,0,4
R003087,Northern California,San Francisco,3.3207773542365597,1,1,1,0,0,0,1
R003088,Greater NYC,Uptown Manhattan,3.4124964484619875,4,2,4,0,0,0,3
R003089,Greater NYC,Lower Manhattan–North Brooklyn,6.557120792238535,8,5,6,0,0,0,6
R003090,Southern California,Los Angeles,13.313580053288865,9,3,4,0,0,0,4
R003091,Greater NYC,Lower Manhattan–North Brooklyn,19.13792460163194,25,6,19,0,0,0,20
R003092,DMV,Montgomery County,5.218003960157568,6,2,6,0,0,0,4
R003093,Greater NYC,Uptown Manhattan,1.202112830264456,1,1,1,0,0,0,1
R003094,Greater NYC,North Jersey,3.3042120187283195,2,1,2,0,0,0,2
R003095,Greater NYC,Uptown Manhattan,1.0,0,0,0,0,0,0,0
R003096,Northern California,San Francisco,2.227037752539825,2,1,2,0,0,0,2
R003097,Greater NYC,Uptown Manhattan,11.628098969954598,10,3,8,0,0,0,8
R003098,Greater NYC,Lower Manhattan–North Brooklyn,4.452088937730939,8,5,7,0,0,0,6
R003099,Dallas,Dallas,31.37842977459487,28,1,7,0,0,0,17
R003100,Boston,Boston,3.041455092907636,2,2,2,0,0,0,0
R003101,Greater NYC,Lower Manhattan–North Brooklyn,3.361564446249636,0,0,0,0,0,0,0
R003102,Philadelphia,Philadelphia,89.45185876929345,82,2,8,4,0,0,54
R003103,Greater NYC,Westchester,10.65162802252428,14,5,10,0,0,0,12
R003104,DMV,DC–Arlington,1.849944132647994,2,2,2,0,0,0,2
R003105,Dallas,Dallas,13.810650536345625,13,1,5,0,0,0,8
R003106,Greater NYC,Uptown Manhattan,28.69335005762242,31,3,19,0,0,0,26
R003107,Greater NYC,Westchester,1.8387741224380272,5,1,3,0,0,0,3
R003108,Greater NYC,Hudson County,31.95148473911319,35,6,20,0,0,0,23
R003109,Boston,Boston,11.814634327346164,7,2,5,0,0,0,5
R003110,Greater NYC,Hudson County,19.3381404968648,24,2,13,1,0,0,14
R003111,Greater NYC,Lower Manhattan–North Brooklyn,10.012855244998526,13,6,13,0,0,0,12
R003112,Greater NYC,Fairfield County,2.9025922845911687,0,0,0,0,0,0,0
R003113,Southern California,Los Angeles,4.813755623116833,3,1,3,0,0,0,2
R003114,DMV,Montgomery County,6.106736078159573,5,2,4,0,0,0,5
R003115,Greater NYC,Nassau County,65.79165679404227,63,4,27,1,0,0,47
R003116,Austin,Austin,11.869140093659476,15,1,6,0,0,0,12
R003117,Greater NYC,Lower Manhattan–North Brooklyn,24.119992471288334,27,8,19,0,0,0,18
R003118,Greater NYC,Lower Manhattan–North Brooklyn,5.670810575113975,7,5,7,0,0,0,7
R003119,Greater NYC,Westchester,1.1486052060765235,3,2,3,0,0,0,2
R003120,Greater NYC,Lower Manhattan–North Brooklyn,7.5063770520256226,6,3,6,0,0,0,5
R003121,Greater NYC,Uptown Manhattan,21.27152880845073,21,4,18,0,0,0,18
R003122,Greater NYC,Lower Manhattan–North Brooklyn,5.472003341148398,8,4,8,0,0,0,8
R003123,Chicago,Chicago,32.36248912071585,40,2,11,1,0,0,27
R003124,Greater NYC,Midtown Manhattan,1.7714880275662568,2,2,2,0,0,0,1
R003125,Boston,Boston,12.558500728051216,14,3,8,0,0,0,11
R003126,Greater NYC,North Jersey,2.458405403021417,1,1,1,0,0,0,0
R003127,Greater NYC,Uptown Manhattan,5.867779093836291,3,2,3,0,0,0,3
R003128,Greater NYC,Uptown Manhattan,9.722563164597718,9,4,7,0,0,0,8
R003129,Austin,Austin,1.0,0,0,0,0,0,0,0
R003130,Greater NYC,Uptown Manhattan,3.0272437535227272,4,2,4,0,0,0,4
R003131,Greater NYC,Westchester,2.496486148252878,2,2,2,0,0,0,2
R003132,Greater NYC,North Jersey,1.2242921403217844,0,0,0,0,0,0,0
R003133,Greater NYC,Westchester,8.192174969083478,10,2,9,0,0,0,9
R003134,Greater NYC,Midtown Manhattan,10.752767950702076,8,3,7,0,0,0,8
R003135,Southern California,Los Angeles,6.55759937712366,3,3,3,0,0,0,1
R003136,Greater NYC,Lower Manhattan–North Brooklyn,89.62312203049014,92,7,46,0,0,0,71
R003137,Northern California,San Francisco,36.891228540806374,37,2,15,0,0,0,27
R003138,Houston,Houston,1.0,1,1,1,0,0,0,1
R003139,Greater NYC,Lower Manhattan–North Brooklyn,3.755721342612968,6,4,6,0,0,0,5
R003140,Philadelphia,Main Line,1.6482403817320426,0,0,0,0,0,0,0
R003141,Greater NYC,Lower Manhattan–North Brooklyn,1.0,0,0,0,0,0,0,0
R003142,Greater NYC,Lower Manhattan–North Brooklyn,19.240296608966084,18,6,15,0,0,0,14
R003143,Southern California,Los Angeles,6.213919862433638,5,3,5,0,0,0,4
R003144,Greater NYC,Lower Manhattan–North Brooklyn,5.189062721308861,2,1,2,0,0,0,1
R003145,Greater NYC,Westchester,5.983603361566224,8,2,7,0,0,0,6
R003146,Southern California,Los Angeles,1.0488885677310815,0,0,0,0,0,0,0
R003147,Boston,Chestnut Hill,14.708791144269872,14,2,6,0,0,0,10
R003148,Greater NYC,Hudson County,7.571423358683611,8,3,7,0,0,0,7
R003149,Greater NYC,Uptown Manhattan,1.0,0,0,0,0,0,0,0
R003150,Greater NYC,Hudson County,11.6974488242876,12,3,11,0,0,0,6
R003151,DMV,DC–Arlington,4.7806500308378235,4,2,3,0,0,0,3
R003152,Greater NYC,Uptown Manhattan,1.0581347159738197,3,2,3,0,0,0,3
R003153,DMV,DC–Arlington,2.5197092706961346,3,2,3,0,0,0,3
R003154,Greater NYC,Uptown Manhattan,3.972702125116234,6,3,5,0,0,0,6
R003155,Greater NYC,Lower Manhattan–North Brooklyn,10.15181827416787,12,5,10,0,0,0,8
R003156,Northern California,Silicon Valley,42.60769640166442,27,2,10,0,0,0,20
R003157,Greater NYC,Fairfield County,60.21332236330257,62,2,19,1,0,0,42
R003158,Northern California,Silicon Valley,1.3359784493348057,1,1,1,0,0,0,0
R003159,Ann Arbor,Ann Arbor,7.323978484802236,4,1,2,0,0,0,2
R003160,Greater NYC,Uptown Manhattan,2.6683881493683823,2,1,2,0,0,0,1
R003161,Northern California,Silicon Valley,1.0,2,1,2,0,0,0,1
R003162,Greater NYC,Lower Manhattan–North Brooklyn,10.829862479620898,13,8,13,0,0,0,11
R003163,Southern California,Los Angeles,7.984464993873741,10,3,9,0,0,0,6
R003164,Greater NYC,Midtown Manhattan,1.0,2,2,2,0,0,0,1
R003165,Northern California,San Francisco,1.9689791261856324,2,2,2,0,0,0,2
R003166,Seattle,Seattle,119.8251065848556,100,1,8,6,1,17,42
R003167,DMV,DC–Arlington,1.0,0,0,0,0,0,0,0
R003168,DMV,DC–Arlington,9.2639804212657,11,3,9,0,0,0,8
R003169,Philadelphia,Main Line,16.931640531909473,20,2,7,0,0,0,11
R003170,Southern California,Pasadena,8.66171717786451,6,2,5,0,0,0,0
R003171,Seattle,Seattle,7.224753182214237,9,1,5,0,0,0,8
R003172,Greater NYC,Midtown Manhattan,23.676508283283724,23,7,18,0,0,0,18
R003173,Philadelphia,Philadelphia,1.0,0,0,0,0,0,0,0
R003174,Atlanta,Atlanta,46.654653185101104,57,1,4,2,0,0,38
R003175,Boston,Boston,1.0,0,0,0,0,0,0,0
R003176,Philadelphia,Main Line,1.091717313780292,4,1,3,0,0,0,4
R003177,DMV,DC–Arlington,4.621773409571006,3,3,3,0,0,0,3
R003178,Southern California,Pasadena,12.762457175400964,16,1,7,0,0,0,12
R003179,Greater NYC,Midtown Manhattan,2.0885989451376665,0,0,0,0,0,0,0
R003180,Greater NYC,Hudson County,3.097122006527224,3,2,3,0,0,0,3
R003181,Boston,Boston,3.363291519168121,3,2,3,0,0,0,2
R003182,Greater NYC,Lower Manhattan–North Brooklyn,1.9359096376144107,3,2,3,0,0,0,2
R003183,Greater NYC,Midtown Manhattan,1.0,0,0,0,0,0,0,0
R003184,Austin,Austin,4.080802824486189,3,1,3,0,0,0,2
R003185,DMV,DC–Arlington,13.403410533032094,10,4,8,0,0,0,7
R003186,Boston,Chestnut Hill,7.262663766540438,7,2,7,0,0,0,5
R003187,Greater NYC,Lower Manhattan–North Brooklyn,2.0170619564983885,6,4,5,0,0,0,5
R003188,Houston,Houston,8.165283688539157,11,1,7,0,0,0,9
R003189,Boston,Chestnut Hill,1.8715492969747327,2,1,2,0,0,0,0
R003190,Greater NYC,Uptown Manhattan,6.121750844445954,7,2,6,0,0,0,5
R003191,Greater NYC,Lower Manhattan–North Brooklyn,1.7866561233851088,3,2,3,0,0,0,3
R003192,Greater NYC,Uptown Manhattan,1.0,3,2,3,0,0,0,3
R003193,Greater NYC,Midtown Manhattan,9.12529712425035,12,4,9,0,0,0,12
R003194,Greater NYC,Fairfield County,10.565579240555095,10,4,7,0,0,0,10
R003195,Philadelphia,Main Line,1.1903749731637,1,1,1,0,0,0,1
R003196,Greater NYC,Westchester,57.55404904522431,62,6,19,0,0,0,42
R003197,Greater NYC,Fairfield County,40.61359190087847,40,2,14,0,0,0,23
R003198,Greater NYC,Uptown Manhattan,24.36477250363199,26,4,18,0,0,0,19
R003199,South Florida,Miami,1.0,0,0,0,0,0,0,0
R003200,Northern California,San Francisco,1.0,1,1,1,0,0,0,1
R003201,Chicago,Chicago,7.708185790134309,8,1,7,0,0,0,8
R003202,Northern California,San Francisco,6.351172906105937,8,3,7,0,0,0,8
R003203,Atlanta,Atlanta,13.07907960909463,9,1,3,0,0,0,5
R003204,Greater NYC,Uptown Manhattan,4.876571235954692,4,3,4,0,0,0,4
R003205,Greater NYC,Lower Manhattan–North Brooklyn,2.568865005012035,3,3,3,0,0,0,3
R003206,Greater NYC,Lower Manhattan–North Brooklyn,4.873566634970529,7,4,7,0,0,0,5
R003207,Boston,Chestnut Hill,13.863344173527157,21,1,9,1,0,0,11
R003208,Greater NYC,Uptown Manhattan,9.421504378742709,7,3,7,0,0,0,5
R003209,Austin,Austin,4.3470957367687175,5,1,4,0,0,0,3
R003210,Greater NYC,Midtown Manhattan,4.613571336887964,10,3,8,0,0,0,9
R003211,Greater NYC,Lower Manhattan–North Brooklyn,2.050740320838434,0,0,0,0,0,0,0
R003212,Chicago,Chicago,1.1123501878804516,2,1,1,0,0,0,1
R003213,Greater NYC,Hudson County,1.0211992162214742,1,1,1,0,0,0,1
R003214,Greater NYC,Fairfield County,19.7919166428506,25,2,13,0,0,0,15
R003215,Northern California,San Francisco,12.442766935759002,8,2,7,0,0,0,6
R003216,Chicago,Chicago,4.306988960558113,8,2,4,0,0,0,7
R003217,Philadelphia,Main Line,2.0637909834246755,0,0,0,0,0,0,0
R003218,Chicago,Chicago,3.020693518026924,1,1,1,0,0,0,1
R003219,Greater NYC,Lower Manhattan–North Brooklyn,25.45719405364665,22,7,17,0,0,0,19
R003220,Greater NYC,Midtown Manhattan,7.1388378831349,5,2,5,0,0,0,5
R003221,DMV,DC–Arlington,4.315744022757087,3,2,3,0,0,0,3
R003222,Boston,Boston,9.353119707140914,7,2,6,0,0,0,5
R003223,DMV,DC–Arlington,3.835354077623627,5,3,4,0,0,0,5
R003224,Greater NYC,Lower Manhattan–North Brooklyn,17.104114158198424,10,5,8,0,0,0,10
R003225,Greater NYC,Lower Manhattan–North Brooklyn,25.5430476652279,29,7,19,0,0,0,24
R003226,Boston,Chestnut Hill,6.676335355711504,12,3,11,0,0,0,9
R003227,Boston,Boston,1.0,0,0,0,0,0,0,0
R003228,Greater NYC,Westchester,3.0706504927538805,0,0,0,0,0,0,0
R003229,Austin,Austin,3.0700246961469975,1,1,1,0,0,0,1
R003230,Greater NYC,North Jersey,3.68774497098751,3,2,3,0,0,0,2
R003231,Greater NYC,Lower Manhattan–North Brooklyn,1.6330787267309206,2,2,1,0,0,0,2
R003232,Northern California,San Francisco,2.8041187821791675,1,1,1,0,0,0,0
R003233,Seattle,Seattle,1.0,1,1,1,0,0,0,0
R003234,Northern California,Silicon Valley,5.911270315030832,6,1,4,0,0,0,5
R003235,Dallas,Dallas,60.488154349159274,50,1,9,2,0,0,28
R003236,DMV,DC–Arlington,7.041826476668148,10,3,7,0,0,0,9
R003237,Greater NYC,Fairfield County,11.339074684442936,11,3,9,0,0,0,5
R003238,Southern California,Pasadena,7.809499161355918,8,1,4,0,0,0,6
R003239,Greater NYC,Midtown Manhattan,20.460653710134572,20,5,17,0,0,0,13
R003240,Greater NYC,Fairfield County,1.837193554385216,2,1,2,0,0,0,1
R003241,Greater NYC,Uptown Manhattan,1.2818649512103788,0,0,0,0,0,0,0
R003242,Greater NYC,Westchester,1.8734978484978384,2,1,2,0,0,0,2
R003243,Greater NYC,Fairfield County,3.68730931325666,5,2,4,0,0,0,4
R003244,South Florida,Miami,2.4070181311901537,4,2,3,0,0,0,4
R003245,Northern California,San Francisco,1.0,0,0,0,0,0,0,0
R003246,Southern California,Pasadena,4.5041833132215485,9,3,8,0,0,0,9
R003247,Greater NYC,Fairfield County,2.5688236255578167,0,0,0,0,0,0,0
R003248,South Florida,Miami,1.0,2,2,2,0,0,0,1
R003249,Greater NYC,Nassau County,16.108275012387967,8,3,8,0,0,0,6
R003250,Austin,Austin,1.1932686089875426,0,0,0,0,0,0,0
R003251,Greater NYC,Lower Manhattan–North Brooklyn,1.7458184950090978,3,3,3,0,0,0,3
R003252,DMV,DC–Arlington,8.840936373110573,15,3,8,0,0,0,14
R003253,Northern California,San Francisco,1.0,1,1,1,0,0,0,1
R003254,Greater NYC,Lower Manhattan–North Brooklyn,1.0634593040106606,1,1,1,0,0,0,1
R003255,Seattle,Seattle,100.932214025193,103,1,8,9,0,0,55
R003256,DMV,DC–Arlington,19.291280231978952,16,3,11,0,0,0,14
R003257,Greater NYC,Westchester,3.2408818768017613,2,1,2,0,0,0,2
R003258,Philadelphia,Main Line,4.004125230234891,6,2,5,0,0,0,5
R003259,Northern California,San Francisco,28.471240713200853,34,4,20,2,0,0,21
R003260,Philadelphia,Philadelphia,1.804499189607241,5,2,5,0,0,0,4
R003261,Houston,Houston,2.8664813005458663,2,1,2,0,0,0,1
R003262,Greater NYC,Uptown Manhattan,5.838272545935249,2,2,2,0,0,0,2
R003263,Boston,Chestnut Hill,1.188005951173399,2,1,2,0,0,0,1
R003264,Northern California,San Francisco,5.43538316016177,3,2,3,0,0,0,1
R003265,Greater NYC,Midtown Manhattan,1.0155358027556691,1,1,1,0,0,0,1
R003266,Greater NYC,Hudson County,4.5140721786359075,6,2,4,0,0,0,2
R003267,Dallas,Dallas,13.064764629792142,9,1,4,0,0,0,4
R003268,Greater NYC,Lower Manhattan–North Brooklyn,6.245500673174918,4,4,4,0,0,0,3
R003269,Greater NYC,Westchester,1.0,1,1,1,0,0,0,0
R003270,Chicago,Chicago,2.7642242015848972,4,2,3,0,0,0,2
R003271,DMV,DC–Arlington,1.0928390548860203,1,1,1,0,0,0,1
R003272,Northern California,Marin County,2.021687949826686,3,1,3,0,0,0,3
R003273,Philadelphia,Main Line,5.549211405226203,7,1,5,0,0,0,5
R003274,Greater NYC,Uptown Manhattan,2.3470128672170856,3,2,3,0,0,0,2
R003275,Greater NYC,Uptown Manhattan,23.79549422321789,29,3,18,0,0,0,24
R003276,Greater NYC,Midtown Manhattan,8.271473561655645,8,4,7,0,0,0,6
R003277,Southern California,Los Angeles,22.316180835107847,22,3,12,0,0,0,10
R003278,Greater NYC,Midtown Manhattan,5.066007793021016,7,3,7,0,0,0,5
R003279,Greater NYC,Lower Manhattan–North Brooklyn,12.696451042331152,15,6,14,0,0,0,15
R003280,Greater NYC,Uptown Manhattan,36.492567918497265,37,6,22,0,0,0,26
R003281,Greater NYC,Lower Manhattan–North Brooklyn,29.95057381679352,38,7,27,0,0,0,29
R003282,Greater NYC,Midtown Manhattan,1.0,0,0,0,0,0,0,0
R003283,Greater NYC,Midtown Manhattan,13.70615956707418,17,7,13,0,0,0,16
R003284,South Florida,Miami,5.620580509561511,3,2,3,0,0,0,3
R003285,Northern California,San Francisco,31.00260221583908,32,3,15,0,0,0,22
R003286,Boston,Chestnut Hill,43.75783087630588,37,3,14,0,0,0,22
R003287,Greater NYC,Uptown Manhattan,20.554886539661787,18,5,15,0,0,0,15
R003288,Greater NYC,North Jersey,6.57762599348153,7,1,6,0,0,0,3
R003289,DMV,DC–Arlington,15.531898339267675,16,3,10,0,0,0,13
R003290,Northern California,Silicon Valley,52.633343896948496,57,3,14,1,0,0,31
R003291,DMV,DC–Arlington,12.288530097154194,13,3,9,0,0,0,8
R003292,Greater NYC,Westchester,1.0,0,0,0,0,0,0,0
R003293,Greater NYC,Uptown Manhattan,1.0,2,2,2,0,0,0,2
R003294,Greater NYC,Lower Manhattan–North Brooklyn,7.943625941157319,7,5,6,0,0,0,5
R003295,Greater NYC,Uptown Manhattan,1.0,0,0,0,0,0,0,0
R003296,Southern California,Los Angeles,15.76673444505027,13,3,10,0,0,0,7
R003297,Greater NYC,Lower Manhattan–North Brooklyn,98.67122258284624,103,8,50,0,0,0,76
R003298,Greater NYC,Lower Manhattan–North Brooklyn,1.0,0,0,0,0,0,0,0
R003299,Greater NYC,Nassau County,1.0,2,2,2,0,0,0,2
R003300,Greater NYC,Lower Manhattan–North Brooklyn,9.364697063262607,8,3,8,0,0,0,5
R003301,Greater NYC,Lower Manhattan–North Brooklyn,2.064608006951359,2,1,2,0,0,0,1
R003302,Greater NYC,Lower Manhattan–North Brooklyn,40.682480575178815,40,9,25,0,0,0,35
R003303,Northern California,San Francisco,5.455705502767732,9,2,8,0,0,0,6
R003304,Greater NYC,Lower Manhattan–North Brooklyn,1.4115517913784776,0,0,0,0,0,0,0
R003305,Greater NYC,Westchester,24.152531309140866,25,4,18,0,0,0,19
R003306,Greater NYC,Lower Manhattan–North Brooklyn,5.989182591077985,7,5,7,0,0,0,4
R003307,Greater NYC,Lower Manhattan–North Brooklyn,17.430841785324844,20,5,13,0,0,0,16
R003308,Philadelphia,Main Line,1.0,1,1,1,0,0,0,1
R003309,Seattle,Seattle,3.958805017722636,3,1,3,0,0,0,1
R003310,Boston,Boston,2.2518616731011827,0,0,0,0,0,0,0
R003311,DMV,DC–Arlington,2.908973803995643,4,3,4,0,0,0,3
R003312,Southern California,Los Angeles,33.9165982120354,32,3,16,0,0,0,17
R003313,Greater NYC,Uptown Manhattan,13.200933011394543,11,4,9,0,0,0,7
R003314,Boston,Chestnut Hill,3.422804201232435,4,1,3,0,0,0,2
R003315,Greater NYC,Lower Manhattan–North Brooklyn,2.169411794293912,3,2,3,0,0,0,3
R003316,Philadelphia,Philadelphia,9.080284601553826,9,1,6,0,0,0,9
R003317,Philadelphia,Main Line,2.938319437006454,7,1,3,0,0,0,5
R003318,Greater NYC,Fairfield County,3.928601511281573,6,3,5,0,0,0,3
R003319,Atlanta,Atlanta,2.942451578536629,1,1,1,0,0,0,1
R003320,Greater NYC,Fairfield County,9.08426777376486,12,2,8,0,0,0,10
R003321,South Florida,Miami,10.811798617912162,8,2,3,0,0,0,7
R003322,Greater NYC,Midtown Manhattan,4.5137210536079015,8,4,8,0,0,0,8
R003323,Greater NYC,Lower Manhattan–North Brooklyn,4.1452238092772005,3,2,2,0,0,0,3
R003324,Greater NYC,Uptown Manhattan,1.505409019648034,0,0,0,0,0,0,0
R003325,DMV,DC–Arlington,3.2107356053906213,0,0,0,0,0,0,0
R003326,Greater NYC,Uptown Manhattan,184.58021238161632,185,12,50,2,0,0,129
R003327,Dallas,Dallas,1.0,0,0,0,0,0,0,0
R003328,Chicago,Chicago,6.694616347064829,8,2,6,0,0,0,8
R003329,DMV,Montgomery County,5.6602817548121465,8,2,7,0,0,0,7
R003330,Houston,Houston,1.9279031613242477,1,1,1,0,0,0,1
R003331,Chicago,Chicago,13.098526232200358,17,2,7,0,0,0,14
R003332,Boston,Boston,1.0,3,1,2,0,0,0,2
R003333,Greater NYC,Uptown Manhattan,25.77758171695716,33,4,20,0,0,0,30
R003334,Ann Arbor,Ann Arbor,21.62958942574151,29,1,3,0,0,0,19
R003335,Northern California,San Francisco,2.6156415985656545,1,1,1,0,0,0,1
R003336,Greater NYC,Westchester,1.666853082878071,0,0,0,0,0,0,0
R003337,South Florida,Miami,7.683963932986794,4,2,3,0,0,0,2
R003338,Greater NYC,Lower Manhattan–North Brooklyn,6.699693421838836,6,4,4,0,0,0,4
R003339,Greater NYC,Lower Manhattan–North Brooklyn,1.0,1,1,1,0,0,0,1
R003340,Chicago,Chicago,46.9938653641126,33,2,13,0,0,0,28
R003341,DMV,DC–Arlington,48.61357085058431,50,3,19,0,0,0,34
R003342,Houston,Houston,1.4167146542398223,2,1,2,0,0,0,1
R003343,Chicago,Chicago,1.138949458345454,1,1,1,0,0,0,1
R003344,Boston,Boston,1.0,0,0,0,0,0,0,0
R003345,DMV,DC–Arlington,1.0,2,2,2,0,0,0,1
R003346,Northern California,Silicon Valley,6.359333912513415,8,2,7,0,0,0,7
R003347,Greater NYC,Lower Manhattan–North Brooklyn,37.137628644268155,35,6,26,0,0,0,30
R003348,Southern California,Los Angeles,2.826974374853207,0,0,0,0,0,0,0
R003349,Greater NYC,Lower Manhattan–North Brooklyn,1.6551999528526775,3,3,3,0,0,0,3
R003350,Houston,Houston,1.0,2,1,2,0,0,0,2
R003351,Atlanta,Atlanta,18.73336124142605,21,1,4,1,0,0,16
R003352,Greater NYC,Midtown Manhattan,4.262726672048483,6,4,6,0,0,0,5
R003353,Greater NYC,Fairfield County,1.401397737802898,1,1,1,0,0,0,1
R003354,South Florida,Miami,6.524476954358649,7,2,4,0,0,0,4
R003355,Southern California,Los Angeles,10.92560306291758,6,2,6,0,0,0,4
R003356,DMV,DC–Arlington,1.822583237184776,1,1,1,0,0,0,1
R003357,Dallas,Dallas,13.654428702197222,11,1,6,0,0,0,7
R003358,Greater NYC,Midtown Manhattan,8.451978964327742,6,3,6,0,0,0,5
R003359,Greater NYC,Fairfield County,24.212504248281988,26,4,14,0,0,0,19
R003360,Greater NYC,Midtown Manhattan,13.18505122503874,18,4,12,0,0,0,13
R003361,Greater NYC,Midtown Manhattan,5.53357170758104,8,4,8,0,0,0,7
R003362,Chicago,Chicago,10.077905895229572,18,2,8,0,0,0,14
R003363,Greater NYC,Uptown Manhattan,7.9311220000850655,8,3,7,0,0,0,7
R003364,Greater NYC,Uptown Manhattan,18.248345627070737,10,2,9,0,0,0,8
R003365,Greater NYC,Westchester,1.328304082175969,2,2,2,0,0,0,2
R003366,Greater NYC,Midtown Manhattan,19.82386044918975,21,5,19,0,0,0,18
R003367,Boston,Boston,1.369289416214443,1,1,1,0,0,0,0
R003368,Greater NYC,Westchester,3.040792495882887,4,1,4,0,0,0,3
R003369,Boston,Chestnut Hill,3.225752060630076,5,1,2,0,0,0,2
R003370,Greater NYC,Midtown Manhattan,3.8727266014607338,8,4,8,0,0,0,6
R003371,Chicago,Chicago,2.4764419016805737,0,0,0,0,0,0,0
R003372,Chicago,Chicago,13.741514593623677,15,2,6,0,0,0,13
R003373,Greater NYC,Fairfield County,1.2384516929796678,1,1,1,0,0,0,1
R003374,Greater NYC,Nassau County,22.07494133513989,16,2,10,0,0,0,10
R003375,Dallas,Dallas,11.805206069260056,12,1,7,0,0,0,8
R003376,Greater NYC,Lower Manhattan–North Brooklyn,14.01208164423002,8,3,6,0,0,0,6
R003377,Northern California,San Francisco,39.07620233183186,30,2,11,0,0,0,19
R003378,Southern California,Los Angeles,1.2308450438147278,2,1,2,0,0,0,2
R003379,Greater NYC,Lower Manhattan–North Brooklyn,18.95071960373633,19,7,18,0,0,0,15
R003380,Dallas,Dallas,180.98393083251975,179,1,9,14,2,7,70
R003381,Greater NYC,Midtown Manhattan,8.507764353249929,9,5,9,0,0,0,7
R003382,Greater NYC,Lower Manhattan–North Brooklyn,5.843832125979207,4,3,4,0,0,0,3
R003383,Chicago,Chicago,7.222246947330071,7,2,4,0,0,0,4
R003384,Northern California,Silicon Valley,9.648447736293871,6,1,4,0,0,0,5
R003385,Greater NYC,Lower Manhattan–North Brooklyn,1.1668142165251332,1,1,1,0,0,0,1
R003386,Seattle,Seattle,1.0,0,0,0,0,0,0,0
R003387,Greater NYC,Nassau County,1.4005241376048527,1,1,1,0,0,0,0
R003388,Atlanta,Atlanta,20.341169981981093,16,1,4,0,0,0,14
R003389,Houston,Houston,6.499632795469434,7,1,5,0,0,0,4
R003390,Greater NYC,Midtown Manhattan,2.296609550256056,1,1,1,0,0,0,1
R003391,Greater NYC,Uptown Manhattan,1.0,0,0,0,0,0,0,0
R003392,Southern California,Pasadena,3.92708831269839,3,2,3,0,0,0,2
R003393,Greater NYC,Midtown Manhattan,13.576663666687567,15,3,11,0,0,0,14
R003394,Greater NYC,Lower Manhattan–North Brooklyn,7.557163742606602,10,3,9,0,0,0,6
R003395,Greater NYC,Lower Manhattan–North Brooklyn,4.252894181363386,1,1,1,0,0,0,1
R003396,Ann Arbor,Ann Arbor,15.930006749781688,22,1,3,0,0,0,16
R003397,Chicago,Chicago,1.0,0,0,0,0,0,0,0
R003398,Seattle,Seattle,9.819794799092069,8,1,5,0,0,0,6
R003399,Greater NYC,Uptown Manhattan,200.0,186,5,39,7,0,0,125
R003400,Greater NYC,Uptown Manhattan,2.9082774127294373,5,3,5,0,0,0,5
R003401,Houston,Houston,26.48654322938044,21,1,8,0,0,0,16
R003402,Philadelphia,Main Line,2.6679454785175243,1,1,1,0,0,0,1
R003403,Northern California,San Francisco,6.541442978223712,5,2,4,0,0,0,5
R003404,Ann Arbor,Ann Arbor,1.3340436094164048,1,1,1,0,0,0,1
R003405,Boston,Boston,7.506451338624438,7,3,4,0,0,0,5
R003406,Philadelphia,Main Line,3.215807655293114,1,1,1,0,0,0,0
R003407,Boston,Boston,2.091088479795534,3,2,3,0,0,0,2
R003408,Greater NYC,Uptown Manhattan,6.128186880804048,6,2,5,0,0,0,4
R003409,Greater NYC,Uptown Manhattan,1.6812817417337589,1,1,1,0,0,0,1
R003410,Southern California,Los Angeles,1.6603491500364396,0,0,0,0,0,0,0
R003411,Southern California,Los Angeles,1.0,0,0,0,0,0,0,0
R003412,Boston,Boston,2.2485636908242568,4,2,2,0,0,0,3
R003413,Greater NYC,Lower Manhattan–North Brooklyn,1.0,1,1,1,0,0,0,1
R003414,Greater NYC,Westchester,36.00105714155387,39,4,21,0,0,0,28
R003415,Greater NYC,Lower Manhattan–North Brooklyn,6.405016948606887,13,6,12,0,0,0,11
R003416,Greater NYC,Fairfield County,6.558856206012972,12,4,10,0,0,0,9
R003417,Boston,Chestnut Hill,1.1431239784011145,1,1,1,0,0,0,0
R003418,Southern California,Los Angeles,1.0,0,0,0,0,0,0,0
R003419,Northern California,San Francisco,4.047901551055207,1,1,1,0,0,0,0
R003420,Greater NYC,Uptown Manhattan,3.866318245454472,3,3,3,0,0,0,3
R003421,Southern California,Pasadena,2.7953239340742124,2,1,2,0,0,0,2
R003422,DMV,DC–Arlington,7.975327181550871,9,3,7,0,0,0,7
R003423,Houston,Houston,1.154137272772568,0,0,0,0,0,0,0
R003424,Houston,Houston,13.358271967412245,20,1,8,0,0,0,11
R003425,Greater NYC,Lower Manhattan–North Brooklyn,2.6440834831400037,1,1,1,0,0,0,1
R003426,DMV,DC–Arlington,1.0,2,2,2,0,0,0,2
R003427,Greater NYC,Lower Manhattan–North Brooklyn,9.468514649798284,8,4,7,0,0,0,7
R003428,Greater NYC,Lower Manhattan–North Brooklyn,12.21560675112021,9,3,8,0,0,0,8
R003429,Boston,Chestnut Hill,2.9456888971364155,5,2,4,0,0,0,3
R003430,Greater NYC,Lower Manhattan–North Brooklyn,17.24219616679412,17,6,15,0,0,0,13
R003431,Boston,Boston,13.64134485985639,11,2,5,0,0,0,10
R003432,Greater NYC,Lower Manhattan–North Brooklyn,3.4530275260753536,1,1,1,0,0,0,1
R003433,Austin,Austin,3.893361453891189,6,1,4,0,0,0,4
R003434,DMV,Montgomery County,6.316569667216399,4,2,3,0,0,0,4
R003435,Greater NYC,Nassau County,24.175652969151457,17,3,9,0,0,0,12
R003436,Austin,Austin,12.22758058851156,15,1,7,0,0,0,13
R003437,Austin,Austin,2.027136853913444,6,1,5,0,0,0,3
R003438,Southern California,Los Angeles,2.2434519504264534,0,0,0,0,0,0,0
R003439,Greater NYC,Fairfield County,14.182882128058502,19,3,12,0,0,0,15
R003440,Greater NYC,Westchester,16.428122919852687,18,2,10,0,0,0,12
R003441,South Florida,Miami,9.50881189369947,12,2,7,0,0,0,10
R003442,Dallas,Dallas,8.039536707004508,15,1,7,0,0,0,12
R003443,Boston,Boston,1.0,0,0,0,0,0,0,0
R003444,Greater NYC,Midtown Manhattan,1.3494803959180095,0,0,0,0,0,0,0
R003445,DMV,DC–Arlington,7.8918032324967164,4,3,4,0,0,0,4
R003446,Atlanta,Atlanta,3.4688921113612765,6,1,4,0,0,0,5
R003447,Greater NYC,Lower Manhattan–North Brooklyn,4.314332545188682,4,3,3,0,0,0,3
R003448,Greater NYC,Lower Manhattan–North Brooklyn,5.754891463956762,7,3,7,0,0,0,6
R003449,Chicago,Chicago,1.0,1,1,1,0,0,0,1
R003450,DMV,Montgomery County,3.6546800771562458,4,2,3,0,0,0,4
R003451,DMV,DC–Arlington,5.867558715485849,9,2,7,0,0,0,6
R003452,Atlanta,Atlanta,1.0,1,1,1,0,0,0,1
R003453,Boston,Boston,1.679336865734504,0,0,0,0,0,0,0
R003454,Greater NYC,Midtown Manhattan,4.052944215020149,2,2,2,0,0,0,1
R003455,Houston,Houston,4.801703649454578,8,1,7,0,0,0,5
R003456,Atlanta,Atlanta,9.566143974891771,9,1,4,0,0,0,8
R003457,Boston,Chestnut Hill,1.0,1,1,1,0,0,0,0
R003458,Boston,Chestnut Hill,1.0,1,1,1,0,0,0,0
R003459,DMV,Montgomery County,1.4410826846332665,2,1,2,0,0,0,1
R003460,Greater NYC,Uptown Manhattan,1.4105441652881667,1,1,1,0,0,0,1
R003461,Seattle,Seattle,9.464798897831674,11,1,6,0,0,0,9
R003462,Greater NYC,Lower Manhattan–North Brooklyn,1.4007532522434936,3,3,3,0,0,0,2
R003463,Chicago,Chicago,1.8413194800717976,1,1,1,0,0,0,1
R003464,Greater NYC,Lower Manhattan–North Brooklyn,5.9973670960387215,3,3,3,0,0,0,3
R003465,Northern California,San Francisco,9.795621970712492,9,2,5,0,0,0,7
R003466,Greater NYC,Midtown Manhattan,14.249055044312597,20,5,17,0,0,0,15
R003467,Austin,Austin,13.25496251937274,10,1,5,0,0,0,6
R003468,Greater NYC,Lower Manhattan–North Brooklyn,12.315756991936334,16,7,16,0,0,0,14
R003469,Boston,Boston,12.920716891092782,11,2,6,0,0,0,9
R003470,DMV,Montgomery County,1.0,2,1,2,0,0,0,2
R003471,Boston,Chestnut Hill,1.0,1,1,1,0,0,0,0
R003472,Greater NYC,Lower Manhattan–North Brooklyn,1.5062533540356475,1,1,1,0,0,0,1
R003473,Boston,Boston,3.3372006411687547,2,1,2,0,0,0,2
R003474,Greater NYC,Midtown Manhattan,61.205810259907686,74,6,32,1,0,0,47
R003475,Greater NYC,Midtown Manhattan,1.034173800182229,0,0,0,0,0,0,0
R003476,Philadelphia,Main Line,11.089094073148196,12,2,6,0,0,0,11
R003477,Houston,Houston,1.1995243071221358,0,0,0,0,0,0,0
R003478,Northern California,San Francisco,15.748226292030507,22,3,11,0,0,0,18
R003479,Greater NYC,Midtown Manhattan,8.105616625918433,8,4,7,0,0,0,8
R003480,Philadelphia,Main Line,126.22336692724949,120,1,8,6,1,1,63
R003481,DMV,DC–Arlington,1.0,1,1,1,0,0,0,1
R003482,Greater NYC,Lower Manhattan–North Brooklyn,14.62239284556749,23,6,20,0,0,0,20
R003483,DMV,Montgomery County,2.3261976907056217,1,1,1,0,0,0,1
R003484,Greater NYC,Midtown Manhattan,10.042996597206214,11,4,9,0,0,0,8
R003485,Northern California,Silicon Valley,1.0,2,2,2,0,0,0,1
R003486,Southern California,Los Angeles,3.5564942246486035,3,2,3,0,0,0,1
R003487,Greater NYC,Midtown Manhattan,17.814085912144122,14,4,9,0,0,0,10
R003488,DMV,DC–Arlington,3.338907575826038,5,3,4,0,0,0,2
R003489,Chicago,Chicago,2.9185911877608257,2,2,2,0,0,0,1
R003490,Greater NYC,Lower Manhattan–North Brooklyn,1.0,0,0,0,0,0,0,0
R003491,Greater NYC,Midtown Manhattan,4.73656870364342,8,5,8,0,0,0,7
R003492,Greater NYC,Lower Manhattan–North Brooklyn,27.54614153235819,25,6,18,0,0,0,21
R003493,DMV,DC–Arlington,1.473990510074362,1,1,1,0,0,0,1
R003494,Boston,Boston,1.703623836594231,2,1,2,0,0,0,2
R003495,Greater NYC,Uptown Manhattan,3.9733855871082,4,3,4,0,0,0,4
R003496,Greater NYC,Westchester,2.576695835889535,3,2,3,0,0,0,3
R003497,DMV,DC–Arlington,18.482806944080775,16,3,8,0,0,0,14
R003498,Southern California,Los Angeles,16.375831511780397,22,3,11,0,0,0,12
R003499,Greater NYC,Hudson County,32.89748326657803,32,3,12,0,0,0,20
R003500,Boston,Chestnut Hill,11.499893977183934,10,2,7,0,0,0,10
R003501,Greater NYC,Westchester,3.681420153892892,5,2,4,0,0,0,5
R003502,Greater NYC,Fairfield County,23.862360185391676,22,2,14,0,0,0,16
R003503,Greater NYC,Uptown Manhattan,6.699087447439216,5,3,5,0,0,0,5
R003504,DMV,Montgomery County,49.74414971317216,52,2,11,1,0,0,27
R003505,Chicago,Chicago,10.57140989736197,13,2,9,0,0,0,10
R003506,Greater NYC,Westchester,3.7201532306799816,3,2,3,0,0,0,2
R003507,Greater NYC,Westchester,11.630886216208763,17,3,14,0,0,0,14
R003508,Greater NYC,Lower Manhattan–North Brooklyn,1.5293359867352498,1,1,1,0,0,0,1
R003509,Greater NYC,Lower Manhattan–North Brooklyn,7.569531649806783,9,4,9,0,0,0,8
R003510,Greater NYC,Lower Manhattan–North Brooklyn,11.783327045973708,16,6,14,0,0,0,15
R003511,Greater NYC,Uptown Manhattan,1.5974572438113206,3,3,3,0,0,0,2
R003512,Chicago,Chicago,6.473463709298231,4,2,3,0,0,0,3
R003513,Northern California,Silicon Valley,1.0,2,1,2,0,0,0,2
R003514,Greater NYC,Lower Manhattan–North Brooklyn,6.41739320978004,8,4,8,0,0,0,8
R003515,Greater NYC,Uptown Manhattan,3.865759419897544,3,1,2,0,0,0,3
R003516,Southern California,Los Angeles,9.364637860773971,11,3,8,0,0,0,4
R003517,Greater NYC,Midtown Manhattan,6.3693191495323465,3,2,3,0,0,0,3
R003518,Philadelphia,Main Line,6.834325900178182,6,2,5,0,0,0,4
R003519,Greater NYC,Lower Manhattan–North Brooklyn,5.523632523502407,5,4,5,0,0,0,4
R003520,Greater NYC,Midtown Manhattan,3.0486439249422537,3,2,3,0,0,0,3
R003521,Boston,Chestnut Hill,24.57772296817043,23,3,11,0,0,0,18
R003522,Greater NYC,Uptown Manhattan,1.0,2,2,2,0,0,0,1
R003523,Southern California,Pasadena,1.6087738901504005,2,2,2,0,0,0,2
R003524,Greater NYC,Fairfield County,1.4455794897548604,1,1,1,0,0,0,1
R003525,Greater NYC,Lower Manhattan–North Brooklyn,1.8274604503571708,1,1,1,0,0,0,1
R003526,Southern California,Los Angeles,94.08216885312584,80,3,18,0,0,0,45
R003527,Greater NYC,Lower Manhattan–North Brooklyn,3.7999276866152782,5,2,5,0,0,0,5
R003528,Southern California,Los Angeles,1.6306975582150232,2,1,2,0,0,0,2
R003529,Greater NYC,Midtown Manhattan,5.084491975883897,3,2,3,0,0,0,3
R003530,Greater NYC,Westchester,22.530498296449252,17,2,12,0,0,0,12
R003531,Atlanta,Atlanta,21.745225203537323,28,1,3,2,0,0,19
R003532,Greater NYC,Westchester,9.914749152379414,3,2,3,0,0,0,2
R003533,Greater NYC,Lower Manhattan–North Brooklyn,89.1059806932312,83,6,32,0,0,0,70
R003534,Greater NYC,Midtown Manhattan,3.021021893582173,1,1,1,0,0,0,1
R003535,Greater NYC,Lower Manhattan–North Brooklyn,2.023893274634491,3,2,3,0,0,0,2
R003536,Greater NYC,Lower Manhattan–North Brooklyn,2.7578489993266655,3,2,3,0,0,0,2
R003537,Greater NYC,Lower Manhattan–North Brooklyn,4.959011518951879,7,3,5,0,0,0,4
R003538,Ann Arbor,Ann Arbor,1.604899706824152,1,1,1,0,0,0,1
R003539,Seattle,Seattle,5.415600763675792,5,1,3,0,0,0,4
R003540,Greater NYC,Lower Manhattan–North Brooklyn,1.973411847815416,0,0,0,0,0,0,0
R003541,Greater NYC,Nassau County,2.4598343463600165,1,1,1,0,0,0,1
R003542,Northern California,San Francisco,2.6352266441593546,3,1,3,0,0,0,2
R003543,Southern California,Los Angeles,1.8828224069826085,2,2,2,0,0,0,2
R003544,South Florida,Miami,1.881130153344081,1,1,1,0,0,0,1
R003545,Dallas,Dallas,5.189930209342067,5,1,4,0,0,0,5
R003546,Boston,Chestnut Hill,6.14398709824413,5,2,4,0,0,0,2
R003547,Chicago,Chicago,8.451780688244463,7,2,6,0,0,0,4
R003548,Philadelphia,Main Line,10.31924614427892,11,1,5,0,0,0,9
R003549,Northern California,Marin County,3.386723454132746,2,2,2,0,0,0,2
R003550,Greater NYC,Uptown Manhattan,2.194245567826102,1,1,1,0,0,0,1
R003551,Boston,Chestnut Hill,6.377361578628147,7,3,7,0,0,0,4
R003552,Greater NYC,Nassau County,4.687000572456648,4,1,4,0,0,0,3
R003553,DMV,DC–Arlington,21.9030306631567,25,3,13,0,0,0,19
R003554,Chicago,Chicago,1.1127686329300994,0,0,0,0,0,0,0
R003555,Greater NYC,Uptown Manhattan,14.37851190017101,15,4,13,0,0,0,13
R003556,Greater NYC,Hudson County,4.781345844251968,9,2,6,0,0,0,4
R003557,DMV,Montgomery County,1.0,0,0,0,0,0,0,0
R003558,Boston,Boston,1.579929723012113,4,3,4,0,0,0,3
R003559,Chicago,Chicago,2.21663681580293,0,0,0,0,0,0,0
R003560,Greater NYC,Midtown Manhattan,5.67190585210015,7,5,7,0,0,0,5
R003561,Greater NYC,Hudson County,7.013078929519536,9,2,7,0,0,0,7
R003562,Southern California,Los Angeles,37.01431553385721,31,4,16,0,0,0,18
R003563,Southern California,Pasadena,2.39255980179067,3,1,2,0,0,0,2
R003564,DMV,DC–Arlington,3.033785939839785,1,1,1,0,0,0,1
R003565,Greater NYC,Lower Manhattan–North Brooklyn,3.765752461670968,4,3,4,0,0,0,4
R003566,Chicago,Chicago,5.746859103805253,6,2,4,0,0,0,5
R003567,Boston,Boston,4.463529751503512,4,2,4,0,0,0,2
R003568,Atlanta,Atlanta,75.12157713307025,65,1,4,6,0,0,38
R003569,DMV,DC–Arlington,11.742444492444983,12,4,10,0,0,0,10
R003570,Northern California,San Francisco,2.012886347701701,2,1,2,0,0,0,1
R003571,Greater NYC,Uptown Manhattan,1.419394515692055,0,0,0,0,0,0,0
R003572,Boston,Chestnut Hill,1.0560981522636554,2,1,2,0,0,0,2
R003573,DMV,DC–Arlington,5.224740078241858,5,3,4,0,0,0,5
R003574,South Florida,Miami,6.895956824719192,4,2,3,0,0,0,3
R003575,Seattle,Seattle,4.514789902329689,8,1,6,0,0,0,5
R003576,Northern California,Marin County,1.0,1,1,1,0,0,0,1
R003577,Greater NYC,Westchester,37.590785856846296,35,4,24,0,0,0,29
R003578,South Florida,Miami,2.0977539120077435,2,1,1,0,0,0,1
R003579,Greater NYC,Lower Manhattan–North Brooklyn,2.2875010364435195,1,1,1,0,0,0,1
R003580,Atlanta,Atlanta,13.333892328940411,12,1,4,0,0,0,9
R003581,Greater NYC,Lower Manhattan–North Brooklyn,8.84522474779144,6,3,6,0,0,0,5
R003582,Boston,Boston,3.3806239950004806,4,2,4,0,0,0,2
R003583,Greater NYC,Uptown Manhattan,4.439240978711291,7,2,7,0,0,0,7
R003584,Atlanta,Atlanta,38.94300161704254,40,1,4,2,1,0,24
R003585,Greater NYC,Uptown Manhattan,17.250509140196648,18,4,12,0,0,0,17
R003586,Greater NYC,Midtown Manhattan,4.672417481969644,2,2,2,0,0,0,2
R003587,Greater NYC,Midtown Manhattan,8.96768427409822,8,4,7,0,0,0,7
R003588,DMV,DC–Arlington,6.99726436088005,12,4,11,0,0,0,8
R003589,Austin,Austin,15.555791691489894,19,1,7,0,0,0,12
R003590,Greater NYC,Midtown Manhattan,6.301518591640788,9,4,8,0,0,0,8
R003591,Greater NYC,Uptown Manhattan,2.214864120915884,3,2,3,0,0,0,3
R003592,Southern California,Los Angeles,8.229996747376424,13,3,10,0,0,0,10
R003593,Greater NYC,Westchester,18.773013252733747,18,4,14,0,0,0,16
R003594,Chicago,Chicago,61.12359293030414,59,2,12,2,0,0,38
R003595,DMV,DC–Arlington,21.319682485523852,23,3,12,0,0,0,16
R003596,Greater NYC,Uptown Manhattan,4.368153867165427,8,2,6,0,0,0,5
R003597,Southern California,Pasadena,1.1701302605408297,0,0,0,0,0,0,0
R003598,Greater NYC,Midtown Manhattan,6.351356578854298,6,4,5,0,0,0,5
R003599,Greater NYC,Midtown Manhattan,2.7104814986089085,5,3,5,0,0,0,5
R003600,Southern California,Pasadena,4.832073592174741,3,3,3,0,0,0,2
R003601,DMV,DC–Arlington,3.787932649641311,5,3,5,0,0,0,5
R003602,Greater NYC,Lower Manhattan–North Brooklyn,12.02652598332548,8,4,8,0,0,0,6
R003603,Greater NYC,Uptown Manhattan,99.10040055639708,115,5,43,3,0,0,84
R003604,Greater NYC,Lower Manhattan–North Brooklyn,1.8110682413572528,1,1,1,0,0,0,1
R003605,Greater NYC,Fairfield County,5.5973260275960195,6,3,5,0,0,0,5
R003606,Greater NYC,Fairfield County,1.6084937912719823,1,1,1,0,0,0,1
R003607,Austin,Austin,18.508948286600443,25,1,7,1,0,0,16
R003608,Boston,Boston,9.825956710259195,8,2,5,0,0,0,6
R003609,Northern California,San Francisco,11.32031307741312,17,3,11,0,0,0,10
R003610,Chicago,Chicago,1.0,0,0,0,0,0,0,0
R003611,Atlanta,Atlanta,200.0,196,1,4,16,4,36,72
R003612,Greater NYC,Midtown Manhattan,4.072206996522024,2,1,2,0,0,0,2
R003613,Greater NYC,Fairfield County,53.48404962475834,46,3,22,0,0,0,33
R003614,Greater NYC,Lower Manhattan–North Brooklyn,1.0,2,2,2,0,0,0,2
R003615,DMV,DC–Arlington,1.0,1,1,1,0,0,0,1
R003616,Chicago,Chicago,1.0496898730456845,1,1,1,0,0,0,0
R003617,Boston,Chestnut Hill,20.763766592323332,16,3,12,0,0,0,13
R003618,Seattle,Seattle,16.865195435898194,19,1,7,1,0,0,14
R003619,Greater NYC,Lower Manhattan–North Brooklyn,1.0,0,0,0,0,0,0,0
R003620,DMV,DC–Arlington,2.7465531154904426,4,2,4,0,0,0,2
R003621,DMV,DC–Arlington,3.178304781555099,4,4,4,0,0,0,4
R003622,Greater NYC,Midtown Manhattan,1.5043451722241172,0,0,0,0,0,0,0
R003623,Greater NYC,Uptown Manhattan,8.735835429510322,12,3,11,0,0,0,7
R003624,Greater NYC,Lower Manhattan–North Brooklyn,7.03509741281162,9,5,8,0,0,0,9
R003625,Greater NYC,Lower Manhattan–North Brooklyn,3.6771066456469543,3,3,3,0,0,0,3
R003626,Chicago,Chicago,1.5576696403156292,1,1,1,0,0,0,1
R003627,Chicago,Chicago,1.0,0,0,0,0,0,0,0
R003628,Greater NYC,Uptown Manhattan,2.2972421576522573,2,1,2,0,0,0,2
R003629,Seattle,Seattle,5.42852293768842,2,1,1,0,0,0,1
R003630,Chicago,Chicago,5.48198570298182,8,2,6,0,0,0,6
R003631,Greater NYC,Lower Manhattan–North Brooklyn,3.399923083194896,3,3,3,0,0,0,3
R003632,Greater NYC,Uptown Manhattan,19.97014124784701,30,3,18,0,0,0,22
R003633,Greater NYC,Lower Manhattan–North Brooklyn,3.8208144410886775,4,2,4,0,0,0,4
R003634,DMV,DC–Arlington,9.213814811809057,13,3,9,0,0,0,11
R003635,Greater NYC,Westchester,2.4873455038219663,6,2,5,0,0,0,5
R003636,Greater NYC,Midtown Manhattan,2.2665929647999508,4,3,4,0,0,0,2
R003637,Northern California,Silicon Valley,5.648193134437499,4,1,4,0,0,0,1
R003638,Greater NYC,Fairfield County,14.596861844818854,16,3,12,0,0,0,14
R003639,DMV,DC–Arlington,6.343974474116537,2,2,2,0,0,0,2
R003640,Greater NYC,Midtown Manhattan,2.3158522612697223,0,0,0,0,0,0,0
R003641,Seattle,Seattle,1.0,0,0,0,0,0,0,0
R003642,Boston,Boston,3.1578203196442436,4,2,4,0,0,0,4
R003643,Greater NYC,Uptown Manhattan,19.21858875979615,18,5,13,0,0,0,15
R003644,Chicago,Chicago,56.60130561030208,61,2,13,2,0,0,38
R003645,South Florida,Miami,3.5530074805392973,2,1,2,0,0,0,0
R003646,Greater NYC,Uptown Manhattan,39.273365334968545,35,4,21,0,0,0,31
R003647,Southern California,Los Angeles,1.017497299661719,3,2,3,0,0,0,1
R003648,Austin,Austin,1.6237929662422643,2,1,2,0,0,0,2
R003649,Greater NYC,Midtown Manhattan,3.600335553854273,3,2,3,0,0,0,2
R003650,Austin,Austin,6.965167970927572,7,1,4,0,0,0,2
R003651,Greater NYC,Fairfield County,15.75975991756304,15,2,11,0,0,0,12
R003652,Greater NYC,Midtown Manhattan,1.4416331923650985,0,0,0,0,0,0,0
R003653,Northern California,Silicon Valley,52.74023159513949,44,2,12,3,0,0,29
R003654,Greater NYC,Lower Manhattan–North Brooklyn,58.00063354670947,59,9,35,0,0,0,45
R003655,Austin,Austin,14.769864358738364,15,1,7,0,0,0,8
R003656,Chicago,Chicago,12.044494192124068,16,2,8,0,0,0,12
R003657,Southern California,Los Angeles,1.0,1,1,1,0,0,0,0
R003658,Boston,Chestnut Hill,27.818090481172717,29,2,9,1,0,0,20
R003659,Boston,Boston,2.467546154496971,10,2,5,0,0,0,8
R003660,Philadelphia,Philadelphia,8.04639523855276,8,2,6,0,0,0,6
R003661,Southern California,Los Angeles,61.320984902529965,71,3,17,2,0,0,43
R003662,Greater NYC,Lower Manhattan–North Brooklyn,5.956189680582704,7,3,7,0,0,0,7
R003663,South Florida,Miami,4.502460587240835,2,2,1,0,0,0,1
R003664,Southern California,Los Angeles,9.504399149824982,8,3,8,0,0,0,5
R003665,Greater NYC,Fairfield County,1.0,0,0,0,0,0,0,0
R003666,Greater NYC,Lower Manhattan–North Brooklyn,4.453989141099707,5,3,5,0,0,0,4
R003667,Greater NYC,Midtown Manhattan,23.154461019955612,21,5,19,0,0,0,15
R003668,Southern California,Los Angeles,1.0856015477164398,1,1,1,0,0,0,1
R003669,DMV,DC–Arlington,8.069638049385558,8,3,8,0,0,0,6
R003670,Greater NYC,Lower Manhattan–North Brooklyn,4.784895163482421,2,2,2,0,0,0,1
R003671,Southern California,Los Angeles,1.4543164196059326,1,1,1,0,0,0,1
R003672,Southern California,Los Angeles,6.661957355340353,2,1,2,0,0,0,1
R003673,Philadelphia,Philadelphia,1.0,0,0,0,0,0,0,0
R003674,Greater NYC,Midtown Manhattan,6.035005822737574,3,3,3,0,0,0,3
R003675,Greater NYC,Uptown Manhattan,1.6060820575954278,3,1,2,0,0,0,2
R003676,Atlanta,Atlanta,7.859988734978468,12,1,4,0,0,0,11
R003677,Southern California,Los Angeles,2.430809970246446,4,1,2,0,0,0,3
R003678,Greater NYC,Hudson County,5.760655224713757,9,2,9,0,0,0,8
R003679,Southern California,Los Angeles,17.480364830847414,15,3,10,0,0,0,3
R003680,Greater NYC,North Jersey,3.3810896882667656,2,1,2,0,0,0,2
R003681,Seattle,Seattle,14.253836118986593,13,1,7,0,0,0,11
R003682,Greater NYC,Lower Manhattan–North Brooklyn,23.94866345421257,21,9,17,0,0,0,17
R003683,Greater NYC,Lower Manhattan–North Brooklyn,8.684215380933102,8,5,7,0,0,0,6
R003684,Greater NYC,Nassau County,13.792816410062104,10,3,10,0,0,0,8
R003685,Greater NYC,Uptown Manhattan,9.429595939076645,5,2,4,0,0,0,5
R003686,DMV,DC–Arlington,1.0,0,0,0,0,0,0,0
R003687,DMV,DC–Arlington,15.951349766886176,14,3,11,0,0,0,8
R003688,Atlanta,Atlanta,4.741965914792624,4,1,3,0,0,0,4
R003689,Northern California,Silicon Valley,1.683373275281743,3,1,2,0,0,0,3
R003690,Greater NYC,Midtown Manhattan,10.00898474792162,13,6,11,0,0,0,9
R003691,Greater NYC,Nassau County,13.806697375055744,15,1,8,0,0,0,12
R003692,Greater NYC,Midtown Manhattan,1.445180401634036,5,2,4,0,0,0,5
R003693,Northern California,Marin County,1.9375609675879892,4,1,4,0,0,0,3
R003694,Greater NYC,Lower Manhattan–North Brooklyn,6.347899703208446,3,3,3,0,0,0,2
R003695,Greater NYC,Fairfield County,8.747445562112487,11,2,8,0,0,0,6
R003696,DMV,Montgomery County,1.0,2,1,2,0,0,0,1
R003697,Greater NYC,Fairfield County,4.157034907153317,6,3,6,0,0,0,6
R003698,Austin,Austin,8.620210340301293,10,1,5,0,0,0,7
R003699,Greater NYC,Fairfield County,6.662459527229076,7,2,7,0,0,0,3
R003700,Northern California,Silicon Valley,1.9663948199029488,3,2,3,0,0,0,2
R003701,Greater NYC,Westchester,1.993578964946992,4,2,4,0,0,0,2
R003702,Greater NYC,Westchester,11.92190432821244,9,2,7,0,0,0,6
R003703,Boston,Chestnut Hill,12.335309521592432,10,3,7,0,0,0,4
R003704,Greater NYC,Lower Manhattan–North Brooklyn,18.50648408960224,15,4,12,0,0,0,13
R003705,Northern California,Silicon Valley,11.885949848128448,9,2,7,0,0,0,7
R003706,Greater NYC,Lower Manhattan–North Brooklyn,18.1984177096086,18,6,17,0,0,0,14
R003707,South Florida,Miami,6.808857626576182,11,2,6,0,0,0,10
R003708,Greater NYC,Lower Manhattan–North Brooklyn,4.527682248015481,6,4,6,0,0,0,4
R003709,Greater NYC,Uptown Manhattan,2.280053179595844,3,1,3,0,0,0,3
R003710,DMV,DC–Arlington,3.6560349490611936,2,1,2,0,0,0,1
R003711,Philadelphia,Main Line,9.470448797410352,11,2,7,0,0,0,7
R003712,Boston,Boston,7.975425316797048,9,3,5,0,0,0,6
R003713,Austin,Austin,1.3377279728038003,1,1,1,0,0,0,1
R003714,Chicago,Chicago,5.5807437875662025,7,1,4,0,0,0,3
R003715,Chicago,Chicago,12.067972120510328,10,2,6,0,0,0,8
R003716,Houston,Houston,1.2097557356044932,4,1,3,0,0,0,1
R003717,Greater NYC,Lower Manhattan–North Brooklyn,10.1191819372501,8,6,7,0,0,0,6
R003718,Philadelphia,Main Line,65.65682489684195,70,2,9,3,0,0,48
R003719,Northern California,San Francisco,13.178864618138556,10,3,6,0,0,0,9
R003720,Austin,Austin,2.1887689859464685,1,1,1,0,0,0,1
R003721,South Florida,Miami,29.67548485720166,31,2,7,0,0,0,25
R003722,Greater NYC,Hudson County,1.3071788297860496,1,1,1,0,0,0,1
R003723,Greater NYC,Lower Manhattan–North Brooklyn,14.628508862136211,13,8,10,0,0,0,12
R003724,Southern California,Los Angeles,6.683829961442262,7,3,6,0,0,0,4
R003725,Greater NYC,Midtown Manhattan,1.5666878983119072,2,1,2,0,0,0,2
R003726,DMV,Montgomery County,18.333895253509663,25,3,13,0,0,0,15
R003727,Northern California,Marin County,16.33154236593225,15,1,8,0,0,0,10
R003728,Greater NYC,Uptown Manhattan,1.0,0,0,0,0,0,0,0
R003729,Northern California,San Francisco,9.420030977073091,8,3,7,0,0,0,8
R003730,Houston,Houston,1.3132270655435965,4,1,3,0,0,0,2
R003731,Greater NYC,Lower Manhattan–North Brooklyn,1.5074079389930295,0,0,0,0,0,0,0
R003732,DMV,DC–Arlington,10.445940791737934,11,3,9,0,0,0,9
R003733,Greater NYC,Lower Manhattan–North Brooklyn,47.84731771232046,44,6,32,0,0,0,38
R003734,Greater NYC,Uptown Manhattan,1.0,0,0,0,0,0,0,0
R003735,Greater NYC,Uptown Manhattan,29.193458257725844,28,3,15,0,0,0,22
R003736,DMV,DC–Arlington,13.408163335817564,15,3,10,0,0,0,13
R003737,Ann Arbor,Ann Arbor,3.853068938279919,4,1,2,0,0,0,2
R003738,Greater NYC,Lower Manhattan–North Brooklyn,28.07565423445172,25,6,22,0,0,0,19
R003739,Greater NYC,Lower Manhattan–North Brooklyn,16.891821665039043,13,6,12,0,0,0,12
R003740,Greater NYC,Nassau County,51.04589022113889,39,8,25,0,0,0,30
R003741,Chicago,Chicago,4.839462284084279,2,1,2,0,0,0,2
R003742,Northern California,San Francisco,6.59326204142319,4,3,4,0,0,0,3
R003743,Northern California,San Francisco,11.249347363789884,10,4,9,0,0,0,7
R003744,DMV,DC–Arlington,3.655595098215477,2,2,2,0,0,0,2
R003745,Greater NYC,Lower Manhattan–North Brooklyn,13.21070001404432,17,7,17,0,0,0,14
R003746,Boston,Boston,1.615513058041997,2,2,1,0,0,0,2
R003747,Philadelphia,Philadelphia,30.993407025185498,36,2,9,0,0,0,27
R003748,Atlanta,Atlanta,1.717114427160656,1,1,1,0,0,0,1
R003749,Greater NYC,Lower Manhattan–North Brooklyn,10.368022140317812,14,4,13,0,0,0,11
R003750,Greater NYC,Midtown Manhattan,5.1007689982623505,6,4,6,0,0,0,4
R003751,Greater NYC,Lower Manhattan–North Brooklyn,1.0,2,1,2,0,0,0,1
R003752,Greater NYC,Uptown Manhattan,7.6632166307448415,5,2,5,0,0,0,5
R003753,Greater NYC,Lower Manhattan–North Brooklyn,4.50580369561841,6,5,5,0,0,0,6
R003754,Boston,Chestnut Hill,12.034704938568504,9,1,5,0,0,0,6
R003755,Northern California,Silicon Valley,3.536573680709756,3,1,3,0,0,0,1
R003756,DMV,DC–Arlington,1.0,0,0,0,0,0,0,0
R003757,Greater NYC,Lower Manhattan–North Brooklyn,16.201925935924354,20,6,17,0,0,0,16
R003758,Philadelphia,Main Line,3.763165896548707,1,1,1,0,0,0,1
R003759,Greater NYC,Lower Manhattan–North Brooklyn,3.6033212835752546,8,3,8,0,0,0,7
R003760,South Florida,Miami,18.72506062483526,14,2,6,0,0,0,11
R003761,Southern California,Los Angeles,5.656533505182082,7,2,6,0,0,0,1
R003762,Atlanta,Atlanta,18.870278817291315,20,1,4,0,0,0,15
R003763,Greater NYC,Westchester,5.449606502594868,3,2,3,0,0,0,3
R003764,Southern California,Los Angeles,75.14953350547223,84,3,20,1,0,0,47
R003765,Southern California,Pasadena,5.249091560992281,3,1,3,0,0,0,2
R003766,DMV,Montgomery County,1.3511946639874106,1,1,1,0,0,0,1
R003767,Houston,Houston,6.405783429838445,6,1,5,0,0,0,1
R003768,Greater NYC,Midtown Manhattan,1.7359466402899184,2,1,2,0,0,0,1
R003769,Greater NYC,Uptown Manhattan,5.764366919890408,5,3,5,0,0,0,3
R003770,Chicago,Chicago,1.1302827869040906,1,1,1,0,0,0,0
R003771,Greater NYC,Lower Manhattan–North Brooklyn,1.0,0,0,0,0,0,0,0
R003772,DMV,Montgomery County,1.963759691094088,2,2,2,0,0,0,2
R003773,DMV,DC–Arlington,1.0,0,0,0,0,0,0,0
R003774,Ann Arbor,Ann Arbor,3.711852440124968,3,1,2,0,0,0,3
R003775,South Florida,Miami,7.84127403483486,2,2,2,0,0,0,1
R003776,Greater NYC,Uptown Manhattan,1.874758052705531,1,1,1,0,0,0,1
R003777,Northern California,San Francisco,3.242010105702504,4,2,4,0,0,0,3
R003778,Greater NYC,Midtown Manhattan,5.346005417966498,5,3,5,0,0,0,4
R003779,DMV,DC–Arlington,1.3863006551209045,2,1,2,0,0,0,2
R003780,Greater NYC,Lower Manhattan–North Brooklyn,1.1259943647465578,2,2,2,0,0,0,1
R003781,Greater NYC,Nassau County,4.234391467867325,5,3,4,0,0,0,4
R003782,Greater NYC,Uptown Manhattan,4.059300634079557,1,1,1,0,0,0,1
R003783,Northern California,Silicon Valley,1.4182707515600574,0,0,0,0,0,0,0
R003784,DMV,DC–Arlington,4.928095126546052,6,3,5,0,0,0,5
R003785,South Florida,Miami,4.376241732719626,3,2,3,0,0,0,1
R003786,Greater NYC,Midtown Manhattan,2.766868072355684,3,3,3,0,0,0,2
R003787,Greater NYC,Midtown Manhattan,6.9003121099902875,8,4,7,0,0,0,4
R003788,Greater NYC,Westchester,18.67334729769957,17,2,15,0,0,0,9
R003789,Greater NYC,Lower Manhattan–North Brooklyn,3.95096881728698,4,3,4,0,0,0,3
R003790,Southern California,Los Angeles,1.0,1,1,1,0,0,0,0
R003791,Greater NYC,Uptown Manhattan,3.61689089928836,4,3,4,0,0,0,1
R003792,DMV,DC–Arlington,78.75991751773759,65,4,19,1,0,0,41
R003793,South Florida,Miami,10.589797783372012,9,2,6,0,0,0,7
R003794,Seattle,Seattle,2.8059873310986987,4,1,3,0,0,0,4
R003795,Philadelphia,Philadelphia,1.6846806229186029,2,1,2,0,0,0,2
R003796,Greater NYC,Lower Manhattan–North Brooklyn,9.590306855524496,8,4,8,0,0,0,8
R003797,Chicago,Chicago,2.360383108397439,3,2,3,0,0,0,2
R003798,Northern California,San Francisco,12.135138758279938,15,2,9,0,0,0,13
R003799,Greater NYC,Midtown Manhattan,6.468436693087954,5,4,5,0,0,0,4
R003800,Greater NYC,Midtown Manhattan,3.283987737268671,5,2,4,0,0,0,4
R003801,Philadelphia,Main Line,8.734727512320525,12,2,6,0,0,0,9
R003802,Greater NYC,Fairfield County,1.0382043205893108,2,1,2,0,0,0,2
R003803,Greater NYC,Uptown Manhattan,2.6788790472738064,1,1,1,0,0,0,1
R003804,Philadelphia,Main Line,10.6917385297179,14,1,6,0,0,0,12
R003805,Atlanta,Atlanta,7.21370944163882,6,1,2,0,0,0,4
R003806,Northern California,San Francisco,2.4378748043588767,3,1,3,0,0,0,2
R003807,Greater NYC,Midtown Manhattan,3.8088408240899985,4,2,4,0,0,0,2
R003808,Chicago,Chicago,19.821228166034423,15,2,9,0,0,0,9
R003809,Austin,Austin,39.36698445630236,41,1,8,2,0,0,25
R003810,Chicago,Chicago,36.48074294764404,37,2,12,0,0,0,33
R003811,Philadelphia,Main Line,11.7590405133234,9,2,3,0,0,0,5
R003812,DMV,DC–Arlington,1.0,1,1,1,0,0,0,1
R003813,Northern California,San Francisco,1.0,2,2,2,0,0,0,1
R003814,DMV,DC–Arlington,21.409178030854783,25,4,14,0,0,0,19
R003815,Atlanta,Atlanta,4.024184106486604,5,1,3,0,0,0,5
R003816,Greater NYC,Uptown Manhattan,3.1173314603729767,3,3,3,0,0,0,2
R003817,Northern California,San Francisco,5.62075081732807,7,3,5,0,0,0,7
R003818,Northern California,San Francisco,30.10400470351384,34,2,13,0,0,0,22
R003819,Greater NYC,Lower Manhattan–North Brooklyn,7.074590291412399,7,3,7,0,0,0,5
R003820,Greater NYC,Hudson County,1.5978238664546576,1,1,1,0,0,0,0
R003821,Greater NYC,Midtown Manhattan,6.8650921838406065,7,2,6,0,0,0,5
R003822,Philadelphia,Philadelphia,3.112688897928695,4,2,4,0,0,0,2
R003823,Greater NYC,Nassau County,2.1674137486468714,0,0,0,0,0,0,0
R003824,Greater NYC,Uptown Manhattan,53.07223803162409,65,3,28,0,0,0,50
R003825,Greater NYC,Lower Manhattan–North Brooklyn,8.958196682230726,14,6,13,0,0,0,12
R003826,Boston,Boston,46.87980445840617,48,3,13,0,0,0,36
R003827,Greater NYC,Midtown Manhattan,1.0591880660393895,0,0,0,0,0,0,0
R003828,Greater NYC,Midtown Manhattan,3.705136877776005,4,2,4,0,0,0,4
R003829,Greater NYC,Midtown Manhattan,2.538063681007411,5,3,3,0,0,0,5
R003830,South Florida,Miami,17.185471273196068,14,2,6,0,0,0,10
R003831,Northern California,Silicon Valley,25.52021700757688,23,1,9,1,0,0,14
R003832,Greater NYC,Uptown Manhattan,8.790877470295582,9,3,9,0,0,0,6
R003833,Greater NYC,Midtown Manhattan,18.707207732008815,20,5,15,0,0,0,17
R003834,Atlanta,Atlanta,13.85934537745164,12,1,3,0,0,0,10
R003835,Greater NYC,Lower Manhattan–North Brooklyn,23.924154259560964,32,8,26,0,0,0,26
R003836,Greater NYC,Midtown Manhattan,1.0,1,1,1,0,0,0,1
R003837,Greater NYC,Midtown Manhattan,4.826892760201176,2,2,2,0,0,0,1
R003838,Northern California,San Francisco,28.987440440505207,29,3,14,0,0,0,23
R003839,Boston,Boston,38.34173191668258,47,2,9,1,0,0,32
R003840,DMV,DC–Arlington,7.188831163386406,8,2,5,0,0,0,6
R003841,Greater NYC,Midtown Manhattan,7.574912130512315,5,3,5,0,0,0,5
R003842,Philadelphia,Philadelphia,48.67094663836705,47,2,9,0,0,0,39
R003843,Southern California,Los Angeles,1.3204273623483145,1,1,1,0,0,0,0
R003844,Greater NYC,Fairfield County,74.95686375739648,72,5,22,3,0,0,47
R003845,Boston,Boston,6.328362425409868,10,3,8,0,0,0,7
R003846,Philadelphia,Main Line,2.204324408976394,1,1,1,0,0,0,1
R003847,Greater NYC,Uptown Manhattan,19.970577835327376,21,3,12,0,0,0,17
R003848,Greater NYC,Midtown Manhattan,11.081326877965065,14,5,13,0,0,0,12
R003849,Greater NYC,Midtown Manhattan,3.1951540592261156,4,4,4,0,0,0,2
R003850,Greater NYC,Uptown Manhattan,2.1246293753072067,2,2,2,0,0,0,2
R003851,Boston,Chestnut Hill,5.592222642251178,5,1,4,0,0,0,2
R003852,Philadelphia,Philadelphia,6.272830005564844,5,1,5,0,0,0,4
R003853,Greater NYC,Uptown Manhattan,17.57014982875526,18,4,15,0,0,0,15
R003854,Greater NYC,Lower Manhattan–North Brooklyn,3.6369101520105658,5,2,5,0,0,0,4
R003855,DMV,DC–Arlington,96.63627352418762,103,3,20,3,0,0,68
R003856,Austin,Austin,24.90890410385523,21,1,6,0,0,0,15
R003857,Greater NYC,Uptown Manhattan,1.0,2,2,2,0,0,0,2
R003858,Greater NYC,Fairfield County,1.602361479199186,0,0,0,0,0,0,0
R003859,Greater NYC,Uptown Manhattan,22.79554962949469,22,5,18,0,0,0,15
R003860,Greater NYC,Lower Manhattan–North Brooklyn,17.111612584417696,20,6,15,0,0,0,18
R003861,Greater NYC,Lower Manhattan–North Brooklyn,2.368821006532701,1,1,1,0,0,0,1
R003862,Greater NYC,Lower Manhattan–North Brooklyn,1.0,1,1,1,0,0,0,1
R003863,Southern California,Los Angeles,39.21391964038419,39,4,16,0,0,0,15
R003864,Greater NYC,Uptown Manhattan,3.8546125232328463,4,1,2,0,0,0,4
R003865,Austin,Austin,8.008619774677657,12,1,7,0,0,0,7
R003866,Greater NYC,Lower Manhattan–North Brooklyn,19.923085594627736,25,6,19,0,0,0,18
R003867,Boston,Boston,7.060569900232303,3,1,2,0,0,0,2
R003868,Philadelphia,Philadelphia,6.868384928158189,7,1,4,0,0,0,4
R003869,Boston,Boston,7.44011883796009,5,2,5,0,0,0,3
R003870,Atlanta,Atlanta,2.038257038401485,1,1,1,0,0,0,1
R003871,Southern California,Los Angeles,39.918260369855,44,3,16,0,0,0,18
R003872,Houston,Houston,3.598070878280554,3,1,3,0,0,0,3
R003873,Greater NYC,Midtown Manhattan,7.610438401488319,7,3,7,0,0,0,7
R003874,Philadelphia,Main Line,7.486595379290995,8,1,6,0,0,0,6
R003875,Greater NYC,Uptown Manhattan,2.9318302487241295,7,4,7,0,0,0,6
R003876,Greater NYC,Lower Manhattan–North Brooklyn,7.753652690195627,7,5,6,0,0,0,6
R003877,Chicago,Chicago,15.086822047800208,10,2,8,0,0,0,7
R003878,Greater NYC,Midtown Manhattan,1.0,2,2,2,0,0,0,0
R003879,DMV,DC–Arlington,4.106380573982862,5,2,4,0,0,0,4
R003880,Greater NYC,North Jersey,4.377632861466001,8,2,7,0,0,0,5
R003881,Southern California,Los Angeles,1.0,4,3,3,0,0,0,1
R003882,Greater NYC,Lower Manhattan–North Brooklyn,1.2693555963551946,3,2,3,0,0,0,3
R003883,Greater NYC,Lower Manhattan–North Brooklyn,19.374153107127334,18,6,13,0,0,0,17
R003884,Greater NYC,Lower Manhattan–North Brooklyn,4.0709713387203825,1,1,1,0,0,0,1
R003885,Northern California,San Francisco,18.988780223940154,17,3,11,0,0,0,14
R003886,Greater NYC,Uptown Manhattan,54.00885938360248,59,5,28,0,0,0,52
R003887,Greater NYC,Midtown Manhattan,1.0,2,1,2,0,0,0,2
R003888,Philadelphia,Main Line,33.53725414146015,42,2,9,0,0,0,33
R003889,Northern California,Marin County,1.0,0,0,0,0,0,0,0
R003890,DMV,DC–Arlington,61.30154805167832,69,4,19,1,0,0,48
R003891,Southern California,Los Angeles,1.7304757575738687,2,1,2,0,0,0,1
R003892,Boston,Boston,3.4005358816477287,5,2,4,0,0,0,4
R003893,Greater NYC,Lower Manhattan–North Brooklyn,3.2373841784510216,5,3,5,0,0,0,4
R003894,Boston,Boston,1.0,2,2,2,0,0,0,1
R003895,Greater NYC,Westchester,1.0,1,1,1,0,0,0,1
R003896,Greater NYC,Lower Manhattan–North Brooklyn,8.225986362390922,12,5,12,0,0,0,10
R003897,Greater NYC,Fairfield County,2.393913260953447,1,1,1,0,0,0,1
R003898,Seattle,Seattle,26.107747876238367,20,1,7,0,0,0,13
R003899,Greater NYC,Fairfield County,1.506836033657815,0,0,0,0,0,0,0
R003900,Chicago,Chicago,3.769575264455362,2,2,2,0,0,0,2
R003901,Greater NYC,Uptown Manhattan,1.7621644731215145,0,0,0,0,0,0,0
R003902,Greater NYC,Midtown Manhattan,42.38381494746409,39,5,23,0,0,0,33
R003903,Boston,Boston,35.595659760448584,37,3,13,0,0,0,21
R003904,Chicago,Chicago,19.115892849192328,16,2,9,0,0,0,11
R003905,Greater NYC,Midtown Manhattan,14.666332090002255,20,4,13,0,0,0,14
R003906,Philadelphia,Main Line,1.9193600112367315,0,0,0,0,0,0,0
R003907,Greater NYC,Lower Manhattan–North Brooklyn,6.732305404906008,7,4,7,0,0,0,4
R003908,Boston,Boston,24.851179289946423,17,3,9,0,0,0,13
R003909,Greater NYC,Lower Manhattan–North Brooklyn,11.74294091624592,12,5,10,0,0,0,10
R003910,Greater NYC,Hudson County,1.0,1,1,1,0,0,0,0
R003911,Chicago,Chicago,1.51444489231266,0,0,0,0,0,0,0
R003912,Greater NYC,Lower Manhattan–North Brooklyn,23.505949595613455,18,7,15,0,0,0,17
R003913,Southern California,Pasadena,14.335882288523456,15,3,9,0,0,0,8
R003914,Chicago,Chicago,11.149394967060356,12,2,10,0,0,0,8
R003915,Greater NYC,Westchester,2.219020481988418,4,2,3,0,0,0,3
R003916,Southern California,Los Angeles,12.092297374292793,13,3,7,0,0,0,11
R003917,Boston,Chestnut Hill,3.1313231101060977,1,1,1,0,0,0,1
R003918,Chicago,Chicago,2.5829599800712635,2,2,2,0,0,0,2
R003919,Greater NYC,Midtown Manhattan,2.0499006754033315,1,1,1,0,0,0,1
R003920,South Florida,Miami,1.4777789163887665,4,2,4,0,0,0,4
R003921,Southern California,Los Angeles,1.0,0,0,0,0,0,0,0
R003922,Greater NYC,Uptown Manhattan,1.6152629560201062,4,2,4,0,0,0,2
R003923,Northern California,San Francisco,10.630304653694123,13,2,9,0,0,0,11
R003924,Greater NYC,Fairfield County,1.6930590645945474,0,0,0,0,0,0,0
R003925,DMV,DC–Arlington,3.1461943251938367,2,2,2,0,0,0,2
R003926,Greater NYC,Lower Manhattan–North Brooklyn,1.7077094562204465,1,1,1,0,0,0,1
R003927,Greater NYC,Uptown Manhattan,2.299947730295326,0,0,0,0,0,0,0
R003928,Chicago,Chicago,2.7583669522715395,1,1,1,0,0,0,1
R003929,Greater NYC,Uptown Manhattan,1.0,1,1,1,0,0,0,1
R003930,Southern California,Pasadena,48.83905176790864,54,2,14,1,1,4,20
R003931,Greater NYC,Midtown Manhattan,28.865326405786902,25,7,18,0,0,0,18
R003932,Chicago,Chicago,23.128687402309037,18,2,9,0,0,0,11
R003933,Greater NYC,Midtown Manhattan,1.506042920484588,1,1,1,0,0,0,1
R003934,South Florida,Miami,8.558559805942076,11,2,6,0,0,0,3
R003935,Greater NYC,Lower Manhattan–North Brooklyn,1.0,1,1,1,0,0,0,0
R003936,Chicago,Chicago,1.0640969990410751,1,1,1,0,0,0,1
R003937,Austin,Austin,6.162773912780032,8,1,5,0,0,0,6
R003938,Greater NYC,Midtown Manhattan,14.457288540292648,20,4,13,0,0,0,18
R003939,Philadelphia,Main Line,10.189433881487291,14,1,7,0,0,0,10
R003940,Northern California,San Francisco,8.206605297350471,9,2,7,0,0,0,8
R003941,Houston,Houston,2.4355771706939926,1,1,1,0,0,0,1
R003942,Boston,Boston,46.598442378534514,36,2,11,0,0,0,28
R003943,Boston,Chestnut Hill,27.215706541093095,25,2,11,0,0,0,16
R003944,DMV,DC–Arlington,1.0,0,0,0,0,0,0,0
R003945,Greater NYC,North Jersey,1.747111215935098,0,0,0,0,0,0,0
R003946,Greater NYC,Lower Manhattan–North Brooklyn,3.5136609804603194,7,4,7,0,0,0,6
R003947,DMV,Montgomery County,4.911362717491768,5,1,4,0,0,0,4
R003948,Houston,Houston,29.4788353926147,29,1,9,0,0,0,14
R003949,DMV,DC–Arlington,9.473571290094162,15,3,10,0,0,0,12
R003950,Southern California,Pasadena,3.584660190571165,7,1,6,0,0,0,5
R003951,Greater NYC,Lower Manhattan–North Brooklyn,8.61647873963024,8,4,8,0,0,0,6
R003952,Greater NYC,Midtown Manhattan,3.9842098649863313,3,3,3,0,0,0,3
R003953,Greater NYC,Hudson County,2.6423371668900746,3,1,3,0,0,0,3
R003954,Greater NYC,Lower Manhattan–North Brooklyn,1.0,1,1,1,0,0,0,0
R003955,Greater NYC,Lower Manhattan–North Brooklyn,64.51780284850888,68,7,33,0,0,0,52
R003956,Greater NYC,Lower Manhattan–North Brooklyn,2.584354408039738,1,1,1,0,0,0,1
R003957,Greater NYC,Uptown Manhattan,10.237865310340744,9,4,9,0,0,0,7
R003958,Boston,Chestnut Hill,2.3267178033350575,2,1,2,0,0,0,2
R003959,Greater NYC,Midtown Manhattan,7.006937726955425,6,3,6,0,0,0,6
R003960,DMV,DC–Arlington,10.976797333306756,6,3,4,0,0,0,6
R003961,DMV,DC–Arlington,1.0,0,0,0,0,0,0,0
R003962,Greater NYC,Lower Manhattan–North Brooklyn,2.658669035623819,4,4,4,0,0,0,4
R003963,Greater NYC,Uptown Manhattan,1.5615407446607803,1,1,1,0,0,0,1
R003964,Southern California,Los Angeles,12.502502642965446,10,3,6,0,0,0,4
R003965,Greater NYC,Lower Manhattan–North Brooklyn,3.0608336455979255,7,4,6,0,0,0,5
R003966,Greater NYC,Uptown Manhattan,19.858409872173816,19,5,16,0,0,0,16
R003967,Northern California,Marin County,1.2382832672048223,1,1,1,0,0,0,0
R003968,Northern California,San Francisco,1.3582531178762065,2,2,2,0,0,0,1
R003969,Greater NYC,Westchester,10.614998353997896,8,3,6,0,0,0,6
R003970,Greater NYC,Midtown Manhattan,11.866458189180664,10,4,10,0,0,0,8
R003971,Greater NYC,Uptown Manhattan,1.4800492570607275,4,2,3,0,0,0,4
R003972,Boston,Chestnut Hill,5.709929616301026,4,1,4,0,0,0,2
R003973,Greater NYC,Midtown Manhattan,3.402400144201407,2,2,2,0,0,0,2
R003974,Greater NYC,Lower Manhattan–North Brooklyn,3.198211482461687,3,2,3,0,0,0,3
R003975,Ann Arbor,Ann Arbor,3.1048757812880567,3,1,3,0,0,0,1
R003976,Seattle,Seattle,12.412544217957096,8,1,5,0,0,0,5
R003977,Greater NYC,Lower Manhattan–North Brooklyn,1.66721362025094,2,2,2,0,0,0,1
R003978,Greater NYC,Hudson County,69.41216111361669,66,1,11,2,0,0,39
R003979,Northern California,San Francisco,1.1526475962634386,0,0,0,0,0,0,0
R003980,Greater NYC,Lower Manhattan–North Brooklyn,19.282732287753326,13,7,10,0,0,0,11
R003981,DMV,DC–Arlington,39.32705695214181,39,3,16,0,0,0,28
R003982,Northern California,Marin County,82.31409820821867,78,4,18,1,0,0,53
R003983,Greater NYC,Midtown Manhattan,12.506962737519514,10,4,9,0,0,0,10
R003984,Greater NYC,North Jersey,2.7941513213894296,3,1,2,0,0,0,1
R003985,Southern California,Pasadena,9.691331313208607,10,1,4,0,0,0,8
R003986,Greater NYC,Uptown Manhattan,1.0,1,1,1,0,0,0,1
R003987,Atlanta,Atlanta,17.82247048454114,10,1,4,0,0,0,9
R003988,Greater NYC,Lower Manhattan–North Brooklyn,4.516215015709629,2,1,2,0,0,0,2
R003989,Greater NYC,Westchester,2.461132602171319,3,2,3,0,0,0,1
R003990,Boston,Boston,6.335362758191829,9,2,8,0,0,0,7
R003991,Chicago,Chicago,39.59063935583366,42,2,12,2,0,0,26
R003992,Greater NYC,Lower Manhattan–North Brooklyn,3.956241423393549,3,3,3,0,0,0,3
R003993,Greater NYC,Lower Manhattan–North Brooklyn,9.107561835887932,14,5,12,0,0,0,14
R003994,Greater NYC,Lower Manhattan–North Brooklyn,1.0,3,3,3,0,0,0,2
R003995,DMV,Montgomery County,10.9037957889872,7,1,5,0,0,0,7
R003996,Greater NYC,Lower Manhattan–North Brooklyn,7.090169685069247,12,5,9,0,0,0,8
R003997,Greater NYC,Uptown Manhattan,1.0,1,1,1,0,0,0,0
R003998,Greater NYC,Midtown Manhattan,9.803160454420802,10,4,7,0,0,0,10
R003999,Greater NYC,Lower Manhattan–North Brooklyn,18.287471288897173,17,4,11,0,0,0,13
R004000,Seattle,Seattle,1.3137246462386785,0,0,0,0,0,0,0
R004001,Houston,Houston,9.738369219548709,10,1,8,0,0,0,6
R004002,Boston,Boston,14.170218764380138,18,2,8,0,0,0,16
R004003,Austin,Austin,5.0239026328628285,2,1,2,0,0,0,2
R004004,Greater NYC,Lower Manhattan–North Brooklyn,2.2941968763656937,1,1,1,0,0,0,1
R004005,Northern California,Silicon Valley,22.81931799701437,23,3,13,1,0,0,16
R004006,Boston,Chestnut Hill,1.0,0,0,0,0,0,0,0
R004007,Chicago,Chicago,4.777771282118224,2,2,2,0,0,0,1
R004008,Greater NYC,Nassau County,7.791968921007896,10,2,6,0,0,0,7
R004009,Northern California,San Francisco,1.6343227889385354,4,1,4,0,0,0,3
R004010,Greater NYC,Lower Manhattan–North Brooklyn,1.0,3,3,3,0,0,0,3
R004011,Austin,Austin,3.541450806616152,4,1,3,0,0,0,4
R004012,Northern California,Marin County,2.5253666960778696,4,1,3,0,0,0,2
R004013,Greater NYC,Midtown Manhattan,1.0,0,0,0,0,0,0,0
R004014,Chicago,Chicago,18.45780041815833,17,2,8,0,0,0,13
R004015,Greater NYC,Lower Manhattan–North Brooklyn,1.0,0,0,0,0,0,0,0
R004016,Greater NYC,Lower Manhattan–North Brooklyn,19.956853555521267,21,8,18,0,0,0,19
R004017,Greater NYC,North Jersey,13.94067832494155,14,2,11,0,0,0,10
R004018,Greater NYC,Westchester,7.513865062200353,3,1,1,0,0,0,1
R004019,Greater NYC,Uptown Manhattan,6.156500333874164,4,2,4,0,0,0,4
R004020,South Florida,Miami,1.40291147290333,2,1,2,0,0,0,2
R004021,Greater NYC,Lower Manhattan–North Brooklyn,1.0,3,3,3,0,0,0,2
R004022,DMV,DC–Arlington,1.1507845142608866,1,1,1,0,0,0,1
R004023,DMV,DC–Arlington,3.0217263191690775,4,2,3,0,0,0,4
R004024,Greater NYC,Lower Manhattan–North Brooklyn,1.2185934133025889,0,0,0,0,0,0,0
R004025,Greater NYC,Lower Manhattan–North Brooklyn,44.75837577610763,56,6,34,0,0,0,46
R004026,Greater NYC,Lower Manhattan–North Brooklyn,4.478992048301299,2,2,2,0,0,0,2
R004027,Chicago,Chicago,7.24823967641382,9,2,7,0,0,0,7
R004028,Boston,Boston,3.24424926650139,5,2,4,0,0,0,4
R004029,Greater NYC,Lower Manhattan–North Brooklyn,6.8215398924627335,11,5,10,0,0,0,10
R004030,Greater NYC,Lower Manhattan–North Brooklyn,23.194171277246703,18,6,16,0,0,0,14
R004031,Greater NYC,Fairfield County,4.012192225933837,4,1,4,0,0,0,4
R004032,Southern California,Los Angeles,10.308973137557636,9,2,6,0,0,0,5
R004033,Greater NYC,Lower Manhattan–North Brooklyn,2.4985680168048225,3,3,3,0,0,0,3
R004034,Philadelphia,Philadelphia,1.0,2,2,2,0,0,0,1
R004035,Dallas,Dallas,2.4800620169017127,2,1,2,0,0,0,1
R004036,Greater NYC,Fairfield County,45.95469498929125,42,3,21,0,0,0,34
R004037,Greater NYC,Uptown Manhattan,126.21274457653168,136,7,38,4,0,0,93
R004038,Greater NYC,Lower Manhattan–North Brooklyn,136.60169618828994,124,15,52,2,0,0,93
R004039,Greater NYC,Lower Manhattan–North Brooklyn,1.137424186026005,1,1,1,0,0,0,1
R004040,DMV,DC–Arlington,13.52559335681844,18,3,10,0,0,0,16
R004041,Greater NYC,Midtown Manhattan,6.793527597588804,5,2,5,0,0,0,4
R004042,Greater NYC,Lower Manhattan–North Brooklyn,11.911249308753124,11,6,9,0,0,0,9
R004043,Greater NYC,Lower Manhattan–North Brooklyn,4.850082147205655,5,3,5,0,0,0,4
R004044,Greater NYC,Lower Manhattan–North Brooklyn,2.28082515634548,0,0,0,0,0,0,0
R004045,Greater NYC,Uptown Manhattan,1.0,1,1,1,0,0,0,1
R004046,Philadelphia,Main Line,19.096984804693072,18,2,8,0,0,0,14
R004047,Greater NYC,Lower Manhattan–North Brooklyn,7.931769352823644,8,5,8,0,0,0,8
R004048,Greater NYC,Westchester,8.265135678136092,16,3,10,0,0,0,15
R004049,Southern California,Pasadena,30.303921509025876,32,2,10,0,0,0,14
R004050,Northern California,Marin County,1.0952105498100062,2,1,2,0,0,0,2
R004051,South Florida,Miami,33.076154976091075,49,2,7,1,0,0,33
R004052,Greater NYC,Lower Manhattan–North Brooklyn,11.16290766534813,8,4,8,0,0,0,6
R004053,Greater NYC,Uptown Manhattan,17.696156781552364,22,3,16,0,0,0,19
R004054,Greater NYC,Uptown Manhattan,6.833014750744467,2,2,2,0,0,0,2
R004055,Greater NYC,Westchester,6.025434514098961,8,3,8,0,0,0,7
R004056,Greater NYC,Lower Manhattan–North Brooklyn,15.175648422384626,18,6,13,0,0,0,13
R004057,Greater NYC,Lower Manhattan–North Brooklyn,2.872169173021314,4,2,4,0,0,0,3
R004058,DMV,DC–Arlington,3.175161182728206,2,2,2,0,0,0,2
R004059,Chicago,Chicago,2.7231329963392334,1,1,1,0,0,0,1
R004060,Philadelphia,Main Line,1.6982310839568238,2,1,2,0,0,0,1
R004061,DMV,Montgomery County,1.0,0,0,0,0,0,0,0
R004062,Southern California,Los Angeles,1.5785913114773098,4,2,3,0,0,0,2
R004063,Greater NYC,Midtown Manhattan,10.12884524326432,13,6,13,0,0,0,8
R004064,Greater NYC,Lower Manhattan–North Brooklyn,5.586421448731571,6,4,6,0,0,0,5
R004065,Philadelphia,Main Line,3.3027065429992115,6,1,4,0,0,0,4
R004066,Greater NYC,Fairfield County,48.200624416966726,43,5,23,0,0,0,30
R004067,Greater NYC,Uptown Manhattan,5.0112620351493495,12,3,11,0,0,0,11
R004068,Greater NYC,Hudson County,37.240573696261634,23,2,12,0,0,0,14
R004069,Greater NYC,Westchester,18.653689029545987,20,3,15,0,0,0,15
R004070,Northern California,San Francisco,6.018860731564703,6,2,5,0,0,0,4
R004071,Greater NYC,Westchester,10.164447175940744,10,3,8,0,0,0,9
R004072,Greater NYC,Uptown Manhattan,2.702949751309496,2,2,2,0,0,0,2
R004073,Boston,Chestnut Hill,6.440655989944307,7,2,6,0,0,0,4
R004074,South Florida,Miami,8.64431635446396,8,1,4,0,0,0,6
R004075,DMV,DC–Arlington,15.635864163042072,11,3,9,0,0,0,6
R004076,Greater NYC,Fairfield County,28.638341865548913,29,2,17,1,0,0,23
R004077,Greater NYC,Fairfield County,4.720162616680347,2,1,2,0,0,0,2
R004078,Chicago,Chicago,34.33233802125128,29,2,12,0,0,0,18
R004079,DMV,DC–Arlington,4.908103316357885,4,2,4,0,0,0,4
R004080,Boston,Boston,2.1873252848782463,2,1,2,0,0,0,2
R004081,Greater NYC,Uptown Manhattan,1.8434019206911096,0,0,0,0,0,0,0
R004082,South Florida,Miami,2.6335897417052245,2,2,2,0,0,0,0
R004083,Greater NYC,Westchester,2.517204361594578,2,1,2,0,0,0,2
R004084,Greater NYC,Lower Manhattan–North Brooklyn,11.523243404499665,9,5,9,0,0,0,8
R004085,Greater NYC,Lower Manhattan–North Brooklyn,3.9881810002615,3,2,3,0,0,0,1
R004086,Atlanta,Atlanta,3.4440397800974076,4,1,4,0,0,0,3
R004087,Greater NYC,Midtown Manhattan,70.06477456862073,68,4,31,0,0,0,53
R004088,Northern California,San Francisco,6.571458207124949,5,3,4,0,0,0,4
R004089,Greater NYC,Uptown Manhattan,9.530568034155651,13,3,12,0,0,0,10
R004090,DMV,DC–Arlington,7.332500758907047,9,3,8,0,0,0,9
R004091,Northern California,San Francisco,2.5899043575714287,4,2,4,0,0,0,4
R004092,South Florida,Miami,10.058871240283231,10,2,5,0,0,0,8
R004093,Greater NYC,North Jersey,1.0,2,1,2,0,0,0,0
R004094,Boston,Boston,10.085892549654517,13,3,7,0,0,0,11
R004095,Greater NYC,Midtown Manhattan,10.199756625229186,14,3,9,0,0,0,13
R004096,Southern California,Los Angeles,5.297707953294076,3,2,3,0,0,0,0
R004097,Northern California,San Francisco,8.503149727200936,8,4,7,0,0,0,7
R004098,DMV,DC–Arlington,1.0,1,1,1,0,0,0,0
R004099,Greater NYC,Westchester,6.893504639829725,6,2,5,0,0,0,4
R004100,Greater NYC,Lower Manhattan–North Brooklyn,7.048106357745315,6,5,6,0,0,0,6
R004101,Northern California,San Francisco,11.470400718187848,17,4,15,0,0,0,12
R004102,Dallas,Dallas,5.696542691451683,6,1,5,0,0,0,3
R004103,Greater NYC,Lower Manhattan–North Brooklyn,11.07553457518586,15,6,14,0,0,0,10
R004104,Greater NYC,North Jersey,24.68172760841333,26,5,17,0,0,0,20
R004105,Greater NYC,Lower Manhattan–North Brooklyn,9.705117449068291,9,5,8,0,0,0,7
R004106,Boston,Chestnut Hill,109.57341457859042,107,3,15,1,0,0,68
R004107,Northern California,San Francisco,54.88886695818155,69,2,17,2,0,0,45
R004108,Chicago,Chicago,1.0,0,0,0,0,0,0,0
R004109,Greater NYC,Lower Manhattan–North Brooklyn,3.214476440521787,1,1,1,0,0,0,0
R004110,Philadelphia,Main Line,11.923701487717544,12,2,8,0,0,0,11
R004111,Northern California,San Francisco,30.55981132254035,28,3,17,1,0,0,19
R004112,Boston,Chestnut Hill,1.0,2,2,2,0,0,0,2
R004113,Houston,Houston,10.509141450066114,19,1,7,0,0,0,11
R004114,Greater NYC,Lower Manhattan–North Brooklyn,2.683067093546895,1,1,1,0,0,0,1
R004115,Greater NYC,Fairfield County,73.93410762330987,73,5,33,1,0,0,47
R004116,Southern California,Pasadena,1.0,2,1,2,0,0,0,2
R004117,Greater NYC,Lower Manhattan–North Brooklyn,1.0,0,0,0,0,0,0,0
R004118,Chicago,Chicago,1.0,1,1,1,0,0,0,0
R004119,Greater NYC,Hudson County,1.1753229211403031,0,0,0,0,0,0,0
R004120,Dallas,Dallas,3.9437654651471497,11,1,6,0,0,0,9
R004121,Greater NYC,Uptown Manhattan,1.5229319213039003,0,0,0,0,0,0,0
R004122,Greater NYC,Fairfield County,1.3353139956516018,4,2,4,0,0,0,3
R004123,Southern California,Los Angeles,13.982353193587391,12,2,8,0,0,0,11
R004124,Greater NYC,North Jersey,9.468631400538404,5,2,4,0,0,0,2
R004125,Greater NYC,Fairfield County,1.9544804668645288,2,2,2,0,0,0,2
R004126,Philadelphia,Philadelphia,17.87311225029174,19,2,5,1,0,0,13
R004127,DMV,Montgomery County,4.070639205802793,5,1,4,0,0,0,3
R004128,Philadelphia,Philadelphia,3.0075116257582177,2,1,2,0,0,0,0
R004129,Southern California,Los Angeles,2.571122982945548,2,1,2,0,0,0,1
R004130,Ann Arbor,Ann Arbor,1.023276454860082,1,1,1,0,0,0,0
R004131,DMV,DC–Arlington,7.923386812334682,12,4,10,0,0,0,10
R004132,Greater NYC,Lower Manhattan–North Brooklyn,4.615412194137429,1,1,1,0,0,0,0
R004133,Northern California,Marin County,13.701355627567924,10,1,5,0,0,0,7
R004134,Northern California,Marin County,93.94232433283372,89,3,12,3,1,23,35
R004135,Atlanta,Atlanta,6.726149061389848,4,1,2,0,0,0,3
R004136,Greater NYC,Westchester,2.662548710822339,5,3,5,0,0,0,4
R004137,DMV,DC–Arlington,7.5500406740724415,10,3,7,0,0,0,8
R004138,Greater NYC,Midtown Manhattan,38.38229219119384,33,5,25,0,0,0,28
R004139,Southern California,Los Angeles,1.8932947932452544,0,0,0,0,0,0,0
R004140,Greater NYC,Westchester,1.397729992559786,3,2,3,0,0,0,2
R004141,Philadelphia,Philadelphia,13.58507079287407,13,2,4,0,0,0,9
R004142,Chicago,Chicago,10.653666197293264,6,2,6,0,0,0,5
R004143,Greater NYC,Lower Manhattan–North Brooklyn,2.208710059340849,1,1,1,0,0,0,1
R004144,Greater NYC,Lower Manhattan–North Brooklyn,8.627335616902775,9,5,7,0,0,0,7
R004145,South Florida,Miami,19.61978300803448,20,2,7,0,0,0,12
R004146,Greater NYC,Lower Manhattan–North Brooklyn,7.423414841082576,9,5,8,0,0,0,8
R004147,DMV,DC–Arlington,6.876570294724574,17,4,11,0,0,0,11
R004148,Atlanta,Atlanta,48.17963403252157,46,1,4,3,0,0,29
R004149,Greater NYC,Westchester,1.0,0,0,0,0,0,0,0
R004150,DMV,Montgomery County,1.6339951599201896,3,2,3,0,0,0,1
R004151,Dallas,Dallas,17.02093500855531,14,1,6,0,0,0,12
R004152,Greater NYC,Uptown Manhattan,14.924954492060564,11,3,10,0,0,0,9
R004153,Greater NYC,Lower Manhattan–North Brooklyn,1.1387805373692754,1,1,1,0,0,0,1
R004154,DMV,DC–Arlington,2.5765914383534447,1,1,1,0,0,0,1
R004155,Houston,Houston,1.0,1,1,1,0,0,0,0
R004156,Greater NYC,Uptown Manhattan,3.8237386066473897,2,2,2,0,0,0,2
R004157,Dallas,Dallas,4.178105664428251,2,1,2,0,0,0,1
R004158,Houston,Houston,4.138700792213184,5,1,4,0,0,0,4
R004159,Boston,Boston,2.244217600951538,4,2,3,0,0,0,2
R004160,Northern California,Silicon Valley,7.379474357045059,12,2,10,0,0,0,10
R004161,Greater NYC,Fairfield County,6.0604223165433675,4,1,4,0,0,0,4
R004162,Chicago,Chicago,2.686098876645648,3,2,2,0,0,0,3
R004163,DMV,DC–Arlington,102.28215011494184,102,3,20,3,0,0,58
R004164,Houston,Houston,3.025679475837152,2,1,1,0,0,0,1
R004165,DMV,Montgomery County,10.373847603132925,9,1,5,0,0,0,6
R004166,Chicago,Chicago,2.0585586593329177,2,1,2,0,0,0,1
R004167,Greater NYC,Uptown Manhattan,2.980642455729267,5,2,5,0,0,0,5
R004168,Southern California,Los Angeles,11.433375453507775,10,3,7,0,0,0,7
R004169,Greater NYC,Midtown Manhattan,15.171704759344378,15,4,12,0,0,0,11
R004170,Greater NYC,Lower Manhattan–North Brooklyn,4.244080224831479,9,4,8,0,0,0,8
R004171,Boston,Boston,1.7156303178289232,3,2,3,0,0,0,2
R004172,DMV,DC–Arlington,38.74514042142927,44,4,19,1,0,0,32
R004173,Greater NYC,Uptown Manhattan,12.256249040098082,4,2,4,0,0,0,3
R004174,DMV,DC–Arlington,2.5923654878524705,0,0,0,0,0,0,0
R004175,Greater NYC,Uptown Manhattan,7.271057129007087,6,3,6,0,0,0,6
R004176,Philadelphia,Main Line,1.8840809952867532,1,1,1,0,0,0,1
R004177,Greater NYC,Uptown Manhattan,3.427022596570488,7,4,7,0,0,0,7
R004178,Greater NYC,Westchester,37.98721024455113,46,3,18,2,0,0,24
R004179,Northern California,Silicon Valley,26.195425461511224,31,3,18,0,0,0,24
R004180,Greater NYC,Midtown Manhattan,7.19725231213217,3,2,3,0,0,0,2
R004181,Boston,Chestnut Hill,2.6573887067440425,2,2,1,0,0,0,1
R004182,Greater NYC,Uptown Manhattan,4.1519667986851,0,0,0,0,0,0,0
R004183,Southern California,Los Angeles,16.635727468890618,21,3,13,0,0,0,7
R004184,South Florida,Miami,60.265407717058174,70,2,7,3,0,0,44
R004185,Greater NYC,Westchester,7.164541458074052,12,5,9,0,0,0,10
R004186,Southern California,Los Angeles,9.641197355447613,20,3,9,0,0,0,9
R004187,Greater NYC,Fairfield County,7.959172810097999,9,2,8,0,0,0,6
R004188,Northern California,Silicon Valley,8.8018440149104,10,1,6,0,0,0,9
R004189,Greater NYC,Fairfield County,6.003758846547533,5,2,5,0,0,0,3
R004190,DMV,Montgomery County,6.862828676789039,9,2,7,0,0,0,6
R004191,Greater NYC,Lower Manhattan–North Brooklyn,6.279326467947196,8,5,8,0,0,0,4
R004192,DMV,DC–Arlington,3.577269229132997,2,2,2,0,0,0,1
R004193,Boston,Chestnut Hill,1.4879095644234468,3,2,2,0,0,0,2
R004194,Boston,Chestnut Hill,19.593653150496067,22,1,8,0,0,0,15
R004195,Greater NYC,Fairfield County,3.707973433013056,0,0,0,0,0,0,0
R004196,Houston,Houston,84.75526577531684,79,1,9,6,0,0,35
R004197,DMV,Montgomery County,1.0,0,0,0,0,0,0,0
R004198,Greater NYC,Midtown Manhattan,1.5301017930323666,1,1,1,0,0,0,1
R004199,Greater NYC,Lower Manhattan–North Brooklyn,21.139542212137783,20,6,15,0,0,0,17
R004200,Southern California,Los Angeles,32.58784028189489,28,3,13,0,0,0,15
R004201,Philadelphia,Philadelphia,4.833219627839675,8,1,5,0,0,0,8
R004202,Greater NYC,Midtown Manhattan,3.7566479658471894,3,2,3,0,0,0,3
R004203,Greater NYC,Uptown Manhattan,1.5299380612671014,3,3,3,0,0,0,1
R004204,Northern California,San Francisco,1.2207860219463826,1,1,1,0,0,0,1
R004205,Greater NYC,Hudson County,1.7245434564265487,2,1,1,0,0,0,2
R004206,Greater NYC,Lower Manhattan–North Brooklyn,1.0,2,2,2,0,0,0,2
R004207,Austin,Austin,1.0,0,0,0,0,0,0,0
R004208,Greater NYC,Fairfield County,35.567285050110705,33,8,22,0,0,0,26
R004209,Greater NYC,Lower Manhattan–North Brooklyn,8.191474485615153,10,5,9,0,0,0,9
R004210,Seattle,Seattle,1.0836553681843093,2,1,2,0,0,0,2
R004211,Southern California,Los Angeles,5.10427956671885,5,2,4,0,0,0,1
R004212,Northern California,Silicon Valley,1.0,0,0,0,0,0,0,0
R004213,South Florida,Miami,1.583136117310229,3,2,3,0,0,0,2
R004214,Greater NYC,Uptown Manhattan,8.325721381335185,7,4,7,0,0,0,6
R004215,Northern California,Silicon Valley,9.38437897667319,12,1,8,0,0,0,11
R004216,Boston,Boston,6.293547522862134,3,2,3,0,0,0,3
R004217,Greater NYC,North Jersey,1.0,2,2,2,0,0,0,2
R004218,Greater NYC,Uptown Manhattan,19.496225982902107,21,5,16,0,0,0,18
R004219,Greater NYC,Hudson County,40.19130276779021,25,2,9,0,0,0,17
R004220,Greater NYC,Lower Manhattan–North Brooklyn,62.37105763360229,53,7,33,0,0,0,41
R004221,Southern California,Los Angeles,8.372502370928194,14,4,9,0,0,0,9
R004222,Atlanta,Atlanta,1.4802655151347364,1,1,1,0,0,0,1
R004223,Greater NYC,Uptown Manhattan,1.2235184295275336,0,0,0,0,0,0,0
R004224,Ann Arbor,Ann Arbor,2.4482619634971776,1,1,1,0,0,0,0
R004225,Greater NYC,Lower Manhattan–North Brooklyn,10.57868089569468,9,6,9,0,0,0,8
R004226,Greater NYC,Lower Manhattan–North Brooklyn,2.0883812746671975,1,1,1,0,0,0,1
R004227,Greater NYC,Lower Manhattan–North Brooklyn,4.576046815661793,5,3,5,0,0,0,5
R004228,Philadelphia,Main Line,10.373750096339878,11,2,7,0,0,0,9
R004229,Greater NYC,Fairfield County,15.329131321466647,12,2,10,0,0,0,8
R004230,South Florida,Miami,67.57159394318117,67,2,7,1,1,2,37
R004231,Southern California,Los Angeles,4.248611637420899,3,1,3,0,0,0,2
R004232,Dallas,Dallas,1.297099169300773,0,0,0,0,0,0,0
R004233,Greater NYC,Uptown Manhattan,4.17981428082477,2,2,2,0,0,0,1
R004234,DMV,DC–Arlington,15.647730226742366,15,3,9,0,0,0,13
R004235,Greater NYC,Lower Manhattan–North Brooklyn,3.699624510811397,3,3,3,0,0,0,2
R004236,Greater NYC,Midtown Manhattan,1.5665537442560904,1,1,1,0,0,0,1
R004237,Greater NYC,Lower Manhattan–North Brooklyn,12.454539263517852,10,4,9,0,0,0,10
R004238,DMV,DC–Arlington,2.2774650846886493,0,0,0,0,0,0,0
R004239,Philadelphia,Main Line,13.041022132749504,20,1,8,0,0,0,13
R004240,Greater NYC,Uptown Manhattan,14.50962114513394,18,2,10,0,0,0,14
R004241,Greater NYC,Uptown Manhattan,3.6902703704358326,4,1,4,0,0,0,4
R004242,Seattle,Seattle,19.50738807988196,19,1,6,0,0,0,13
R004243,DMV,DC–Arlington,1.5417535390317434,1,1,1,0,0,0,1
R004244,Greater NYC,Lower Manhattan–North Brooklyn,1.0,1,1,1,0,0,0,1
R004245,DMV,DC–Arlington,123.89182728713932,120,3,20,3,0,0,80
R004246,Greater NYC,Uptown Manhattan,27.31953070568378,39,3,26,1,0,0,30
R004247,Greater NYC,Nassau County,4.920065060121557,7,1,6,0,0,0,4
R004248,Atlanta,Atlanta,1.0,0,0,0,0,0,0,0
R004249,Greater NYC,Lower Manhattan–North Brooklyn,1.0,4,4,4,0,0,0,4
R004250,Philadelphia,Philadelphia,1.0,0,0,0,0,0,0,0
R004251,Greater NYC,Lower Manhattan–North Brooklyn,5.197668212040703,5,2,5,0,0,0,5
R004252,South Florida,Miami,72.78634814835723,74,2,7,2,0,0,45
R004253,Southern California,Los Angeles,93.36166665156009,85,3,19,2,0,0,38
R004254,Boston,Boston,1.0,2,1,2,0,0,0,0
R004255,Ann Arbor,Ann Arbor,1.0,0,0,0,0,0,0,0
R004256,Philadelphia,Main Line,1.0,1,1,1,0,0,0,1
R004257,Greater NYC,Lower Manhattan–North Brooklyn,16.980362073348992,12,5,12,0,0,0,11
R004258,DMV,Montgomery County,14.33722509275704,16,2,10,0,0,0,12
R004259,Greater NYC,Hudson County,8.213646631739337,9,1,5,0,0,0,4
R004260,DMV,DC–Arlington,3.599595822340907,0,0,0,0,0,0,0
R004261,Greater NYC,Lower Manhattan–North Brooklyn,1.0358999694574216,0,0,0,0,0,0,0
R004262,DMV,DC–Arlington,9.9180857275576,7,3,6,0,0,0,5
R004263,Southern California,Los Angeles,61.838203015458355,61,4,19,0,0,0,31
R004264,Greater NYC,Lower Manhattan–North Brooklyn,7.116008379199758,8,4,7,0,0,0,6
R004265,Philadelphia,Main Line,1.5372211743258042,0,0,0,0,0,0,0
R004266,Seattle,Seattle,1.0,0,0,0,0,0,0,0
R004267,DMV,DC–Arlington,9.254947669523755,8,3,7,0,0,0,4
R004268,Greater NYC,Midtown Manhattan,1.0800669157999565,0,0,0,0,0,0,0
R004269,Chicago,Chicago,1.6004825242678622,0,0,0,0,0,0,0
R004270,Greater NYC,Uptown Manhattan,18.233675191619156,19,3,13,0,0,0,17
R004271,Greater NYC,Lower Manhattan–North Brooklyn,7.1332184938974965,6,5,6,0,0,0,5
R004272,Atlanta,Atlanta,4.586851258419009,6,1,3,0,0,0,6
R004273,Northern California,San Francisco,9.061502789580864,7,2,6,0,0,0,5
R004274,Southern California,Los Angeles,1.9686789757055203,5,2,4,0,0,0,3
R004275,Greater NYC,Midtown Manhattan,10.810519386621516,14,4,10,0,0,0,12
R004276,Boston,Boston,2.3852666042559485,2,2,2,0,0,0,2
R004277,Greater NYC,Uptown Manhattan,50.29981461139317,61,7,32,0,0,0,52
R004278,Northern California,San Francisco,1.6936961746132009,3,2,3,0,0,0,2
R004279,Philadelphia,Philadelphia,30.845678603378037,42,1,7,0,0,0,35
R004280,Greater NYC,Lower Manhattan–North Brooklyn,32.16090449221742,33,8,23,0,0,0,29
R004281,Greater NYC,Midtown Manhattan,1.0,3,3,3,0,0,0,2
R004282,Greater NYC,Uptown Manhattan,1.0,0,0,0,0,0,0,0
R004283,DMV,DC–Arlington,30.338044499330188,45,3,18,0,0,0,36
R004284,Northern California,Marin County,9.576795631961009,6,1,4,1,0,0,4
R004285,Greater NYC,Lower Manhattan–North Brooklyn,4.347855483074875,8,4,8,0,0,0,7
R004286,Greater NYC,Westchester,5.113011258030743,7,4,6,0,0,0,5
R004287,Boston,Chestnut Hill,2.69242375402594,3,1,3,0,0,0,3
R004288,Greater NYC,Nassau County,3.345600352545703,0,0,0,0,0,0,0
R004289,Boston,Boston,13.032076090772163,6,3,6,0,0,0,4
R004290,South Florida,Miami,11.645586265160317,15,2,7,1,0,0,11
R004291,South Florida,Miami,1.0,2,2,2,0,0,0,2
R004292,Greater NYC,Westchester,3.1572858441435834,2,1,2,0,0,0,0
R004293,Greater NYC,Midtown Manhattan,4.240077907060152,5,2,5,0,0,0,5
R004294,South Florida,Miami,7.559937273260524,10,2,6,0,0,0,7
R004295,South Florida,Miami,200.0,187,2,7,9,2,37,73
R004296,Greater NYC,Lower Manhattan–North Brooklyn,25.027944913766255,19,6,18,0,0,0,11
R004297,DMV,DC–Arlington,2.510988067699621,4,2,3,0,0,0,4
R004298,Atlanta,Atlanta,6.977686695208249,3,1,2,0,0,0,3
R004299,Greater NYC,Lower Manhattan–North Brooklyn,2.980152497127422,5,2,4,0,0,0,4
R004300,Greater NYC,Midtown Manhattan,12.609991836065934,13,4,11,0,0,0,12
R004301,Houston,Houston,5.38262401203392,1,1,1,0,0,0,0
R004302,Atlanta,Atlanta,4.642547710440068,4,1,2,0,0,0,2
R004303,Greater NYC,Lower Manhattan–North Brooklyn,15.424608553838858,18,5,13,0,0,0,16
R004304,Ann Arbor,Ann Arbor,1.306756296634504,0,0,0,0,0,0,0
R004305,Greater NYC,Uptown Manhattan,3.5336980943382827,7,3,7,0,0,0,4
R004306,DMV,Montgomery County,14.83414859990067,16,3,11,0,0,0,15
R004307,Philadelphia,Main Line,5.924765875387599,2,2,2,0,0,0,1
R004308,Chicago,Chicago,23.58343728840397,22,2,11,1,0,0,14
R004309,Greater NYC,Midtown Manhattan,11.114376138098374,8,3,7,0,0,0,7
R004310,Southern California,Los Angeles,8.756803752403593,8,3,6,0,0,0,4
R004311,Greater NYC,Uptown Manhattan,4.0710279593533985,5,3,5,0,0,0,4
R004312,Greater NYC,Uptown Manhattan,6.714002379432874,10,3,8,0,0,0,8
R004313,Southern California,Pasadena,51.36571428986342,57,3,13,3,0,0,21
R004314,Greater NYC,North Jersey,39.24052192194715,35,4,15,2,0,0,21
R004315,DMV,DC–Arlington,10.875964817513443,20,3,12,0,0,0,13
R004316,Greater NYC,Midtown Manhattan,23.50087503909067,33,6,22,0,0,0,26
R004317,Boston,Boston,1.0,0,0,0,0,0,0,0
R004318,Greater NYC,Uptown Manhattan,26.992683506127523,18,4,15,0,0,0,15
R004319,Atlanta,Atlanta,5.142388212302787,7,1,4,0,0,0,6
R004320,Greater NYC,Lower Manhattan–North Brooklyn,2.4237912506709076,2,2,2,0,0,0,2
R004321,Greater NYC,Lower Manhattan–North Brooklyn,5.6406469065590175,5,4,5,0,0,0,4
R004322,Greater NYC,Uptown Manhattan,1.8005975432350747,0,0,0,0,0,0,0
R004323,Greater NYC,Westchester,10.93930926617783,14,3,10,0,0,0,11
R004324,Southern California,Los Angeles,4.693312329040541,3,2,3,0,0,0,3
R004325,Boston,Boston,6.734923583762166,8,3,7,0,0,0,7
R004326,Southern California,Los Angeles,3.710716789516861,3,2,3,0,0,0,2
R004327,Philadelphia,Philadelphia,13.383427745974364,16,2,7,0,0,0,10
R004328,Southern California,Los Angeles,31.507800110544096,29,4,13,0,0,0,20
R004329,Philadelphia,Main Line,29.524293881592197,25,1,7,0,0,0,20
R004330,Greater NYC,Lower Manhattan–North Brooklyn,17.268761553932492,18,5,13,0,0,0,16
R004331,South Florida,Miami,10.472295397485388,7,2,5,0,0,0,5
R004332,Greater NYC,Lower Manhattan–North Brooklyn,6.271230163534723,9,6,9,0,0,0,7
R004333,Greater NYC,North Jersey,22.68312056198447,28,6,20,0,0,0,19
R004334,Greater NYC,Fairfield County,5.699751589715002,9,3,9,0,0,0,6
R004335,Southern California,Pasadena,40.5898008123038,53,2,8,3,0,0,24
R004336,Houston,Houston,9.855344774014483,9,1,5,0,0,0,6
R004337,Chicago,Chicago,1.0,1,1,1,0,0,0,1
R004338,Seattle,Seattle,1.0,1,1,1,0,0,0,0
R004339,Chicago,Chicago,29.543738521466125,33,2,11,1,0,0,26
R004340,Chicago,Chicago,4.885651000564225,7,2,4,0,0,0,7
R004341,DMV,Montgomery County,17.910254036722844,17,4,12,0,0,0,14
R004342,Seattle,Seattle,5.5632615384230855,6,1,4,0,0,0,6
R004343,Greater NYC,Lower Manhattan–North Brooklyn,5.908605549349233,5,3,4,0,0,0,4
R004344,Greater NYC,Midtown Manhattan,26.75307366743892,26,4,16,0,0,0,25
R004345,Southern California,Los Angeles,11.66696684790797,8,3,5,0,0,0,4
R004346,DMV,DC–Arlington,5.041450462728272,3,2,2,0,0,0,2
R004347,Southern California,Pasadena,10.217353837613206,11,2,9,0,0,0,9
R004348,Greater NYC,Midtown Manhattan,2.0846886328328833,5,4,5,0,0,0,4
R004349,DMV,DC–Arlington,3.346154059080557,1,1,1,0,0,0,1
R004350,Chicago,Chicago,8.280719535770022,7,2,6,0,0,0,7
R004351,Northern California,San Francisco,16.105838687268115,19,4,12,0,0,0,17
R004352,Greater NYC,Westchester,1.525685517014816,1,1,1,0,0,0,1
R004353,Northern California,San Francisco,3.61334674625449,4,2,4,0,0,0,2
R004354,Greater NYC,Lower Manhattan–North Brooklyn,1.421503362776362,0,0,0,0,0,0,0
R004355,Boston,Chestnut Hill,12.290813674947024,13,1,6,0,0,0,9
R004356,Greater NYC,Midtown Manhattan,3.675872418402477,2,2,2,0,0,0,2
R004357,Northern California,San Francisco,34.93345164048535,27,3,17,0,0,0,22
R004358,Greater NYC,Lower Manhattan–North Brooklyn,3.748788459428302,3,1,3,0,0,0,3
R004359,Chicago,Chicago,1.7861831981978205,2,1,2,0,0,0,2
R004360,Chicago,Chicago,28.391064933478173,31,2,12,0,0,0,25
R004361,Dallas,Dallas,8.27078102161027,9,1,5,0,0,0,5
R004362,Philadelphia,Philadelphia,2.705237343229874,4,1,3,0,0,0,3
R004363,Atlanta,Atlanta,1.0,1,1,1,0,0,0,1
R004364,Northern California,Silicon Valley,7.338142904905181,4,2,4,0,0,0,3
R004365,Greater NYC,Uptown Manhattan,3.1030085427531406,3,2,3,0,0,0,3
R004366,Greater NYC,Lower Manhattan–North Brooklyn,1.8817193951197544,1,1,1,0,0,0,1
R004367,DMV,DC–Arlington,11.028103522314703,12,2,9,0,0,0,10
R004368,Greater NYC,Midtown Manhattan,1.958110743644524,0,0,0,0,0,0,0
R004369,DMV,DC–Arlington,3.1177244749159505,4,2,3,0,0,0,3
R004370,Greater NYC,Midtown Manhattan,1.0,1,1,1,0,0,0,1
R004371,DMV,Montgomery County,6.034562588007016,12,1,8,0,0,0,8
R004372,Northern California,Silicon Valley,4.037789221715925,3,2,3,0,0,0,3
R004373,Greater NYC,Westchester,3.1179124016458717,2,1,2,0,0,0,1
R004374,Greater NYC,Midtown Manhattan,3.863449470874463,8,4,8,0,0,0,8
R004375,Northern California,San Francisco,3.629440915468313,5,2,5,0,0,0,4
R004376,Greater NYC,Midtown Manhattan,3.5514680091687585,5,2,5,0,0,0,5
R004377,South Florida,Miami,3.491181568572722,6,2,3,0,0,0,5
R004378,Greater NYC,Lower Manhattan–North Brooklyn,6.659002391557659,9,5,8,0,0,0,7
R004379,Greater NYC,Westchester,7.734972539722333,9,2,8,0,0,0,6
R004380,Greater NYC,Midtown Manhattan,3.9774043838832136,6,3,5,0,0,0,4
R004381,DMV,DC–Arlington,7.806882979888674,7,3,6,0,0,0,6
R004382,Northern California,Silicon Valley,13.13899036862945,7,1,5,0,0,0,3
R004383,Greater NYC,Hudson County,23.177272993553505,20,1,11,0,0,0,13
R004384,DMV,DC–Arlington,1.1415200475271543,2,1,2,0,0,0,1
R004385,DMV,Montgomery County,7.469550606101916,6,1,4,0,0,0,2
R004386,DMV,DC–Arlington,200.0,193,3,19,13,0,0,95
R004387,Greater NYC,Lower Manhattan–North Brooklyn,1.0,2,1,2,0,0,0,2
R004388,Southern California,Pasadena,22.848713686104123,15,2,9,1,0,0,12
R004389,Northern California,San Francisco,13.834994033797944,13,2,11,0,0,0,8
R004390,Austin,Austin,2.998509805292328,4,1,3,0,0,0,2
R004391,Greater NYC,Midtown Manhattan,2.086852093070937,2,2,2,0,0,0,2
R004392,Philadelphia,Philadelphia,24.018778253833705,22,1,7,0,0,0,17
R004393,Chicago,Chicago,2.039801434146452,4,2,3,0,0,0,2
R004394,Boston,Boston,20.3984463312635,16,2,7,0,0,0,10
R004395,Northern California,Silicon Valley,1.0,0,0,0,0,0,0,0
R004396,Greater NYC,Lower Manhattan–North Brooklyn,8.886933655059973,10,7,9,0,0,0,9
R004397,Greater NYC,Midtown Manhattan,16.966881922346587,12,5,10,0,0,0,10
R004398,Northern California,Silicon Valley,2.0771321359674615,3,2,3,0,0,0,3
R004399,Greater NYC,Uptown Manhattan,9.815625698990017,11,3,9,0,0,0,7
R004400,Greater NYC,Lower Manhattan–North Brooklyn,11.317572111795547,11,4,9,0,0,0,10
R004401,Boston,Chestnut Hill,1.4234840948207323,3,1,3,0,0,0,3
R004402,Greater NYC,Uptown Manhattan,7.227037332146964,8,3,7,0,0,0,8
R004403,Greater NYC,Midtown Manhattan,1.0,0,0,0,0,0,0,0
R004404,Greater NYC,Nassau County,1.7313109597069902,1,1,1,0,0,0,1
R004405,DMV,DC–Arlington,5.113013530290433,7,3,7,0,0,0,7
R004406,Greater NYC,Fairfield County,4.778290746302436,3,2,3,0,0,0,2
R004407,Chicago,Chicago,1.0,3,2,2,0,0,0,3
R004408,Greater NYC,Midtown Manhattan,1.0,0,0,0,0,0,0,0
R004409,Seattle,Seattle,69.58417982924651,58,1,8,2,0,0,34
R004410,Greater NYC,Lower Manhattan–North Brooklyn,4.347963159520717,6,5,5,0,0,0,5
R004411,Austin,Austin,1.1910868764890106,0,0,0,0,0,0,0
R004412,Southern California,Los Angeles,2.441545859724492,4,3,4,0,0,0,4
R004413,Seattle,Seattle,19.12205514262861,18,1,8,0,0,0,13
R004414,Greater NYC,Lower Manhattan–North Brooklyn,11.60134656047359,7,4,6,0,0,0,7
R004415,Chicago,Chicago,24.949400573689424,27,2,12,0,0,0,19
R004416,Chicago,Chicago,4.406092259070403,3,2,2,0,0,0,2
R004417,Southern California,Los Angeles,9.464784645100146,12,3,9,0,0,0,7
R004418,Greater NYC,Lower Manhattan–North Brooklyn,15.589416817392808,10,6,9,0,0,0,7
R004419,Northern California,Marin County,4.373898707965603,3,1,3,0,0,0,1
R004420,Greater NYC,Nassau County,5.549108251447821,7,3,6,0,0,0,5
R004421,Greater NYC,Nassau County,11.708492913294023,11,1,9,0,0,0,8
R004422,Greater NYC,Lower Manhattan–North Brooklyn,3.004973594202177,2,2,2,0,0,0,2
R004423,Chicago,Chicago,3.5009103134919344,2,2,2,0,0,0,2
R004424,Greater NYC,Hudson County,55.59292156194016,58,4,13,2,0,0,38
R004425,Boston,Boston,1.5358755101412964,3,2,3,0,0,0,3
R004426,Greater NYC,Midtown Manhattan,1.0,2,2,2,0,0,0,2
R004427,Northern California,Silicon Valley,52.09561208714628,59,3,22,0,0,0,48
R004428,Boston,Boston,3.390695922169914,1,1,1,0,0,0,1
R004429,Greater NYC,Westchester,6.196151856704547,5,1,3,0,0,0,5
R004430,Greater NYC,Lower Manhattan–North Brooklyn,3.489004028281677,2,2,2,0,0,0,2
R004431,Ann Arbor,Ann Arbor,7.270746447927474,11,1,3,0,0,0,6
R004432,Greater NYC,Uptown Manhattan,1.0,1,1,1,0,0,0,1
R004433,Greater NYC,Westchester,17.816710212853806,8,2,6,0,0,0,8
R004434,Greater NYC,Uptown Manhattan,21.619409285124178,24,3,18,0,0,0,24
R004435,Greater NYC,Lower Manhattan–North Brooklyn,3.018690079088425,0,0,0,0,0,0,0
R004436,DMV,DC–Arlington,5.072954786111132,3,1,3,0,0,0,3
R004437,Greater NYC,Westchester,1.0,0,0,0,0,0,0,0
R004438,Greater NYC,Westchester,18.685806423043775,18,2,11,0,0,0,10
R004439,Greater NYC,Nassau County,6.3203300113881395,9,2,8,0,0,0,7
R004440,Northern California,Silicon Valley,2.0327628857945927,1,1,1,0,0,0,1
R004441,Dallas,Dallas,2.8432173681478954,2,1,2,0,0,0,1
R004442,Atlanta,Atlanta,1.2127172711211025,3,1,2,0,0,0,3
R004443,Dallas,Dallas,1.928500729893029,1,1,1,0,0,0,1
R004444,Greater NYC,Lower Manhattan–North Brooklyn,5.72720211197187,4,2,4,0,0,0,3
R004445,South Florida,Miami,21.670498077556132,18,2,6,0,0,0,13
R004446,South Florida,Miami,1.6006383500989896,2,1,2,0,0,0,1
R004447,Greater NYC,North Jersey,2.6074438091341685,0,0,0,0,0,0,0
R004448,Greater NYC,Uptown Manhattan,19.52374441418756,29,5,22,0,0,0,27
R004449,DMV,DC–Arlington,1.0,1,1,1,0,0,0,1
R004450,Chicago,Chicago,7.593465204557323,3,1,2,0,0,0,1
R004451,Greater NYC,Uptown Manhattan,4.6286910807980925,4,2,4,0,0,0,4
R004452,Philadelphia,Philadelphia,3.408889661159251,7,2,6,0,0,0,6
R004453,DMV,DC–Arlington,3.6670378915005206,4,3,4,0,0,0,4
R004454,Greater NYC,Lower Manhattan–North Brooklyn,73.52682542085303,85,7,41,0,0,0,70
R004455,Northern California,San Francisco,1.0,1,1,1,0,0,0,0
R004456,DMV,Montgomery County,32.47309482625328,30,1,9,0,0,0,23
R004457,Atlanta,Atlanta,5.228217761248771,8,1,4,0,0,0,6
R004458,Northern California,San Francisco,139.6351688009135,153,4,25,6,0,0,87
R004459,Greater NYC,Lower Manhattan–North Brooklyn,1.0,2,2,2,0,0,0,1
R004460,Southern California,Los Angeles,8.866205077754374,4,2,4,0,0,0,2
R004461,Northern California,San Francisco,4.119145338255556,3,2,2,0,0,0,3
R004462,Northern California,San Francisco,4.721523050621238,2,2,2,0,0,0,2
R004463,Greater NYC,Lower Manhattan–North Brooklyn,4.664708187469029,2,2,2,0,0,0,2
R004464,Southern California,Los Angeles,5.365603224074103,4,3,4,0,0,0,3
R004465,Greater NYC,Fairfield County,14.229811288786747,18,3,15,0,0,0,12
R004466,Northern California,Silicon Valley,10.652141227242335,7,2,7,0,0,0,6
R004467,Northern California,San Francisco,10.466782143150786,12,2,7,0,0,0,8
R004468,DMV,DC–Arlington,2.2696291760943,3,2,3,0,0,0,1
R004469,DMV,Montgomery County,1.6900248051711058,3,2,3,0,0,0,1
R004470,Ann Arbor,Ann Arbor,5.605604653012158,6,1,3,0,0,0,4
R004471,Greater NYC,Midtown Manhattan,132.14423122546253,138,12,41,3,1,1,88
R004472,Southern California,Pasadena,1.9612407305009336,0,0,0,0,0,0,0
R004473,Ann Arbor,Ann Arbor,1.787889483269207,1,1,1,0,0,0,1
R004474,Greater NYC,Uptown Manhattan,12.234040911205158,13,4,12,0,0,0,11
R004475,Philadelphia,Philadelphia,1.1680508885620935,1,1,1,0,0,0,0
R004476,Southern California,Los Angeles,1.0,2,1,2,0,0,0,2
R004477,Northern California,San Francisco,6.8807586592996,9,4,7,0,0,0,8
R004478,Philadelphia,Philadelphia,14.454152887838156,11,2,7,0,0,0,8
R004479,South Florida,Miami,25.82152970374384,26,2,7,0,0,0,18
R004480,Northern California,San Francisco,14.855805312206334,15,2,9,0,0,0,12
R004481,Greater NYC,Lower Manhattan–North Brooklyn,1.504002427085443,1,1,1,0,0,0,1
R004482,Greater NYC,Lower Manhattan–North Brooklyn,1.3012238598238723,2,2,2,0,0,0,2
R004483,Dallas,Dallas,3.6101691691344455,3,1,3,0,0,0,3
R004484,DMV,Montgomery County,3.341225426254919,2,1,2,0,0,0,2
R004485,Dallas,Dallas,5.5270905189505,2,1,2,0,0,0,2
R004486,Seattle,Seattle,2.3468199155781906,2,1,2,0,0,0,2
R004487,Chicago,Chicago,11.387268095770024,10,2,7,0,0,0,9
R004488,Philadelphia,Philadelphia,1.1281955970526778,1,1,1,0,0,0,1
R004489,Southern California,Los Angeles,31.460712654328702,31,3,16,0,0,0,13
R004490,Northern California,San Francisco,2.9933183432570987,2,1,2,0,0,0,2
R004491,Greater NYC,Uptown Manhattan,3.498830191325778,4,2,3,0,0,0,4
R004492,Greater NYC,Lower Manhattan–North Brooklyn,2.9276943982025383,0,0,0,0,0,0,0
R004493,Southern California,Pasadena,3.8732338180291506,5,3,5,0,0,0,4
R004494,Greater NYC,Nassau County,26.406165664991715,29,2,13,1,0,0,18
R004495,Greater NYC,Lower Manhattan–North Brooklyn,1.0,1,1,1,0,0,0,1
R004496,Greater NYC,Lower Manhattan–North Brooklyn,43.02538169995012,39,8,22,0,0,0,32
R004497,Greater NYC,Uptown Manhattan,11.584138129463549,14,4,13,0,0,0,14
R004498,Northern California,San Francisco,1.159845592188474,1,1,1,0,0,0,1
R004499,Greater NYC,Lower Manhattan–North Brooklyn,1.9451021138906133,0,0,0,0,0,0,0
R004500,Philadelphia,Philadelphia,1.306490895063611,1,1,1,0,0,0,1
R004501,Greater NYC,Lower Manhattan–North Brooklyn,65.47089605962414,68,8,36,0,0,0,50
R004502,Greater NYC,Midtown Manhattan,1.0334441434714996,0,0,0,0,0,0,0
R004503,Austin,Austin,2.3832173182243204,5,1,3,0,0,0,5
R004504,South Florida,Miami,1.7506215438017194,1,1,1,0,0,0,1
R004505,Philadelphia,Main Line,15.58419296006598,24,2,8,0,0,0,18
R004506,Ann Arbor,Ann Arbor,1.8478735391827443,7,1,2,0,0,0,5
R004507,DMV,DC–Arlington,1.0,1,1,1,0,0,0,1
R004508,Greater NYC,Fairfield County,1.0,3,1,2,0,0,0,3
R004509,Chicago,Chicago,3.5912807216118248,2,1,1,0,0,0,2
R004510,Greater NYC,Lower Manhattan–North Brooklyn,69.94718710004102,76,7,34,0,0,0,63
R004511,Greater NYC,Lower Manhattan–North Brooklyn,23.15092949691916,28,7,21,0,0,0,23
R004512,Greater NYC,Uptown Manhattan,2.7476593192518934,1,1,1,0,0,0,1
R004513,Greater NYC,Midtown Manhattan,4.322563329006884,5,3,5,0,0,0,5
R004514,Greater NYC,Uptown Manhattan,1.0,2,2,2,0,0,0,2
R004515,Greater NYC,Uptown Manhattan,6.010605862872433,7,3,7,0,0,0,6
R004516,Chicago,Chicago,3.4767413549029302,5,2,5,0,0,0,4
R004517,Northern California,Silicon Valley,8.020085440837528,6,2,5,0,0,0,4
R004518,Greater NYC,Uptown Manhattan,6.878164281638523,8,2,7,0,0,0,7
R004519,Greater NYC,Hudson County,5.949960219577022,7,2,6,0,0,0,6
R004520,DMV,DC–Arlington,1.9401935949937803,3,2,3,0,0,0,2
R004521,Northern California,San Francisco,27.552220131288653,27,3,17,0,0,0,21
R004522,Greater NYC,Hudson County,1.5310499618577749,2,2,2,0,0,0,1
R004523,Greater NYC,Uptown Manhattan,17.91526907560973,20,5,16,0,0,0,12
R004524,Greater NYC,Uptown Manhattan,4.828295007274158,6,4,6,0,0,0,5
R004525,Greater NYC,Midtown Manhattan,126.04004923146312,164,7,48,2,0,0,111
R004526,Greater NYC,Midtown Manhattan,6.530109548234272,6,4,6,0,0,0,6
R004527,Greater NYC,Midtown Manhattan,4.68496352034778,8,4,8,0,0,0,8
R004528,Greater NYC,Midtown Manhattan,9.26514140702774,8,4,5,0,0,0,8
R004529,Greater NYC,Lower Manhattan–North Brooklyn,4.748220587260596,3,2,3,0,0,0,2
R004530,Greater NYC,Hudson County,6.275202332146115,7,2,6,0,0,0,5
R004531,Greater NYC,Lower Manhattan–North Brooklyn,10.098238217398604,4,4,3,0,0,0,4
R004532,DMV,DC–Arlington,66.51220605700723,78,4,20,1,0,0,58
R004533,Greater NYC,Uptown Manhattan,2.622638792477475,6,2,5,0,0,0,5
R004534,Dallas,Dallas,13.08862656659316,10,1,5,0,0,0,8
R004535,Greater NYC,Lower Manhattan–North Brooklyn,5.088491255370792,5,4,4,0,0,0,5
R004536,Greater NYC,Midtown Manhattan,16.720362136709383,23,4,17,0,0,0,18
R004537,Southern California,Los Angeles,1.0,0,0,0,0,0,0,0
R004538,Greater NYC,Lower Manhattan–North Brooklyn,8.11870324970045,8,6,8,0,0,0,7
R004539,Greater NYC,Lower Manhattan–North Brooklyn,8.622671137399896,7,2,6,0,0,0,7
R004540,Greater NYC,Fairfield County,1.0,1,1,1,0,0,0,1
R004541,Greater NYC,Fairfield County,17.6545493846223,19,4,14,0,0,0,18
R004542,Greater NYC,Uptown Manhattan,5.838508430346785,8,3,7,0,0,0,6
R004543,Greater NYC,Midtown Manhattan,2.947460306923103,4,3,4,0,0,0,3
R004544,DMV,DC–Arlington,3.5604997771968145,3,2,3,0,0,0,3
R004545,Northern California,San Francisco,1.5212794420429343,0,0,0,0,0,0,0
R004546,DMV,DC–Arlington,1.9710097711085328,1,1,1,0,0,0,1
R004547,Boston,Boston,2.6451096080046197,0,0,0,0,0,0,0
R004548,Greater NYC,Westchester,1.0,0,0,0,0,0,0,0
R004549,Greater NYC,Fairfield County,9.54394726176424,6,2,6,0,0,0,3
R004550,Greater NYC,Fairfield County,5.006598343317308,3,2,3,0,0,0,3
R004551,Greater NYC,Midtown Manhattan,11.391237755477482,10,4,9,0,0,0,6
R004552,Atlanta,Atlanta,33.21918544708805,33,1,4,0,0,0,27
R004553,Greater NYC,Lower Manhattan–North Brooklyn,23.356736546519564,24,6,20,0,0,0,22
R004554,Southern California,Los Angeles,4.080287527741143,4,2,3,0,0,0,2
R004555,Boston,Boston,8.09330523786072,8,2,6,0,0,0,6
R004556,Chicago,Chicago,1.0,0,0,0,0,0,0,0
R004557,Northern California,San Francisco,3.632623451167976,6,3,6,0,0,0,6
R004558,Northern California,Silicon Valley,3.652762289170578,1,1,1,0,0,0,0
R004559,Philadelphia,Main Line,6.271445578837705,7,2,7,0,0,0,5
R004560,Northern California,San Francisco,3.9569552419576017,3,2,3,0,0,0,2
R004561,Austin,Austin,4.4836736373079145,11,1,6,0,0,0,7
R004562,Northern California,San Francisco,5.114958103810125,6,2,5,0,0,0,4
R004563,Philadelphia,Main Line,1.0382448055265805,1,1,1,0,0,0,1
R004564,Northern California,Marin County,7.17918507478011,10,1,4,0,0,0,8
R004565,Greater NYC,Midtown Manhattan,4.507798990919319,5,2,5,0,0,0,3
R004566,Greater NYC,Uptown Manhattan,4.641362285064672,6,2,5,0,0,0,4
R004567,Southern California,Los Angeles,14.17178058666162,18,3,10,0,0,0,12
R004568,Greater NYC,Lower Manhattan–North Brooklyn,8.981794868249388,5,4,5,0,0,0,4
R004569,Boston,Boston,3.044037253510024,1,1,1,0,0,0,1
R004570,Greater NYC,Fairfield County,4.018763440163136,2,1,2,0,0,0,2
R004571,Greater NYC,Lower Manhattan–North Brooklyn,55.022641036471875,72,8,36,0,0,0,54
R004572,Northern California,San Francisco,1.8006816277640654,2,1,2,0,0,0,1
R004573,Boston,Boston,6.075293423979461,8,2,6,0,0,0,4
R004574,Southern California,Los Angeles,1.486646370098303,3,2,3,0,0,0,2
R004575,Seattle,Seattle,5.208932643354232,6,1,2,0,0,0,4
R004576,Greater NYC,Uptown Manhattan,1.042185071045463,1,1,1,0,0,0,1
R004577,Southern California,Los Angeles,3.399980119143621,7,3,6,0,0,0,6
R004578,Chicago,Chicago,2.016678305779597,1,1,1,0,0,0,1
R004579,Southern California,Los Angeles,2.60961345075513,7,2,5,0,0,0,6
R004580,Philadelphia,Main Line,1.0,1,1,1,0,0,0,0
R004581,Austin,Austin,4.391896587051118,5,1,4,0,0,0,5
R004582,Philadelphia,Philadelphia,2.943945138640278,1,1,1,0,0,0,1
R004583,DMV,DC–Arlington,4.223401086444245,2,1,2,0,0,0,2
R004584,Greater NYC,Lower Manhattan–North Brooklyn,6.328809779526194,6,4,6,0,0,0,5
R004585,Northern California,San Francisco,1.2747700287415047,3,1,2,0,0,0,2
R004586,Greater NYC,Hudson County,18.92147722803768,12,2,6,0,0,0,11
R004587,Greater NYC,Midtown Manhattan,2.975143993116688,2,2,2,0,0,0,1
R004588,Boston,Chestnut Hill,6.680343583064841,6,2,6,0,0,0,4
R004589,DMV,DC–Arlington,12.709878441994524,14,3,12,0,0,0,11
R004590,Greater NYC,Midtown Manhattan,200.0,216,10,41,8,1,2,138
R004591,Greater NYC,Midtown Manhattan,3.1889976135053573,3,2,3,0,0,0,3
R004592,Greater NYC,Uptown Manhattan,4.978386097921793,7,4,6,0,0,0,5
R004593,Philadelphia,Main Line,1.0,0,0,0,0,0,0,0
R004594,Boston,Chestnut Hill,5.156054444706795,2,1,2,0,0,0,2
R004595,Chicago,Chicago,12.860797557035893,14,2,10,0,0,0,12
R004596,Greater NYC,Lower Manhattan–North Brooklyn,3.940073726015192,3,2,3,0,0,0,2
R004597,Greater NYC,Midtown Manhattan,7.983966603180647,6,3,5,0,0,0,6
R004598,Dallas,Dallas,17.446403734074977,22,1,9,2,0,0,15
R004599,Greater NYC,Midtown Manhattan,1.211002696687001,0,0,0,0,0,0,0
R004600,Boston,Chestnut Hill,23.57147482845412,24,1,9,0,0,0,18
R004601,DMV,Montgomery County,2.4077898685846835,0,0,0,0,0,0,0
R004602,DMV,DC–Arlington,29.495844683560183,23,3,15,0,0,0,19
R004603,Northern California,San Francisco,4.540972088251485,7,3,6,0,0,0,5
R004604,Philadelphia,Philadelphia,15.937368580370046,15,1,6,0,0,0,11
R004605,Austin,Austin,130.0575207988767,120,1,8,6,1,13,47
R004606,Seattle,Seattle,1.5965727508380003,5,1,4,0,0,0,5
R004607,Ann Arbor,Ann Arbor,1.0,1,1,1,0,0,0,1
R004608,Boston,Boston,14.484467763192626,11,1,5,0,0,0,8
R004609,DMV,DC–Arlington,1.0,0,0,0,0,0,0,0
R004610,Greater NYC,Lower Manhattan–North Brooklyn,15.292428540852605,16,5,13,0,0,0,11
R004611,Southern California,Los Angeles,1.0,0,0,0,0,0,0,0
R004612,South Florida,Miami,2.0411712946136964,0,0,0,0,0,0,0
R004613,DMV,DC–Arlington,3.325335401649115,2,1,2,0,0,0,1
R004614,Greater NYC,Uptown Manhattan,167.09285829242688,167,5,37,3,0,0,124
R004615,Southern California,Los Angeles,1.458550016309255,0,0,0,0,0,0,0
R004616,Greater NYC,Uptown Manhattan,1.8094903380247076,0,0,0,0,0,0,0
R004617,Dallas,Dallas,13.368282387436604,10,1,6,0,0,0,9
R004618,Greater NYC,Lower Manhattan–North Brooklyn,7.252083842618766,7,3,7,0,0,0,5
R004619,Greater NYC,Midtown Manhattan,1.1514590792182011,1,1,1,0,0,0,1
R004620,Greater NYC,Nassau County,11.985119882383904,8,4,8,0,0,0,7
R004621,Chicago,Chicago,11.44737528339727,12,2,6,1,0,0,7
R004622,Greater NYC,Lower Manhattan–North Brooklyn,6.140768526843995,6,5,6,0,0,0,6
R004623,Greater NYC,Lower Manhattan–North Brooklyn,14.9300482838632,16,5,11,0,0,0,16
R004624,DMV,DC–Arlington,3.0996640139418403,1,1,1,0,0,0,1
R004625,Greater NYC,Lower Manhattan–North Brooklyn,8.551080833577283,9,3,8,0,0,0,9
R004626,Greater NYC,Westchester,1.0,1,1,1,0,0,0,1
R004627,Greater NYC,Uptown Manhattan,13.597461663519738,16,3,15,0,0,0,11
R004628,Southern California,Pasadena,16.542323493238865,13,1,7,0,0,0,9
R004629,Dallas,Dallas,6.18022658517802,7,1,5,0,0,0,6
R004630,Philadelphia,Philadelphia,8.463764075695584,8,2,6,0,0,0,6
R004631,South Florida,Miami,7.311180592007711,4,2,2,0,0,0,2
R004632,Greater NYC,Hudson County,1.6937346917285907,2,1,2,0,0,0,2
R004633,Houston,Houston,1.4966387284001494,1,1,1,0,0,0,0
R004634,Greater NYC,Hudson County,5.163207253435301,4,2,3,0,0,0,3
R004635,Boston,Boston,4.641668487104065,7,3,6,0,0,0,6
R004636,Greater NYC,Uptown Manhattan,1.0,1,1,1,0,0,0,1
R004637,Southern California,Los Angeles,2.1494050161510008,3,2,3,0,0,0,2
R004638,Greater NYC,Midtown Manhattan,24.381752281542607,23,4,15,0,0,0,21
R004639,Greater NYC,Westchester,2.140238728819473,4,2,4,0,0,0,3
R004640,Greater NYC,Lower Manhattan–North Brooklyn,2.7545243038552103,0,0,0,0,0,0,0
R004641,Chicago,Chicago,1.2784803648116456,0,0,0,0,0,0,0
R004642,Greater NYC,Fairfield County,1.8036670791400595,4,2,4,0,0,0,1
R004643,Greater NYC,Nassau County,9.852772319631882,9,2,7,0,0,0,7
R004644,Greater NYC,Lower Manhattan–North Brooklyn,38.613099578348915,43,5,32,0,0,0,36
R004645,Northern California,Silicon Valley,41.13092352828651,49,3,19,0,0,0,38
R004646,DMV,DC–Arlington,1.2317787283438708,1,1,1,0,0,0,1
R004647,Greater NYC,Lower Manhattan–North Brooklyn,200.0,174,13,57,1,0,0,130
R004648,DMV,DC–Arlington,4.705901541697894,5,2,5,0,0,0,4
R004649,Greater NYC,Lower Manhattan–North Brooklyn,1.0,2,2,2,0,0,0,2
R004650,DMV,DC–Arlington,61.43558338155511,60,3,19,0,0,0,42
R004651,Greater NYC,Uptown Manhattan,41.80644873588955,43,5,24,0,0,0,39
R004652,Boston,Chestnut Hill,1.7890644424938362,2,2,2,0,0,0,2
R004653,Seattle,Seattle,21.573585997447843,19,1,7,0,0,0,16
R004654,Northern California,Silicon Valley,3.049892527613333,0,0,0,0,0,0,0
R004655,Greater NYC,Midtown Manhattan,3.39417263459734,3,2,3,0,0,0,2
R004656,Southern California,Los Angeles,1.0,0,0,0,0,0,0,0
R004657,Philadelphia,Main Line,1.2289768858918029,0,0,0,0,0,0,0
R004658,Northern California,San Francisco,5.415117625826306,4,2,4,0,0,0,3
R004659,Greater NYC,Lower Manhattan–North Brooklyn,9.654269402117716,10,5,10,0,0,0,9
R004660,Northern California,San Francisco,1.0,1,1,1,0,0,0,1
R004661,Greater NYC,Fairfield County,8.340934463663624,11,4,7,0,0,0,8
R004662,Greater NYC,Fairfield County,1.727823355671898,3,2,3,0,0,0,3
R004663,Dallas,Dallas,1.0,2,1,2,0,0,0,1
R004664,Chicago,Chicago,10.956369839574842,11,2,9,0,0,0,7
R004665,DMV,DC–Arlington,1.3776785606300497,1,1,1,0,0,0,1
R004666,South Florida,Miami,11.231835271510556,8,2,6,0,0,0,5
R004667,Greater NYC,Uptown Manhattan,3.591343599703505,2,2,2,0,0,0,2
R004668,Philadelphia,Philadelphia,40.08559793052775,37,1,7,0,0,0,28
R004669,Ann Arbor,Ann Arbor,2.606138589837169,5,1,2,0,0,0,2
R004670,Chicago,Chicago,12.803406847948835,16,2,9,0,0,0,12
R004671,Southern California,Los Angeles,2.3981822506640205,4,3,4,0,0,0,3
R004672,Greater NYC,Uptown Manhattan,1.6683087707339126,1,1,1,0,0,0,0
R004673,Greater NYC,Lower Manhattan–North Brooklyn,10.308484966711772,10,6,9,0,0,0,7
R004674,Seattle,Seattle,14.144828841280557,25,1,8,0,0,0,20
R004675,Northern California,San Francisco,6.803936892247845,9,2,7,0,0,0,8
R004676,Greater NYC,Lower Manhattan–North Brooklyn,11.251290584319635,10,4,10,0,0,0,7
R004677,Northern California,Marin County,9.7144737446299,14,2,4,0,0,0,10
R004678,Greater NYC,Lower Manhattan–North Brooklyn,1.0,0,0,0,0,0,0,0
R004679,DMV,DC–Arlington,7.057606658587566,12,3,9,0,0,0,12
R004680,Greater NYC,Lower Manhattan–North Brooklyn,3.9192495642761207,8,6,8,0,0,0,8
R004681,Northern California,Silicon Valley,3.4310463350564966,4,1,3,0,0,0,3
R004682,Southern California,Los Angeles,5.192460390481648,7,3,6,0,0,0,2
R004683,Northern California,Marin County,6.529911644480128,8,3,8,0,0,0,6
R004684,Greater NYC,Fairfield County,3.955839894431352,1,1,1,0,0,0,1
R004685,Philadelphia,Main Line,13.863800206533904,10,2,8,1,0,0,5
R004686,Greater NYC,Uptown Manhattan,10.640697316763594,7,2,6,0,0,0,6
R004687,Greater NYC,Westchester,11.01663953495678,12,2,9,0,0,0,9
R004688,DMV,DC–Arlington,11.235939151039512,9,3,7,0,0,0,6
R004689,DMV,Montgomery County,4.648149765574732,2,1,2,0,0,0,1
R004690,Greater NYC,Lower Manhattan–North Brooklyn,2.6656417630630824,1,1,1,0,0,0,0
R004691,Philadelphia,Philadelphia,5.4915204244408615,10,1,6,0,0,0,8
R004692,DMV,Montgomery County,2.5995580741861977,1,1,1,0,0,0,1
R004693,Greater NYC,Uptown Manhattan,7.577807815678593,12,2,9,0,0,0,10
R004694,DMV,DC–Arlington,24.57334293538062,16,3,13,0,0,0,11
R004695,Southern California,Los Angeles,15.713206507256276,10,3,8,0,0,0,4
R004696,Greater NYC,Fairfield County,9.706885155162889,7,2,5,0,0,0,5
R004697,Southern California,Los Angeles,1.0,3,3,3,0,0,0,2
R004698,South Florida,Miami,1.1688690808461164,1,1,1,0,0,0,1
R004699,Southern California,Pasadena,1.0,0,0,0,0,0,0,0
R004700,Greater NYC,Midtown Manhattan,8.380107219617482,8,3,7,0,0,0,6
R004701,Southern California,Los Angeles,12.925087792322296,12,3,7,0,0,0,9
R004702,Greater NYC,Uptown Manhattan,1.0,1,1,1,0,0,0,0
R004703,Greater NYC,Uptown Manhattan,6.163474736943767,11,3,8,0,0,0,8
R004704,Greater NYC,Westchester,6.227795357609273,2,2,2,0,0,0,2
R004705,Greater NYC,Lower Manhattan–North Brooklyn,1.144856640386407,1,1,1,0,0,0,1
R004706,Greater NYC,Midtown Manhattan,1.2468785389002242,1,1,1,0,0,0,1
R004707,DMV,Montgomery County,1.0,0,0,0,0,0,0,0
R004708,Northern California,San Francisco,15.853483751120566,13,3,11,0,0,0,11
R004709,Greater NYC,Lower Manhattan–North Brooklyn,11.874446830457002,11,5,9,0,0,0,9
R004710,Greater NYC,Fairfield County,1.998334302564196,3,2,3,0,0,0,2
R004711,Greater NYC,Fairfield County,4.96430257892621,5,1,4,0,0,0,4
R004712,South Florida,Miami,22.146604198165427,18,2,7,1,0,0,13
R004713,Dallas,Dallas,9.896495587743244,13,1,6,0,0,0,10
R004714,DMV,DC–Arlington,1.9545625333970993,0,0,0,0,0,0,0
R004715,Houston,Houston,1.0,0,0,0,0,0,0,0
R004716,Greater NYC,Uptown Manhattan,1.1521481388798016,0,0,0,0,0,0,0
R004717,Boston,Chestnut Hill,6.613865655901937,5,1,4,0,0,0,3
R004718,Greater NYC,Fairfield County,4.643497934135515,1,1,1,0,0,0,1
R004719,Greater NYC,Hudson County,5.161471479831682,5,1,3,0,0,0,5
R004720,Greater NYC,Fairfield County,3.1655077355697228,8,2,8,0,0,0,8
R004721,DMV,Montgomery County,1.8211168989756712,2,1,2,0,0,0,1
R004722,Boston,Chestnut Hill,1.0,1,1,1,0,0,0,0
R004723,Greater NYC,Uptown Manhattan,15.9019703466769,16,5,13,0,0,0,12
R004724,Greater NYC,Midtown Manhattan,1.9217593675925324,0,0,0,0,0,0,0
R004725,Greater NYC,Midtown Manhattan,9.98935158393092,12,5,8,0,0,0,11
R004726,Southern California,Los Angeles,13.092963377612922,15,3,11,0,0,0,6
R004727,Atlanta,Atlanta,1.0,2,1,2,0,0,0,2
R004728,DMV,DC–Arlington,1.0,0,0,0,0,0,0,0
R004729,Greater NYC,Lower Manhattan–North Brooklyn,44.95463964781692,42,8,33,0,0,0,39
R004730,Chicago,Chicago,10.211047037384636,17,2,9,0,0,0,14
R004731,Greater NYC,Lower Manhattan–North Brooklyn,3.7192281773175657,5,4,4,0,0,0,5
R004732,South Florida,Miami,28.735889973204067,21,2,6,0,0,0,12
R004733,Chicago,Chicago,17.412805981728518,11,2,7,0,0,0,8
R004734,Dallas,Dallas,11.785827924886547,14,1,8,0,0,0,9
R004735,Greater NYC,Lower Manhattan–North Brooklyn,1.0,1,1,1,0,0,0,1
R004736,Greater NYC,Lower Manhattan–North Brooklyn,76.91582993771864,89,9,45,0,0,0,68
R004737,Chicago,Chicago,7.4214511718069325,12,2,7,0,0,0,8
R004738,Greater NYC,Hudson County,1.0,0,0,0,0,0,0,0
R004739,Greater NYC,Lower Manhattan–North Brooklyn,16.3545036409734,16,5,13,0,0,0,14
R004740,Greater NYC,Lower Manhattan–North Brooklyn,4.136741041064719,9,5,8,0,0,0,8
R004741,Greater NYC,North Jersey,5.1199722411272095,5,2,4,0,0,0,5
R004742,Chicago,Chicago,40.87814346644509,34,2,10,0,0,0,24
R004743,Greater NYC,Lower Manhattan–North Brooklyn,3.3725892999229248,4,3,4,0,0,0,2
R004744,DMV,DC–Arlington,15.057861506728075,9,4,8,0,0,0,6
R004745,Southern California,Los Angeles,3.646685296912675,3,2,2,0,0,0,3
R004746,Greater NYC,Lower Manhattan–North Brooklyn,1.004416903007533,2,1,2,0,0,0,1
R004747,Philadelphia,Philadelphia,6.156760038400248,6,1,4,0,0,0,4
R004748,Greater NYC,Lower Manhattan–North Brooklyn,4.9509238670163125,3,2,3,0,0,0,3
R004749,Northern California,San Francisco,5.676938911872911,5,2,5,0,0,0,4
R004750,South Florida,Miami,14.05775941140208,13,2,5,0,0,0,10
R004751,Northern California,San Francisco,20.858311011489103,25,3,15,0,0,0,18
R004752,Greater NYC,Lower Manhattan–North Brooklyn,42.087343168861025,45,6,27,0,0,0,37
R004753,South Florida,Miami,3.784472355930988,2,2,2,0,0,0,1
R004754,Greater NYC,Midtown Manhattan,3.282066496687149,4,1,3,0,0,0,3
R004755,Greater NYC,Midtown Manhattan,1.0,0,0,0,0,0,0,0
R004756,Greater NYC,Lower Manhattan–North Brooklyn,9.168325046573395,5,3,5,0,0,0,5
R004757,Greater NYC,Midtown Manhattan,5.445213966297202,3,2,3,0,0,0,2
R004758,DMV,DC–Arlington,6.637049497480121,6,1,6,0,0,0,6
R004759,Greater NYC,Westchester,12.208118762914497,11,3,8,0,0,0,9
R004760,Greater NYC,Lower Manhattan–North Brooklyn,5.6683759697508025,3,3,3,0,0,0,3
R004761,Northern California,San Francisco,18.702325612601896,17,2,11,0,0,0,10
R004762,DMV,DC–Arlington,24.27210664415412,24,4,14,0,0,0,16
R004763,DMV,DC–Arlington,1.0,1,1,1,0,0,0,1
R004764,Southern California,Los Angeles,23.300528819943843,22,3,13,0,0,0,7
R004765,DMV,DC–Arlington,1.2989040416056936,4,3,3,0,0,0,2
R004766,Southern California,Los Angeles,4.271905275303613,7,2,6,0,0,0,5
R004767,Greater NYC,Lower Manhattan–North Brooklyn,8.778183466079431,7,4,6,0,0,0,6
R004768,Greater NYC,Westchester,30.29363217459972,38,3,18,1,0,0,27
R004769,DMV,DC–Arlington,26.329445330741148,22,3,14,0,0,0,16
R004770,Greater NYC,Uptown Manhattan,21.242575109306284,23,4,17,0,0,0,20
R004771,Greater NYC,Midtown Manhattan,1.069075794652706,0,0,0,0,0,0,0
R004772,DMV,DC–Arlington,5.762971523481316,3,3,3,0,0,0,2
R004773,Greater NYC,Midtown Manhattan,7.747014828507841,5,3,5,0,0,0,4
R004774,Southern California,Los Angeles,11.925469223428491,13,4,8,0,0,0,8
R004775,Greater NYC,Uptown Manhattan,34.656793965405,32,5,22,0,0,0,26
R004776,South Florida,Miami,2.149232673194715,3,1,3,0,0,0,1
R004777,DMV,DC–Arlington,28.67661611689392,27,3,11,0,0,0,19
R004778,Chicago,Chicago,1.3806889698397249,0,0,0,0,0,0,0
R004779,DMV,DC–Arlington,32.570172612315694,32,4,16,0,0,0,19
R004780,Greater NYC,Uptown Manhattan,5.15391244873132,5,4,4,0,0,0,2
R004781,Philadelphia,Philadelphia,1.1216670403801965,1,1,1,0,0,0,0
R004782,Greater NYC,Lower Manhattan–North Brooklyn,47.65010167278614,48,7,28,0,0,0,40
R004783,Austin,Austin,1.1150731750335217,1,1,1,0,0,0,1
R004784,Greater NYC,Midtown Manhattan,6.34323463512953,7,4,7,0,0,0,5
R004785,Greater NYC,Midtown Manhattan,7.3782066204396335,3,2,3,0,0,0,3
R004786,Greater NYC,Lower Manhattan–North Brooklyn,4.841697411883742,7,4,6,0,0,0,7
R004787,Southern California,Pasadena,4.96572362736999,6,1,2,0,0,0,5
R004788,Southern California,Los Angeles,28.57716481834315,35,3,17,0,0,0,18
R004789,Greater NYC,Uptown Manhattan,200.0,198,9,43,3,0,0,134
R004790,Greater NYC,Lower Manhattan–North Brooklyn,5.526094672018388,6,3,6,0,0,0,5
R004791,Houston,Houston,1.0,1,1,1,0,0,0,1
R004792,Greater NYC,Midtown Manhattan,7.034697857875685,6,4,5,0,0,0,6
R004793,Southern California,Pasadena,10.390272018166083,9,1,5,0,0,0,6
R004794,Greater NYC,Midtown Manhattan,2.562314273998079,2,2,2,0,0,0,2
R004795,Chicago,Chicago,1.0,0,0,0,0,0,0,0
R004796,Boston,Boston,24.191495036704435,26,2,11,0,0,0,16
R004797,Southern California,Los Angeles,29.65429842046462,33,4,14,0,0,0,19
R004798,Greater NYC,Lower Manhattan–North Brooklyn,19.22422539564568,14,6,11,0,0,0,10
R004799,Greater NYC,Lower Manhattan–North Brooklyn,1.0,0,0,0,0,0,0,0
R004800,Greater NYC,Hudson County,6.806909071077188,9,1,6,0,0,0,8
R004801,Chicago,Chicago,8.370756762495075,6,2,6,0,0,0,5
R004802,Greater NYC,Lower Manhattan–North Brooklyn,1.0,0,0,0,0,0,0,0
R004803,Greater NYC,Westchester,22.15970914742017,22,2,13,1,0,0,11
R004804,Chicago,Chicago,1.639117982806704,2,2,2,0,0,0,2
R004805,Southern California,Los Angeles,5.437656734932368,4,2,3,0,0,0,2
R004806,DMV,Montgomery County,14.709097392639318,18,3,10,0,0,0,11
R004807,Atlanta,Atlanta,2.600328173385166,2,1,1,0,0,0,2
R004808,Philadelphia,Philadelphia,3.5152406900989415,3,1,2,0,0,0,2
R004809,DMV,DC–Arlington,18.370880414489804,20,3,14,0,0,0,15
R004810,Greater NYC,Midtown Manhattan,1.3844173385654377,1,1,1,0,0,0,0
R004811,Houston,Houston,11.58897887638481,12,1,6,0,0,0,9
R004812,South Florida,Miami,32.34135893721801,28,2,7,1,0,0,21
R004813,Northern California,Marin County,6.8377718063534365,5,1,4,0,0,0,4
R004814,Greater NYC,Uptown Manhattan,2.7272817973185175,3,2,3,0,0,0,2
R004815,Seattle,Seattle,44.38268419977372,46,1,8,2,0,0,30
R004816,Greater NYC,Lower Manhattan–North Brooklyn,4.631167757731028,4,2,4,0,0,0,2
R004817,Greater NYC,Fairfield County,1.0,1,1,1,0,0,0,1
R004818,Greater NYC,Uptown Manhattan,31.33015087775519,23,6,14,0,0,0,17
R004819,Greater NYC,Nassau County,1.2615264891125646,2,1,2,0,0,0,2
R004820,Greater NYC,Uptown Manhattan,15.419366300663867,16,3,13,0,0,0,12
R004821,Philadelphia,Main Line,1.0,1,1,1,0,0,0,1
R004822,Houston,Houston,16.290789440419953,18,1,7,0,0,0,11
R004823,Dallas,Dallas,1.3177461804690622,2,1,2,0,0,0,1
R004824,Greater NYC,Uptown Manhattan,3.7799550799016832,2,2,2,0,0,0,2
R004825,Boston,Boston,10.24912951879775,11,3,7,0,0,0,7
R004826,Greater NYC,Lower Manhattan–North Brooklyn,1.5142476857188043,1,1,1,0,0,0,1
R004827,Greater NYC,Midtown Manhattan,1.0,0,0,0,0,0,0,0
R004828,Greater NYC,Westchester,1.1365113597553962,0,0,0,0,0,0,0
R004829,Greater NYC,Uptown Manhattan,2.5664954927452706,3,1,3,0,0,0,3
R004830,DMV,Montgomery County,12.2235289212095,14,1,7,0,0,0,10
R004831,Atlanta,Atlanta,1.1465324111005133,2,1,2,0,0,0,1
R004832,Greater NYC,North Jersey,20.2268161254509,23,4,16,0,0,0,20
R004833,South Florida,Miami,82.67277324238957,83,2,7,4,0,0,45
R004834,Greater NYC,Lower Manhattan–North Brooklyn,1.0,1,1,1,0,0,0,1
R004835,Greater NYC,Lower Manhattan–North Brooklyn,1.9870818850764935,2,2,2,0,0,0,2
R004836,Greater NYC,Lower Manhattan–North Brooklyn,2.4956918693481063,3,3,3,0,0,0,3
R004837,Greater NYC,Lower Manhattan–North Brooklyn,6.596854478429833,8,5,8,0,0,0,7
R004838,Greater NYC,Midtown Manhattan,1.0903821975489765,1,1,1,0,0,0,1
R004839,Seattle,Seattle,4.962068782996331,2,1,2,0,0,0,1
R004840,Greater NYC,Fairfield County,36.524166369377134,40,4,17,1,0,0,31
R004841,Greater NYC,Lower Manhattan–North Brooklyn,1.4852788628062974,1,1,1,0,0,0,1
R004842,Greater NYC,Lower Manhattan–North Brooklyn,1.0,2,2,2,0,0,0,1
R004843,Greater NYC,Lower Manhattan–North Brooklyn,1.5639110650941492,5,3,4,0,0,0,4
R004844,Greater NYC,Hudson County,1.0,0,0,0,0,0,0,0
R004845,Philadelphia,Main Line,1.9968588031730985,5,2,4,0,0,0,3
R004846,Boston,Boston,11.362343092200463,13,2,9,0,0,0,10
R004847,Greater NYC,Fairfield County,1.4725253323919012,0,0,0,0,0,0,0
R004848,Seattle,Seattle,1.0,2,1,2,0,0,0,1
R004849,Greater NYC,Hudson County,7.70553346147604,10,2,10,0,0,0,9
R004850,Greater NYC,Lower Manhattan–North Brooklyn,68.96589400379567,71,8,38,0,0,0,56
R004851,Chicago,Chicago,7.888217282302652,15,2,7,0,0,0,10
R004852,Greater NYC,North Jersey,23.695911852691083,17,2,10,1,0,0,11
R004853,Austin,Austin,2.8892672774849975,0,0,0,0,0,0,0
R004854,Southern California,Los Angeles,28.2234628492284,32,3,15,0,0,0,21
R004855,Southern California,Los Angeles,18.82344019898902,17,3,11,0,0,0,11
R004856,Greater NYC,Lower Manhattan–North Brooklyn,11.36618266298012,15,6,12,0,0,0,14
R004857,Greater NYC,Fairfield County,3.727498771174872,5,1,5,0,0,0,4
R004858,Greater NYC,Uptown Manhattan,9.418572196240724,11,4,9,0,0,0,8
R004859,Greater NYC,Lower Manhattan–North Brooklyn,4.765687580016424,3,3,3,0,0,0,3
R004860,Southern California,Los Angeles,1.0,0,0,0,0,0,0,0
R004861,Philadelphia,Main Line,2.6820980077041097,1,1,1,0,0,0,1
R004862,Greater NYC,Midtown Manhattan,14.972648016551204,18,5,12,0,0,0,16
R004863,DMV,DC–Arlington,11.22653691507957,7,3,7,0,0,0,5
R004864,Greater NYC,Lower Manhattan–North Brooklyn,13.540382220707798,20,5,14,0,0,0,17
R004865,Greater NYC,Uptown Manhattan,3.765688533455577,4,2,3,0,0,0,2
R004866,Chicago,Chicago,1.0,0,0,0,0,0,0,0
R004867,Greater NYC,Midtown Manhattan,3.579233765559634,4,2,4,0,0,0,4
R004868,Greater NYC,Nassau County,21.1905561146336,20,3,14,0,0,0,11
R004869,Greater NYC,Lower Manhattan–North Brooklyn,3.7235164081069088,2,2,2,0,0,0,1
R004870,Greater NYC,Lower Manhattan–North Brooklyn,33.52540940621484,35,7,27,0,0,0,26
R004871,Northern California,San Francisco,1.0,1,1,1,0,0,0,1
R004872,Northern California,Silicon Valley,2.192883293756932,2,1,2,0,0,0,2
R004873,Southern California,Pasadena,6.879604896160334,4,2,4,0,0,0,2
R004874,Greater NYC,North Jersey,7.025299111714771,7,2,6,0,0,0,5
R004875,Southern California,Pasadena,93.5646880692033,98,3,16,5,1,0,58
R004876,Greater NYC,Lower Manhattan–North Brooklyn,2.9004201666023706,6,4,5,0,0,0,5
R004877,Southern California,Los Angeles,1.9767250286567113,2,1,2,0,0,0,1
R004878,Greater NYC,Uptown Manhattan,5.622922232133887,5,2,5,0,0,0,4
R004879,Chicago,Chicago,1.584770317263178,2,2,2,0,0,0,1
R004880,Ann Arbor,Ann Arbor,24.04678090774588,25,1,3,0,0,0,16
R004881,Greater NYC,Uptown Manhattan,13.276040179815055,10,3,8,0,0,0,8
R004882,Greater NYC,Lower Manhattan–North Brooklyn,7.716337176393614,9,5,8,0,0,0,8
R004883,Greater NYC,Fairfield County,1.0,4,3,3,0,0,0,2
R004884,Chicago,Chicago,58.4717083646383,55,2,13,1,0,0,39
R004885,South Florida,Miami,3.0987768459629272,5,2,4,0,0,0,4
R004886,Greater NYC,Lower Manhattan–North Brooklyn,4.839745465764245,6,5,6,0,0,0,5
R004887,Greater NYC,Lower Manhattan–North Brooklyn,5.356646535642408,5,4,5,0,0,0,4
R004888,Boston,Chestnut Hill,4.337935127562189,4,2,4,0,0,0,2
R004889,Philadelphia,Philadelphia,1.2387137907262058,0,0,0,0,0,0,0
R004890,Northern California,Silicon Valley,5.422508094471177,6,1,3,0,0,0,4
R004891,Greater NYC,Nassau County,2.233524149744867,2,1,2,0,0,0,0
R004892,Southern California,Los Angeles,1.0,2,2,2,0,0,0,1
R004893,DMV,DC–Arlington,3.5803642470274952,6,3,5,0,0,0,5
R004894,Austin,Austin,1.480390100020222,0,0,0,0,0,0,0
R004895,Greater NYC,Hudson County,2.6638857428724765,6,1,6,0,0,0,4
R004896,Houston,Houston,1.6071764794238432,2,1,2,0,0,0,2
R004897,Southern California,Los Angeles,1.0,2,2,2,0,0,0,0
R004898,Greater NYC,Lower Manhattan–North Brooklyn,7.1847678476118455,13,5,12,0,0,0,12
R004899,Greater NYC,Uptown Manhattan,1.422527941360601,2,2,2,0,0,0,2
R004900,Greater NYC,North Jersey,3.5755359879879856,6,1,4,0,0,0,4
R004901,Greater NYC,Lower Manhattan–North Brooklyn,2.0439098649728553,2,1,2,0,0,0,2
R004902,Greater NYC,Fairfield County,4.260452735710463,4,2,4,0,0,0,4
R004903,Atlanta,Atlanta,5.8555092421867565,5,1,3,0,0,0,4
R004904,Boston,Boston,23.667848291653456,21,2,11,0,0,0,17
R004905,Greater NYC,Lower Manhattan–North Brooklyn,14.527176659384518,17,6,15,0,0,0,10
R004906,Southern California,Pasadena,5.228221405635367,5,1,4,0,0,0,3
R004907,Greater NYC,Uptown Manhattan,49.43075768339459,48,6,29,1,0,0,35
R004908,Greater NYC,Midtown Manhattan,2.011705061715627,4,3,4,0,0,0,3
R004909,Austin,Austin,2.4015010001915087,2,1,2,0,0,0,1
R004910,Northern California,San Francisco,2.7827066099532844,2,1,2,0,0,0,1
R004911,Boston,Boston,46.48671154435522,42,2,11,0,0,0,28
R004912,Southern California,Los Angeles,118.73810074533942,128,4,18,2,0,0,70
R004913,Northern California,Silicon Valley,13.908296256362092,10,1,6,1,0,0,5
R004914,Greater NYC,Uptown Manhattan,2.840954495667602,2,1,2,0,0,0,2
R004915,Greater NYC,Lower Manhattan–North Brooklyn,1.0,2,2,2,0,0,0,2
R004916,Greater NYC,Lower Manhattan–North Brooklyn,3.5255716393378926,4,3,3,0,0,0,3
R004917,Boston,Boston,13.435450655616314,18,2,11,0,0,0,15
R004918,Philadelphia,Philadelphia,16.10356122717827,17,1,6,0,0,0,15
R004919,South Florida,Miami,2.0017654569050003,3,2,2,0,0,0,3
R004920,Greater NYC,Uptown Manhattan,2.206149064308025,2,2,2,0,0,0,1
R004921,Southern California,Los Angeles,5.54980692499019,8,4,6,0,0,0,5
R004922,Greater NYC,Midtown Manhattan,1.0,0,0,0,0,0,0,0
R004923,Houston,Houston,12.60098218415666,10,1,5,0,0,0,5
R004924,Chicago,Chicago,1.0,1,1,1,0,0,0,1
R004925,Seattle,Seattle,7.519792673636014,10,1,5,0,0,0,6
R004926,Boston,Chestnut Hill,11.176645350621516,9,2,5,0,0,0,6
R004927,DMV,DC–Arlington,2.1052871869958234,4,2,4,0,0,0,4
R004928,Chicago,Chicago,3.098059884155093,4,2,3,0,0,0,3
R004929,Greater NYC,Lower Manhattan–North Brooklyn,3.7837540751674097,3,3,3,0,0,0,2
R004930,Greater NYC,Midtown Manhattan,76.75653852278087,83,7,32,0,0,0,55
R004931,Northern California,San Francisco,2.315473064484406,1,1,1,0,0,0,1
R004932,Dallas,Dallas,16.474285512607693,14,1,6,0,0,0,7
R004933,Southern California,Pasadena,13.872699543278694,19,3,11,0,0,0,18
R004934,Philadelphia,Main Line,6.061687815159893,8,2,6,0,0,0,4
R004935,Southern California,Los Angeles,17.944314459060198,22,3,14,0,0,0,12
R004936,Austin,Austin,4.713981743112058,5,1,3,0,0,0,5
R004937,Greater NYC,Uptown Manhattan,4.426454515548766,6,1,4,0,0,0,5
R004938,Greater NYC,Uptown Manhattan,2.7201931899596996,1,1,1,0,0,0,1
R004939,DMV,DC–Arlington,4.962345986951053,5,2,5,0,0,0,5
R004940,Greater NYC,Westchester,6.661459334807559,9,4,8,0,0,0,8
R004941,Northern California,San Francisco,54.686221034765055,47,3,20,1,0,0,29
R004942,Boston,Boston,87.78090925164385,89,3,14,1,0,0,59
R004943,Greater NYC,Lower Manhattan–North Brooklyn,82.03444658346365,77,11,47,0,0,0,60
R004944,Boston,Boston,1.0,1,1,1,0,0,0,1
R004945,Southern California,Pasadena,20.89981169788155,21,3,7,0,0,0,13
R004946,Greater NYC,Uptown Manhattan,1.0,2,2,2,0,0,0,2
R004947,Greater NYC,Lower Manhattan–North Brooklyn,4.207377722760749,2,1,1,0,0,0,1
R004948,Greater NYC,Lower Manhattan–North Brooklyn,1.5825749975464427,2,1,2,0,0,0,2
R004949,Northern California,San Francisco,16.222878956178825,22,2,13,0,0,0,19
R004950,Greater NYC,Uptown Manhattan,19.437098201982735,13,3,11,0,0,0,11
R004951,Greater NYC,Uptown Manhattan,3.31538755152537,6,3,6,0,0,0,4
R004952,Greater NYC,Fairfield County,34.34757464444662,36,5,21,0,0,0,26
R004953,Greater NYC,Nassau County,1.2160429102687182,0,0,0,0,0,0,0
R004954,Greater NYC,Uptown Manhattan,2.504443912706385,3,1,3,0,0,0,3
R004955,Greater NYC,Uptown Manhattan,4.627201456584144,9,4,9,0,0,0,6
R004956,Southern California,Los Angeles,5.605167839230167,8,3,7,0,0,0,4
R004957,Greater NYC,Midtown Manhattan,19.288373649912835,20,5,16,0,0,0,16
R004958,Greater NYC,Midtown Manhattan,47.35395644314555,64,9,40,0,0,0,49
R004959,South Florida,Miami,51.32686891427662,54,2,7,1,0,0,40
R004960,Southern California,Los Angeles,42.807394520672624,51,3,15,0,0,0,31
R004961,Boston,Chestnut Hill,4.07661024339249,5,2,5,0,0,0,4
R004962,Greater NYC,Lower Manhattan–North Brooklyn,2.266023711135132,1,1,1,0,0,0,1
R004963,Boston,Boston,5.457349520596988,2,2,2,0,0,0,0
R004964,Houston,Houston,34.63152882710619,23,1,6,0,0,0,14
R004965,Greater NYC,Uptown Manhattan,1.560896223242642,1,1,1,0,0,0,1
R004966,Southern California,Pasadena,18.125770178370917,22,3,11,0,0,0,15
R004967,DMV,DC–Arlington,7.428915643847524,8,4,6,0,0,0,8
R004968,Boston,Boston,44.164609456770975,49,2,13,0,0,0,28
R004969,Greater NYC,Uptown Manhattan,4.221148187543487,1,1,1,0,0,0,1
R004970,Northern California,San Francisco,8.861998329688202,8,2,4,0,0,0,5
R004971,Greater NYC,Hudson County,1.0,1,1,1,0,0,0,0
R004972,Austin,Austin,7.246509600349273,9,1,6,0,0,0,6
R004973,Greater NYC,Lower Manhattan–North Brooklyn,1.0,3,2,3,0,0,0,2
R004974,DMV,DC–Arlington,1.0,1,1,1,0,0,0,1
R004975,Greater NYC,Uptown Manhattan,3.770040137747238,1,1,1,0,0,0,1
R004976,Greater NYC,Midtown Manhattan,23.284164092048982,26,4,17,0,0,0,23
R004977,Greater NYC,Lower Manhattan–North Brooklyn,1.7360581536799078,1,1,1,0,0,0,1
R004978,Northern California,San Francisco,1.2752520948000297,0,0,0,0,0,0,0
R004979,Boston,Boston,2.1197349411360737,4,2,4,0,0,0,3
R004980,Greater NYC,Lower Manhattan–North Brooklyn,1.967068320024049,3,3,3,0,0,0,2
R004981,Boston,Boston,4.386635432029173,3,2,3,0,0,0,3
R004982,Greater NYC,Lower Manhattan–North Brooklyn,37.764522907749985,34,8,23,0,0,0,24
R004983,Austin,Austin,22.37590471682992,18,1,6,0,0,0,16
R004984,DMV,DC–Arlington,8.849313397385295,16,4,11,0,0,0,14
R004985,Austin,Austin,5.715304859197874,11,1,5,0,0,0,8
R004986,Greater NYC,Lower Manhattan–North Brooklyn,5.306111681702016,5,4,4,0,0,0,5
R004987,DMV,DC–Arlington,1.018311551598763,1,1,1,0,0,0,1
R004988,Dallas,Dallas,3.174833945581934,2,1,2,0,0,0,1
R004989,DMV,DC–Arlington,7.056026143816264,4,3,4,0,0,0,3
R004990,Southern California,Los Angeles,33.44611414965536,22,3,12,0,0,0,15
R004991,Boston,Chestnut Hill,4.176167708166403,6,1,4,0,0,0,4
R004992,Austin,Austin,2.1655702921757563,0,0,0,0,0,0,0
R004993,Greater NYC,Westchester,5.146489178825704,4,1,3,0,0,0,3
R004994,Greater NYC,Lower Manhattan–North Brooklyn,13.495611835845242,11,4,8,0,0,0,8
R004995,Philadelphia,Main Line,1.8972438061198336,4,1,4,0,0,0,4
R004996,Greater NYC,Lower Manhattan–North Brooklyn,1.0,0,0,0,0,0,0,0
R004997,Southern California,Los Angeles,17.46200671137674,19,3,12,0,0,0,11
R004998,Atlanta,Atlanta,4.591063351441197,5,1,3,0,0,0,5
R004999,Southern California,Los Angeles,1.0,0,0,0,0,0,0,0
R005000,Northern California,San Francisco,13.122938903893392,11,2,8,0,0,0,5
R005001,Southern California,Pasadena,2.157218086205836,0,0,0,0,0,0,0
R005002,Greater NYC,Westchester,12.276162154124528,9,2,8,0,0,0,9
R005003,Chicago,Chicago,16.820629071991156,11,2,7,0,0,0,7
R005004,Philadelphia,Main Line,24.540249347736577,25,1,6,0,0,0,22
R005005,Chicago,Chicago,3.87100243419415,1,1,1,0,0,0,1
R005006,Southern California,Los Angeles,4.873793137868002,3,2,3,0,0,0,2
R005007,Southern California,Los Angeles,19.409797328512724,22,3,13,0,0,0,16
R005008,DMV,Montgomery County,28.590371867617403,33,2,16,1,0,0,24
R005009,Greater NYC,Westchester,86.56633969397012,96,4,22,3,0,0,58
R005010,Northern California,Silicon Valley,35.8121003949785,26,2,13,0,0,0,20
R005011,Greater NYC,Lower Manhattan–North Brooklyn,9.014953389930277,11,4,11,0,0,0,8
R005012,Southern California,Los Angeles,10.136103025075547,9,3,7,0,0,0,5
R005013,Southern California,Los Angeles,10.631178147691038,15,3,8,0,0,0,8
R005014,Greater NYC,Midtown Manhattan,2.8335636991782516,2,2,2,0,0,0,2
R005015,Greater NYC,Uptown Manhattan,1.708288299358929,1,1,1,0,0,0,1
R005016,DMV,DC–Arlington,1.0,1,1,1,0,0,0,1
R005017,Southern California,Pasadena,10.524265740999388,9,2,8,0,0,0,6
R005018,Chicago,Chicago,2.542219807942457,3,2,3,0,0,0,3
R005019,Greater NYC,Lower Manhattan–North Brooklyn,4.957590387284509,3,3,3,0,0,0,3
R005020,Greater NYC,Lower Manhattan–North Brooklyn,5.5416509787897015,5,4,5,0,0,0,4
R005021,Chicago,Chicago,3.673118422536756,3,2,3,0,0,0,3
R005022,Northern California,San Francisco,1.0,1,1,1,0,0,0,1
R005023,Greater NYC,Westchester,1.0,1,1,1,0,0,0,1
R005024,Greater NYC,Lower Manhattan–North Brooklyn,9.46942109017924,5,3,5,0,0,0,5
R005025,Northern California,San Francisco,2.0351470074849223,2,1,2,0,0,0,1
R005026,Northern California,Silicon Valley,7.801328076401796,14,2,10,0,0,0,9
R005027,Atlanta,Atlanta,4.8401234575257535,5,1,2,0,0,0,4
R005028,Greater NYC,Midtown Manhattan,3.945227874327194,6,3,5,0,0,0,5
R005029,Greater NYC,Midtown Manhattan,6.005880614242946,7,3,6,0,0,0,7
R005030,Southern California,Los Angeles,4.315558828321144,6,3,5,0,0,0,5
R005031,DMV,DC–Arlington,12.814972283901248,14,2,10,0,0,0,10
R005032,Greater NYC,Lower Manhattan–North Brooklyn,12.801456385421565,7,6,7,0,0,0,6
R005033,Greater NYC,Midtown Manhattan,25.718338905885,12,4,10,0,0,0,11
R005034,Boston,Boston,13.267148961208736,12,3,10,0,0,0,8
R005035,Greater NYC,Lower Manhattan–North Brooklyn,8.173010946228507,5,4,5,0,0,0,2
R005036,Dallas,Dallas,3.8603139518654577,2,1,2,0,0,0,1
R005037,Greater NYC,Lower Manhattan–North Brooklyn,5.895781511740015,6,3,6,0,0,0,6
R005038,Southern California,Los Angeles,1.0,2,2,2,0,0,0,1
R005039,Greater NYC,Fairfield County,1.9976753227195985,0,0,0,0,0,0,0
R005040,DMV,DC–Arlington,8.895341319248093,5,3,4,0,0,0,3
R005041,Greater NYC,Lower Manhattan–North Brooklyn,1.0,2,2,2,0,0,0,2
R005042,Greater NYC,Lower Manhattan–North Brooklyn,2.920312965932238,3,3,3,0,0,0,2
R005043,Ann Arbor,Ann Arbor,1.415329412592519,2,1,2,0,0,0,1
R005044,Greater NYC,Midtown Manhattan,4.735611682657751,6,4,6,0,0,0,6
R005045,Greater NYC,Fairfield County,1.0,1,1,1,0,0,0,1
R005046,Austin,Austin,8.819860763406675,8,1,4,0,0,0,7
R005047,Northern California,San Francisco,20.63068252854446,22,2,11,0,0,0,11
R005048,Greater NYC,Westchester,2.171523038543204,1,1,1,0,0,0,0
R005049,Chicago,Chicago,10.6624848213257,16,2,9,0,0,0,11
R005050,Southern California,Los Angeles,18.101883857916448,15,3,11,0,0,0,6
R005051,Chicago,Chicago,2.6413928629301946,0,0,0,0,0,0,0
R005052,Greater NYC,Lower Manhattan–North Brooklyn,1.0,1,1,1,0,0,0,1
R005053,Ann Arbor,Ann Arbor,5.283822753450654,6,1,2,0,0,0,6
R005054,Greater NYC,Midtown Manhattan,8.472616134736786,9,3,8,0,0,0,8
R005055,DMV,DC–Arlington,1.0,2,2,2,0,0,0,2
R005056,Greater NYC,Lower Manhattan–North Brooklyn,4.000197772177049,2,1,2,0,0,0,2
R005057,Houston,Houston,5.408856541576099,9,1,6,0,0,0,4
R005058,Boston,Boston,4.118326864940191,6,2,6,0,0,0,5
R005059,DMV,DC–Arlington,1.565302740411811,1,1,1,0,0,0,1
R005060,Southern California,Los Angeles,22.349529639343984,21,3,11,0,0,0,12
R005061,Southern California,Los Angeles,9.649887264649587,11,3,8,0,0,0,4
R005062,Greater NYC,Lower Manhattan–North Brooklyn,23.563182182320656,26,7,21,0,0,0,22
R005063,Seattle,Seattle,13.501137310130124,17,1,7,0,0,0,14
R005064,South Florida,Miami,1.0,2,2,2,0,0,0,2
R005065,Greater NYC,Nassau County,13.834407816679963,14,4,12,0,0,0,11
R005066,Northern California,Marin County,19.07020085490336,17,2,8,0,0,0,13
R005067,Greater NYC,Midtown Manhattan,19.95831138696375,16,4,11,0,0,0,13
R005068,Greater NYC,Uptown Manhattan,12.676051808265008,16,5,14,0,0,0,13
R005069,Southern California,Pasadena,10.77266981113393,9,1,5,0,0,0,5
R005070,DMV,DC–Arlington,5.476329995369098,8,3,6,0,0,0,8
R005071,Boston,Boston,16.98510479039108,17,3,10,0,0,0,14
R005072,Chicago,Chicago,12.56269465325948,14,2,10,0,0,0,11
R005073,Chicago,Chicago,1.0,1,1,1,0,0,0,1
R005074,Chicago,Chicago,33.60086644320995,29,2,11,0,0,0,20
R005075,Greater NYC,Fairfield County,6.590164622326787,5,2,5,0,0,0,3
R005076,Philadelphia,Philadelphia,1.2524498749085642,0,0,0,0,0,0,0
R005077,South Florida,Miami,44.756192369545104,48,2,7,0,0,0,31
R005078,Greater NYC,Lower Manhattan–North Brooklyn,4.775925095623104,4,4,4,0,0,0,2
R005079,Greater NYC,Midtown Manhattan,2.471647101473345,2,2,2,0,0,0,1
R005080,Greater NYC,Uptown Manhattan,1.2822971885306724,1,1,1,0,0,0,1
R005081,Greater NYC,Uptown Manhattan,10.428977012104577,8,3,8,0,0,0,7
R005082,Dallas,Dallas,2.513215935495668,3,1,3,0,0,0,1
R005083,DMV,Montgomery County,6.363524444680326,7,3,6,0,0,0,4
R005084,Greater NYC,North Jersey,23.182820517653052,15,3,9,0,0,0,14
R005085,Greater NYC,Westchester,5.476168749450125,5,2,5,0,0,0,3
R005086,Northern California,Silicon Valley,20.509353092453647,21,2,13,0,0,0,16
R005087,Ann Arbor,Ann Arbor,16.39828430512977,15,1,3,0,0,0,9
R005088,Dallas,Dallas,5.290290403204716,5,1,4,0,0,0,3
R005089,Philadelphia,Main Line,20.726963467698468,20,1,7,1,0,0,15
R005090,Seattle,Seattle,2.6669850002361937,3,1,2,0,0,0,1
R005091,Greater NYC,Uptown Manhattan,7.111018495814033,9,2,7,0,0,0,6
R005092,DMV,DC–Arlington,5.620389528695831,2,2,2,0,0,0,2
R005093,Northern California,San Francisco,38.93813373588729,36,3,19,0,0,0,26
R005094,Southern California,Los Angeles,1.262263154516219,2,2,2,0,0,0,1
R005095,Southern California,Los Angeles,9.4057997188988,11,2,9,0,0,0,10
R005096,Ann Arbor,Ann Arbor,1.937694427206306,1,1,1,0,0,0,1
R005097,Seattle,Seattle,6.40162876929473,6,1,5,0,0,0,5
R005098,Greater NYC,Midtown Manhattan,31.931222986067887,32,6,18,0,0,0,24
R005099,Greater NYC,Midtown Manhattan,7.030023305689195,5,4,5,0,0,0,5
R005100,Northern California,San Francisco,2.2405682515783516,2,1,2,0,0,0,1
R005101,Greater NYC,Uptown Manhattan,7.7071451616118125,5,3,5,0,0,0,5
R005102,Southern California,Los Angeles,10.293638373358094,11,3,9,0,0,0,5
R005103,Boston,Chestnut Hill,1.0,0,0,0,0,0,0,0
R005104,Austin,Austin,1.776081726520944,3,1,2,0,0,0,3
R005105,Greater NYC,Lower Manhattan–North Brooklyn,14.209469680296037,9,4,7,0,0,0,6
R005106,Greater NYC,Lower Manhattan–North Brooklyn,4.166850807284393,4,3,4,0,0,0,3
R005107,Chicago,Chicago,5.46229484549742,5,2,3,0,0,0,4
R005108,Philadelphia,Main Line,1.0,1,1,1,0,0,0,1
R005109,Greater NYC,Midtown Manhattan,2.556342873924975,4,3,4,0,0,0,2
R005110,Southern California,Los Angeles,4.217498847861318,3,1,3,0,0,0,3
R005111,Greater NYC,Midtown Manhattan,1.0,1,1,1,0,0,0,1
R005112,Houston,Houston,2.6669208414285928,4,1,3,0,0,0,3
R005113,Greater NYC,Lower Manhattan–North Brooklyn,4.315617598026939,5,4,5,0,0,0,4
R005114,South Florida,Miami,2.0302165497897637,1,1,1,0,0,0,1
R005115,Southern California,Pasadena,3.9145336703657296,0,0,0,0,0,0,0
R005116,Greater NYC,Uptown Manhattan,18.259943943757044,13,2,9,0,0,0,12
R005117,Greater NYC,Fairfield County,1.0,2,2,2,0,0,0,1
R005118,Greater NYC,Lower Manhattan–North Brooklyn,1.0,1,1,1,0,0,0,1
R005119,Chicago,Chicago,2.1948878071443083,0,0,0,0,0,0,0
R005120,Boston,Chestnut Hill,12.86922508099776,11,3,7,0,0,0,6
R005121,Greater NYC,Westchester,1.0,1,1,1,0,0,0,1
R005122,Greater NYC,Hudson County,5.344049483266349,5,1,4,0,0,0,5
R005123,Greater NYC,Fairfield County,1.0,1,1,1,0,0,0,1
R005124,Dallas,Dallas,99.6452595980112,92,1,9,5,0,0,44
R005125,Southern California,Los Angeles,6.155935087037382,9,3,6,0,0,0,7
R005126,Austin,Austin,1.154365609680214,2,1,2,0,0,0,2
R005127,Greater NYC,Lower Manhattan–North Brooklyn,3.0926649446125984,4,4,4,0,0,0,4
R005128,Greater NYC,Lower Manhattan–North Brooklyn,1.0,0,0,0,0,0,0,0
R005129,Greater NYC,Lower Manhattan–North Brooklyn,9.848272873245552,10,5,8,0,0,0,8
R005130,DMV,DC–Arlington,1.0,1,1,1,0,0,0,1
R005131,DMV,Montgomery County,43.5286286955209,32,2,11,1,0,0,19
R005132,Greater NYC,Lower Manhattan–North Brooklyn,5.285544670084262,5,4,5,0,0,0,3
R005133,Southern California,Los Angeles,34.02126036506771,35,3,16,0,0,0,23
R005134,Greater NYC,Lower Manhattan–North Brooklyn,2.2880705537181862,1,1,1,0,0,0,1
R005135,Northern California,San Francisco,1.7859886815211004,1,1,1,0,0,0,0
R005136,Greater NYC,Midtown Manhattan,12.56299157277488,15,7,15,0,0,0,14
R005137,South Florida,Miami,19.00450825921804,23,2,7,0,0,0,17
R005138,Greater NYC,Westchester,3.6149827943216097,7,3,5,0,0,0,5
R005139,Greater NYC,Lower Manhattan–North Brooklyn,3.8996227259398952,1,1,1,0,0,0,0
R005140,Greater NYC,Lower Manhattan–North Brooklyn,5.52572381182375,4,2,4,0,0,0,3
R005141,Greater NYC,Lower Manhattan–North Brooklyn,4.432292263446581,2,2,2,0,0,0,0
R005142,Chicago,Chicago,1.7861291043764087,2,1,2,0,0,0,1
R005143,Seattle,Seattle,1.965317503257036,3,1,2,0,0,0,2
R005144,Greater NYC,Westchester,1.0,0,0,0,0,0,0,0
R005145,DMV,DC–Arlington,1.1478836048061791,2,2,2,0,0,0,1
R005146,Northern California,San Francisco,5.824396431600685,5,2,4,0,0,0,5
R005147,DMV,DC–Arlington,8.302188781776376,6,2,5,0,0,0,5
R005148,Boston,Chestnut Hill,1.7053056020228834,0,0,0,0,0,0,0
R005149,Seattle,Seattle,23.75998230188418,23,1,8,0,0,0,16
R005150,Greater NYC,Midtown Manhattan,7.671790789717016,7,3,7,0,0,0,6
R005151,Greater NYC,Lower Manhattan–North Brooklyn,1.0,0,0,0,0,0,0,0
R005152,DMV,Montgomery County,26.794197087145697,30,2,14,0,0,0,19
R005153,Southern California,Los Angeles,1.0369725077249692,4,1,3,0,0,0,3
R005154,Greater NYC,Midtown Manhattan,13.472594421405525,14,4,10,0,0,0,12
R005155,Dallas,Dallas,6.395815598725723,5,1,5,0,0,0,4
R005156,Southern California,Los Angeles,1.7903736243805335,3,2,2,0,0,0,2
R005157,Greater NYC,Lower Manhattan–North Brooklyn,1.0,2,2,2,0,0,0,2
R005158,Seattle,Seattle,3.0425253698072985,0,0,0,0,0,0,0
R005159,Houston,Houston,1.6954915614577386,1,1,1,0,0,0,0
R005160,Austin,Austin,27.08169466686958,30,1,8,1,1,9,12
R005161,Greater NYC,Uptown Manhattan,10.391727427984398,3,2,3,0,0,0,3
R005162,Southern California,Los Angeles,1.6520507670438846,1,1,1,0,0,0,1
R005163,Greater NYC,Uptown Manhattan,2.2271157371784667,5,3,5,0,0,0,5
R005164,Greater NYC,Lower Manhattan–North Brooklyn,5.4295988562002675,4,3,4,0,0,0,3
R005165,Greater NYC,Fairfield County,9.429784908611843,7,3,6,0,0,0,6
R005166,Greater NYC,Lower Manhattan–North Brooklyn,13.174554637278757,8,6,7,0,0,0,7
R005167,Northern California,San Francisco,2.6765449199900777,2,1,2,0,0,0,2
R005168,Greater NYC,Lower Manhattan–North Brooklyn,12.00430104172763,19,7,14,0,0,0,18
R005169,South Florida,Miami,6.603985885380219,10,2,6,0,0,0,8
R005170,Greater NYC,Uptown Manhattan,13.107969497513604,8,3,7,0,0,0,7
R005171,DMV,DC–Arlington,12.177453956231266,16,4,10,0,0,0,14
R005172,Southern California,Los Angeles,1.0,1,1,1,0,0,0,1
R005173,Boston,Boston,20.811613454498644,22,2,9,0,0,0,14
R005174,Greater NYC,Lower Manhattan–North Brooklyn,1.0,2,1,2,0,0,0,2
R005175,South Florida,Miami,3.438007428382152,5,2,4,0,0,0,3
R005176,Greater NYC,Lower Manhattan–North Brooklyn,1.0,1,1,1,0,0,0,1
R005177,Greater NYC,Midtown Manhattan,1.4586581279301445,2,2,2,0,0,0,2
R005178,Southern California,Los Angeles,2.10955646013008,0,0,0,0,0,0,0
R005179,Greater NYC,Westchester,1.0,0,0,0,0,0,0,0
R005180,Greater NYC,Midtown Manhattan,7.813885054908322,6,4,6,0,0,0,5
R005181,Greater NYC,Lower Manhattan–North Brooklyn,1.7081327034172311,2,1,2,0,0,0,2
R005182,Southern California,Los Angeles,1.2892310555261892,3,2,3,0,0,0,2
R005183,Seattle,Seattle,4.984804485914956,3,1,2,0,0,0,3
R005184,Seattle,Seattle,27.716246435579972,29,1,7,1,0,0,17
R005185,Atlanta,Atlanta,7.030177584708305,9,1,3,0,0,0,8
R005186,Greater NYC,Lower Manhattan–North Brooklyn,25.199590754208945,21,7,16,0,0,0,17
R005187,Greater NYC,Westchester,1.6059997595678934,0,0,0,0,0,0,0
R005188,DMV,DC–Arlington,4.478674998090185,8,3,7,0,0,0,6
R005189,Northern California,San Francisco,5.8183914115154645,8,2,7,0,0,0,7
R005190,Greater NYC,Lower Manhattan–North Brooklyn,3.9425460847447544,3,3,3,0,0,0,3
R005191,Philadelphia,Main Line,2.403648400856284,4,2,4,0,0,0,3
R005192,Dallas,Dallas,1.0,0,0,0,0,0,0,0
R005193,Chicago,Chicago,6.085168827158752,9,2,8,0,0,0,8
R005194,DMV,DC–Arlington,2.2798603628371175,3,2,2,0,0,0,1
R005195,Greater NYC,Midtown Manhattan,17.80041054952123,23,4,18,0,0,0,17
R005196,Greater NYC,Uptown Manhattan,1.313075923814947,1,1,1,0,0,0,1
R005197,Greater NYC,Midtown Manhattan,32.70036137008405,25,7,19,0,0,0,18
R005198,DMV,Montgomery County,20.51294612554146,26,3,16,0,0,0,18
R005199,Greater NYC,Lower Manhattan–North Brooklyn,1.0,1,1,1,0,0,0,1
R005200,DMV,DC–Arlington,37.143982378439176,34,3,16,1,0,0,22
R005201,Greater NYC,Hudson County,12.795376066722792,13,2,8,0,0,0,10
R005202,Southern California,Los Angeles,1.0,1,1,1,0,0,0,1
R005203,Boston,Chestnut Hill,2.071705238705739,1,1,1,0,0,0,1
R005204,Greater NYC,Nassau County,4.461140125916237,6,1,5,0,0,0,4
R005205,Dallas,Dallas,13.696426443439492,14,1,7,0,0,0,12
R005206,South Florida,Miami,4.7469044395178654,6,2,5,0,0,0,2
R005207,Greater NYC,Hudson County,8.103692897956767,8,3,6,0,0,0,4
R005208,Greater NYC,North Jersey,1.0,1,1,1,0,0,0,1
R005209,Greater NYC,North Jersey,3.4169723827580163,2,1,2,0,0,0,0
R005210,Boston,Boston,3.0313841438249565,5,3,4,0,0,0,3
R005211,Greater NYC,Uptown Manhattan,1.2582779253214127,2,1,2,0,0,0,2
R005212,Greater NYC,Fairfield County,20.30189471644789,18,3,11,0,0,0,16
R005213,Philadelphia,Philadelphia,11.112674182879683,10,1,6,0,0,0,9
R005214,Greater NYC,Lower Manhattan–North Brooklyn,6.735128243733718,8,6,8,0,0,0,6
R005215,Greater NYC,Lower Manhattan–North Brooklyn,1.403854329150588,3,2,3,0,0,0,3
R005216,Greater NYC,Uptown Manhattan,1.0,0,0,0,0,0,0,0
R005217,Greater NYC,Lower Manhattan–North Brooklyn,7.356081645336985,7,4,7,0,0,0,7
R005218,DMV,DC–Arlington,1.0,0,0,0,0,0,0,0
R005219,Ann Arbor,Ann Arbor,18.650940045432083,15,1,3,0,0,0,11
R005220,Greater NYC,Lower Manhattan–North Brooklyn,30.016012582609015,29,6,20,0,0,0,26
R005221,Greater NYC,Midtown Manhattan,21.69232161763751,15,3,10,0,0,0,11
R005222,Chicago,Chicago,3.649384183702108,2,2,2,0,0,0,2
R005223,Atlanta,Atlanta,4.584657597909715,1,1,1,0,0,0,1
R005224,Philadelphia,Main Line,2.547652750892143,2,1,2,0,0,0,1
R005225,Greater NYC,Lower Manhattan–North Brooklyn,4.940366938915026,4,3,4,0,0,0,2
R005226,Greater NYC,Lower Manhattan–North Brooklyn,1.0,1,1,1,0,0,0,1
R005227,Boston,Boston,4.685832357304857,6,2,4,0,0,0,5
R005228,Greater NYC,Lower Manhattan–North Brooklyn,3.866978436603365,3,2,2,0,0,0,2
R005229,Philadelphia,Philadelphia,3.080700138308805,6,1,4,0,0,0,4
R005230,Philadelphia,Main Line,8.59517737826582,7,2,4,0,0,0,6
R005231,Greater NYC,Lower Manhattan–North Brooklyn,6.693618653294402,7,3,7,0,0,0,7
R005232,Greater NYC,Midtown Manhattan,1.0,1,1,1,0,0,0,1
R005233,Ann Arbor,Ann Arbor,5.672465526115268,9,1,3,0,0,0,6
R005234,Greater NYC,Midtown Manhattan,2.079919702231844,1,1,1,0,0,0,1
R005235,DMV,DC–Arlington,1.0,1,1,1,0,0,0,1
R005236,Northern California,San Francisco,4.572157361013027,6,3,5,0,0,0,3
R005237,DMV,DC–Arlington,2.3567640005080097,3,2,3,0,0,0,3
R005238,Greater NYC,Lower Manhattan–North Brooklyn,64.64689775035886,57,7,34,0,0,0,46
R005239,DMV,DC–Arlington,1.0,2,2,2,0,0,0,2
R005240,Greater NYC,Uptown Manhattan,10.060334630993532,13,3,9,0,0,0,13
R005241,Greater NYC,Nassau County,14.067842381124132,12,3,12,0,0,0,9
R005242,Northern California,Silicon Valley,1.2614020487767257,2,2,2,0,0,0,2
R005243,Northern California,San Francisco,1.915197955033695,4,2,4,0,0,0,2
R005244,Greater NYC,Hudson County,1.0,0,0,0,0,0,0,0
R005245,Greater NYC,North Jersey,8.92027199948698,7,1,5,0,0,0,4
R005246,Greater NYC,Lower Manhattan–North Brooklyn,1.584259982822272,4,4,4,0,0,0,4
R005247,Chicago,Chicago,1.1995171587560272,0,0,0,0,0,0,0
R005248,Greater NYC,Fairfield County,27.030171859879815,30,5,21,0,0,0,26
R005249,Southern California,Los Angeles,1.0,0,0,0,0,0,0,0
R005250,Greater NYC,Uptown Manhattan,5.095060376640255,0,0,0,0,0,0,0
R005251,DMV,DC–Arlington,5.293675040845467,10,4,10,0,0,0,7
R005252,Boston,Boston,2.1966696833972885,1,1,1,0,0,0,1
R005253,Greater NYC,Lower Manhattan–North Brooklyn,1.2042317575170502,2,2,2,0,0,0,2
R005254,DMV,DC–Arlington,5.4603046062488065,7,4,6,0,0,0,7
R005255,Greater NYC,Midtown Manhattan,1.2330448895172077,2,2,2,0,0,0,2
R005256,Seattle,Seattle,1.0,0,0,0,0,0,0,0
R005257,Greater NYC,Uptown Manhattan,14.545859005013416,11,2,10,0,0,0,9
R005258,Greater NYC,Uptown Manhattan,1.0047678011734191,1,1,1,0,0,0,1
R005259,Philadelphia,Philadelphia,21.419076535908204,21,1,7,0,0,0,18
R005260,Greater NYC,Midtown Manhattan,30.608542928758375,27,5,19,0,0,0,20
R005261,Houston,Houston,1.653868914766314,2,1,2,0,0,0,1
R005262,Greater NYC,North Jersey,1.0,2,2,2,0,0,0,1
R005263,Southern California,Los Angeles,2.1795430345240536,4,2,2,0,0,0,4
R005264,Greater NYC,Fairfield County,5.0984822817883435,5,3,3,0,0,0,4
R005265,Greater NYC,Lower Manhattan–North Brooklyn,3.1177779277743265,6,4,6,0,0,0,6
R005266,South Florida,Miami,2.4389984140717966,5,2,4,0,0,0,4
R005267,Philadelphia,Main Line,61.17038262198064,69,2,9,1,0,0,43
R005268,Boston,Chestnut Hill,4.841532759922239,3,2,3,0,0,0,3
R005269,Boston,Boston,14.364187316969977,9,2,6,0,0,0,6
R005270,Southern California,Los Angeles,1.0,2,1,2,0,0,0,2
R005271,Greater NYC,Midtown Manhattan,39.31574910435508,54,7,27,0,0,0,47
R005272,Southern California,Los Angeles,1.0,1,1,1,0,0,0,1
R005273,Northern California,San Francisco,4.423635852051576,3,1,3,0,0,0,2
R005274,Greater NYC,Uptown Manhattan,6.622558013744181,5,3,5,0,0,0,3
R005275,Greater NYC,Lower Manhattan–North Brooklyn,1.0,3,3,3,0,0,0,3
R005276,Chicago,Chicago,1.0,0,0,0,0,0,0,0
R005277,Southern California,Pasadena,1.897492047388968,2,2,2,0,0,0,0
R005278,Boston,Boston,3.027711091121163,2,1,2,0,0,0,1
R005279,Philadelphia,Main Line,7.016108885236004,4,2,4,0,0,0,4
R005280,Chicago,Chicago,1.0,0,0,0,0,0,0,0
R005281,Boston,Chestnut Hill,6.72645009397728,6,2,5,0,0,0,6
R005282,Chicago,Chicago,8.045547095401668,5,2,5,0,0,0,4
R005283,Greater NYC,Lower Manhattan–North Brooklyn,1.0,1,1,1,0,0,0,1
R005284,DMV,Montgomery County,9.418995392948492,7,3,6,0,0,0,3
R005285,Greater NYC,Midtown Manhattan,1.1719037684127138,1,1,1,0,0,0,1
R005286,Southern California,Los Angeles,10.671851593271112,14,3,8,0,0,0,9
R005287,Greater NYC,Westchester,1.0,1,1,1,0,0,0,1
R005288,Greater NYC,Lower Manhattan–North Brooklyn,1.0,1,1,1,0,0,0,1
R005289,Greater NYC,Midtown Manhattan,6.909408104030857,15,4,12,0,0,0,12
R005290,Seattle,Seattle,24.07466351023872,28,1,8,0,0,0,23
R005291,DMV,DC–Arlington,23.585816814986952,19,3,12,0,0,0,15
R005292,Greater NYC,Midtown Manhattan,1.0,0,0,0,0,0,0,0
R005293,Greater NYC,Uptown Manhattan,14.147525383968103,15,3,11,0,0,0,11
R005294,Greater NYC,Uptown Manhattan,11.437944401284945,8,2,7,0,0,0,8
R005295,Dallas,Dallas,1.1419920823409002,0,0,0,0,0,0,0
R005296,Greater NYC,Lower Manhattan–North Brooklyn,5.3804344621947235,3,2,3,0,0,0,3
R005297,Greater NYC,North Jersey,3.4433953326150264,6,2,6,0,0,0,4
R005298,Northern California,Silicon Valley,25.418299793276848,27,1,9,0,0,0,14
R005299,Greater NYC,Uptown Manhattan,2.6802993890356865,4,2,4,0,0,0,3
R005300,Greater NYC,Uptown Manhattan,2.587942481332548,2,2,2,0,0,0,1
R005301,DMV,DC–Arlington,23.42023086355608,20,3,12,0,0,0,15
R005302,Greater NYC,Midtown Manhattan,8.934190243047308,8,3,7,0,0,0,6
R005303,Greater NYC,Midtown Manhattan,1.0,1,1,1,0,0,0,1
R005304,Greater NYC,Uptown Manhattan,1.0434206507703023,1,1,1,0,0,0,1
R005305,DMV,DC–Arlington,9.607138854805052,11,3,10,0,0,0,9
R005306,Seattle,Seattle,9.47608791933766,10,1,5,0,0,0,9
R005307,Northern California,San Francisco,8.369512138711388,5,2,5,0,0,0,3
R005308,Southern California,Los Angeles,5.606347534713478,6,3,4,0,0,0,1
R005309,Greater NYC,Lower Manhattan–North Brooklyn,15.467496659694604,14,6,12,0,0,0,11
R005310,Northern California,San Francisco,4.700370139717584,2,2,2,0,0,0,1
R005311,Southern California,Los Angeles,10.536394880296855,13,3,9,0,0,0,6
R005312,Greater NYC,Lower Manhattan–North Brooklyn,12.358156424620969,13,5,11,0,0,0,12
R005313,Southern California,Los Angeles,11.03473661925345,10,3,9,0,0,0,6
R005314,Greater NYC,Midtown Manhattan,1.0,2,1,2,0,0,0,1
R005315,Greater NYC,Fairfield County,3.923108449010931,1,1,1,0,0,0,0
R005316,Greater NYC,Uptown Manhattan,1.1595887176877293,2,2,2,0,0,0,2
R005317,DMV,Montgomery County,19.500879072425093,28,1,10,0,0,0,19
R005318,Southern California,Pasadena,1.8234948615143884,3,1,3,0,0,0,1
R005319,Atlanta,Atlanta,17.9619230195402,22,1,4,2,0,0,14
R005320,Greater NYC,Nassau County,45.173672631499976,50,3,23,0,0,0,38
R005321,Southern California,Pasadena,4.670959693405559,2,1,2,0,0,0,1
R005322,Philadelphia,Philadelphia,1.3677823364542083,1,1,1,0,0,0,1
R005323,South Florida,Miami,2.9126033607619255,0,0,0,0,0,0,0
R005324,DMV,Montgomery County,33.96139640707626,32,2,11,1,0,0,25
R005325,Southern California,Pasadena,2.102934878762681,5,1,5,0,0,0,3
R005326,Southern California,Los Angeles,6.096483560870279,6,3,6,0,0,0,4
R005327,Greater NYC,Midtown Manhattan,36.367443197332115,29,5,24,0,0,0,24
R005328,Greater NYC,Lower Manhattan–North Brooklyn,5.134226056478522,4,3,4,0,0,0,3
R005329,Southern California,Pasadena,4.6379882087580615,4,2,4,0,0,0,3
R005330,Northern California,Silicon Valley,63.52305755247932,55,2,13,2,0,0,34
R005331,Boston,Boston,2.387024969283251,4,2,2,0,0,0,4
R005332,Greater NYC,Fairfield County,3.81425780081351,5,4,5,0,0,0,4
R005333,Greater NYC,Fairfield County,5.157255644198846,3,1,3,0,0,0,3
R005334,Southern California,Pasadena,1.727102376976258,1,1,1,0,0,0,1
R005335,South Florida,Miami,14.75749039994826,8,2,5,0,0,0,6
R005336,Northern California,San Francisco,12.144385353661832,7,3,6,0,0,0,5
R005337,Greater NYC,Lower Manhattan–North Brooklyn,53.40489265196244,72,9,44,0,0,0,54
R005338,DMV,DC–Arlington,3.815841343437574,1,1,1,0,0,0,1
R005339,Philadelphia,Philadelphia,7.556353182377496,6,1,3,0,0,0,5
R005340,Greater NYC,Midtown Manhattan,6.887696546368845,10,4,9,0,0,0,9
R005341,Seattle,Seattle,38.643128528994815,31,1,8,1,0,0,21
R005342,DMV,DC–Arlington,7.749422206183768,6,3,6,0,0,0,5
R005343,Boston,Chestnut Hill,2.2367194607190175,5,1,5,0,0,0,3
R005344,South Florida,Miami,3.2799043149886646,6,2,4,0,0,0,5
R005345,Greater NYC,Fairfield County,1.0,2,2,2,0,0,0,2
R005346,Chicago,Chicago,25.158634518002764,22,2,9,0,0,0,17
R005347,Northern California,San Francisco,3.3947324426687593,4,3,4,0,0,0,4
R005348,Greater NYC,Uptown Manhattan,3.242229827314094,4,1,4,0,0,0,4
R005349,Greater NYC,Lower Manhattan–North Brooklyn,49.95347065696034,55,7,32,0,0,0,45
R005350,Atlanta,Atlanta,72.67066446978322,77,1,4,4,1,11,30
R005351,Northern California,San Francisco,4.838254709089139,4,2,2,0,0,0,4
R005352,Greater NYC,Lower Manhattan–North Brooklyn,11.296504073738838,11,4,9,0,0,0,10
R005353,DMV,DC–Arlington,1.0,1,1,1,0,0,0,1
R005354,Boston,Chestnut Hill,1.0,2,1,2,0,0,0,1
R005355,DMV,DC–Arlington,22.87876654000233,20,3,13,0,0,0,12
R005356,DMV,DC–Arlington,2.3728083809133236,2,1,2,0,0,0,0
R005357,Greater NYC,Lower Manhattan–North Brooklyn,5.140622347079015,3,2,3,0,0,0,3
R005358,Greater NYC,Uptown Manhattan,2.5750333381618336,3,3,3,0,0,0,3
R005359,Austin,Austin,43.003053117092406,39,1,8,1,1,6,15
R005360,Greater NYC,Uptown Manhattan,5.616380538514453,6,2,6,0,0,0,5
R005361,Austin,Austin,20.837824322168743,28,1,8,1,0,0,18
R005362,Greater NYC,Lower Manhattan–North Brooklyn,27.802029278900296,33,8,25,0,0,0,30
R005363,DMV,DC–Arlington,1.6447211344417805,1,1,1,0,0,0,0
R005364,Houston,Houston,1.091265938841783,1,1,1,0,0,0,1
R005365,Southern California,Los Angeles,5.047226900279999,4,1,3,0,0,0,4
R005366,Dallas,Dallas,117.3389162978181,124,1,9,4,2,14,49
R005367,Greater NYC,Uptown Manhattan,1.7876611446850434,1,1,1,0,0,0,1
R005368,Philadelphia,Main Line,2.211926572981756,1,1,1,0,0,0,1
R005369,Greater NYC,Hudson County,1.0,0,0,0,0,0,0,0
R005370,Philadelphia,Philadelphia,4.94456456640608,6,1,4,0,0,0,5
R005371,Greater NYC,Lower Manhattan–North Brooklyn,1.0,2,2,2,0,0,0,2
R005372,Chicago,Chicago,1.0,2,2,2,0,0,0,2
R005373,Greater NYC,Lower Manhattan–North Brooklyn,1.2712785848932104,2,2,2,0,0,0,2
R005374,Boston,Chestnut Hill,4.993617882667646,1,1,1,0,0,0,0
R005375,South Florida,Miami,2.185005440204527,3,2,2,0,0,0,2
R005376,Greater NYC,Fairfield County,6.7558007726749745,8,2,7,0,0,0,8
R005377,Atlanta,Atlanta,30.608765291627822,31,1,4,1,0,0,20
R005378,Greater NYC,Uptown Manhattan,6.787368190312826,10,2,8,0,0,0,9
R005379,Northern California,San Francisco,5.381933098623284,7,2,7,0,0,0,5
R005380,Greater NYC,Lower Manhattan–North Brooklyn,15.77303616915488,9,4,9,0,0,0,7
R005381,Greater NYC,Uptown Manhattan,5.139379836449001,2,2,2,0,0,0,1
R005382,Greater NYC,Hudson County,15.090246062746104,18,3,16,0,0,0,16
R005383,Greater NYC,Westchester,11.746357021280543,13,3,10,0,0,0,9
R005384,Northern California,Marin County,5.936428211710043,7,1,5,0,0,0,4
R005385,Northern California,Marin County,6.52032745412873,4,2,4,0,0,0,4
R005386,Greater NYC,Uptown Manhattan,5.224285937155591,10,2,10,0,0,0,10
R005387,Chicago,Chicago,1.0375680324448056,1,1,1,0,0,0,1
R005388,Seattle,Seattle,14.835000743308324,14,1,6,0,0,0,11
R005389,Greater NYC,Lower Manhattan–North Brooklyn,4.179393979117538,5,3,5,0,0,0,5
R005390,Boston,Boston,2.706118805964557,2,2,2,0,0,0,2
R005391,Atlanta,Atlanta,1.9270387225369905,1,1,1,0,0,0,1
R005392,Southern California,Los Angeles,2.885644502400066,0,0,0,0,0,0,0
R005393,Chicago,Chicago,7.6396868427319555,7,2,5,0,0,0,5
R005394,Southern California,Pasadena,1.3177350576951214,1,1,1,0,0,0,0
R005395,Boston,Boston,1.0,2,2,2,0,0,0,1
R005396,Greater NYC,Uptown Manhattan,1.2699002294650248,0,0,0,0,0,0,0
R005397,DMV,DC–Arlington,9.3022749987821,10,2,7,0,0,0,6
R005398,Greater NYC,Midtown Manhattan,21.961679188711106,16,3,13,0,0,0,14
R005399,Philadelphia,Philadelphia,1.0,1,1,1,0,0,0,1
R005400,Greater NYC,Uptown Manhattan,3.7189575757605016,6,3,6,0,0,0,6
R005401,South Florida,Miami,18.00920893373837,16,2,6,0,0,0,15
R005402,Boston,Boston,2.8533853626063292,5,2,4,0,0,0,3
R005403,Greater NYC,Uptown Manhattan,8.673401432933085,8,3,7,0,0,0,7
R005404,Houston,Houston,3.167135198292531,1,1,1,0,0,0,0
R005405,Greater NYC,Lower Manhattan–North Brooklyn,7.262457514227264,6,4,6,0,0,0,5
R005406,Greater NYC,Uptown Manhattan,19.5023634658986,25,4,21,0,0,0,21
R005407,Ann Arbor,Ann Arbor,20.561380045650303,32,1,3,1,0,0,17
R005408,DMV,DC–Arlington,11.97327119742032,9,2,7,0,0,0,7
R005409,Houston,Houston,61.58202477826341,57,1,9,2,0,0,25
R005410,Greater NYC,Uptown Manhattan,1.8349941434903323,2,2,2,0,0,0,1
R005411,Austin,Austin,2.375794506661959,1,1,1,0,0,0,1
R005412,Houston,Houston,4.474874260042731,6,1,4,0,0,0,3
R005413,Greater NYC,Uptown Manhattan,1.0,1,1,1,0,0,0,1
R005414,Greater NYC,Lower Manhattan–North Brooklyn,2.275659169140054,2,2,2,0,0,0,2
R005415,Boston,Boston,1.0,1,1,1,0,0,0,1
R005416,Greater NYC,Fairfield County,1.0,1,1,1,0,0,0,0
R005417,Southern California,Los Angeles,4.225671575001065,9,4,8,0,0,0,5
R005418,DMV,DC–Arlington,3.06474311612863,3,2,3,0,0,0,1
R005419,Greater NYC,Midtown Manhattan,1.0,2,1,2,0,0,0,2
R005420,Greater NYC,Lower Manhattan–North Brooklyn,2.737241425633899,4,4,4,0,0,0,4
R005421,Greater NYC,Lower Manhattan–North Brooklyn,6.649349305404934,12,5,12,0,0,0,9
R005422,Ann Arbor,Ann Arbor,2.7513990431475603,2,1,1,0,0,0,1
R005423,Greater NYC,Lower Manhattan–North Brooklyn,1.0,0,0,0,0,0,0,0
R005424,Greater NYC,Fairfield County,8.813049314117338,8,2,7,0,0,0,6
R005425,Chicago,Chicago,88.29115129329249,89,2,12,3,0,0,54
R005426,Greater NYC,Westchester,1.0,2,1,2,0,0,0,2
R005427,Greater NYC,Midtown Manhattan,3.430960049770071,5,2,5,0,0,0,5
R005428,Greater NYC,Uptown Manhattan,8.428960762041857,6,4,6,0,0,0,4
R005429,Southern California,Los Angeles,10.730976905117563,12,3,8,0,0,0,6
R005430,Greater NYC,Hudson County,11.897485569984545,10,2,4,0,0,0,6
R005431,Philadelphia,Philadelphia,3.5956428671465797,0,0,0,0,0,0,0
R005432,Greater NYC,Fairfield County,1.0,1,1,1,0,0,0,1
R005433,Southern California,Los Angeles,1.0,0,0,0,0,0,0,0
R005434,South Florida,Miami,2.1610318845598857,1,1,1,0,0,0,1
R005435,DMV,DC–Arlington,4.592071084611721,4,2,3,0,0,0,4
R005436,Greater NYC,Westchester,12.4958536402809,15,2,10,0,0,0,12
R005437,Chicago,Chicago,5.561306897781882,8,2,5,0,0,0,5
R005438,Greater NYC,Uptown Manhattan,2.175723394663374,3,2,3,0,0,0,3
R005439,Seattle,Seattle,17.09979549263072,18,1,7,0,0,0,12
R005440,Houston,Houston,4.361863061144004,5,1,4,0,0,0,4
R005441,Boston,Chestnut Hill,1.0,1,1,1,0,0,0,1
R005442,Greater NYC,Lower Manhattan–North Brooklyn,4.695442852461752,8,5,8,0,0,0,6
R005443,Greater NYC,Lower Manhattan–North Brooklyn,4.719464143193397,4,3,4,0,0,0,4
R005444,Greater NYC,Westchester,75.60783261224255,80,7,33,0,0,0,64
R005445,Greater NYC,Westchester,1.0,3,1,3,0,0,0,3
R005446,DMV,Montgomery County,6.8360736833797215,6,2,5,0,0,0,4
R005447,Southern California,Los Angeles,7.955729749480408,8,3,7,0,0,0,5
R005448,DMV,DC–Arlington,2.5072248141595743,3,2,2,0,0,0,3
R005449,Boston,Chestnut Hill,8.641981692818216,8,1,7,0,0,0,5
R005450,Seattle,Seattle,1.9691081779834707,0,0,0,0,0,0,0
R005451,DMV,DC–Arlington,6.842779446128779,4,2,3,0,0,0,4
R005452,Philadelphia,Main Line,31.490684871830084,38,2,8,1,0,0,22
R005453,Greater NYC,Lower Manhattan–North Brooklyn,1.0128741707066753,1,1,1,0,0,0,1
R005454,Philadelphia,Main Line,19.16935037364088,17,1,6,0,0,0,9
R005455,Greater NYC,Uptown Manhattan,13.19656709756088,12,4,10,0,0,0,11
R005456,Greater NYC,Nassau County,6.484901281442576,8,1,7,0,0,0,6
R005457,DMV,DC–Arlington,16.991226132879447,15,3,12,0,0,0,9
R005458,Northern California,Silicon Valley,4.906396030184732,3,1,2,0,0,0,2
R005459,Houston,Houston,1.0,1,1,1,0,0,0,0
R005460,South Florida,Miami,29.1811817038452,30,2,7,0,0,0,17
R005461,DMV,DC–Arlington,1.1807754892968398,0,0,0,0,0,0,0
R005462,Greater NYC,Lower Manhattan–North Brooklyn,2.191231384687498,1,1,1,0,0,0,1
R005463,Greater NYC,Midtown Manhattan,7.321808023146649,8,4,8,0,0,0,6
R005464,Southern California,Los Angeles,1.5494510339320595,0,0,0,0,0,0,0
R005465,Greater NYC,Midtown Manhattan,4.706812023021369,6,5,5,0,0,0,6
R005466,Northern California,San Francisco,3.3659819440034,3,2,3,0,0,0,1
R005467,Greater NYC,Midtown Manhattan,1.1629422119446606,4,2,3,0,0,0,4
R005468,Greater NYC,Midtown Manhattan,26.08904265282657,31,6,22,0,0,0,28
R005469,Greater NYC,Lower Manhattan–North Brooklyn,2.7784635583999027,6,3,6,0,0,0,5
R005470,Greater NYC,North Jersey,9.45581213497954,5,2,5,0,0,0,5
R005471,Greater NYC,Lower Manhattan–North Brooklyn,5.62216884048681,3,3,3,0,0,0,3
R005472,Greater NYC,Lower Manhattan–North Brooklyn,6.115212362294417,5,3,5,0,0,0,5
R005473,Greater NYC,Midtown Manhattan,20.313416007663267,24,5,16,0,0,0,18
R005474,Atlanta,Atlanta,30.628783761267453,21,1,4,0,0,0,19
R005475,Southern California,Los Angeles,9.670638784571915,11,4,9,0,0,0,9
R005476,Houston,Houston,1.0,1,1,1,0,0,0,1
R005477,Southern California,Los Angeles,1.2608929731483811,0,0,0,0,0,0,0
R005478,Chicago,Chicago,1.78346005389495,0,0,0,0,0,0,0
R005479,South Florida,Miami,1.0,1,1,1,0,0,0,0
R005480,Houston,Houston,23.576162227358076,20,1,9,0,0,0,13
R005481,Boston,Boston,3.770525536745288,7,3,7,0,0,0,5
R005482,Greater NYC,Lower Manhattan–North Brooklyn,2.09443196753082,2,2,2,0,0,0,1
R005483,Dallas,Dallas,3.60119370913418,4,1,3,0,0,0,3
R005484,Greater NYC,Lower Manhattan–North Brooklyn,1.47755062329801,1,1,1,0,0,0,1
R005485,Northern California,San Francisco,1.1032105330564304,1,1,1,0,0,0,1
R005486,Greater NYC,Uptown Manhattan,2.7870049175125677,4,3,3,0,0,0,4
R005487,Southern California,Los Angeles,2.8308447755095605,2,2,2,0,0,0,1
R005488,Greater NYC,Lower Manhattan–North Brooklyn,1.0,0,0,0,0,0,0,0
R005489,Southern California,Pasadena,4.510599924136858,3,1,2,0,0,0,2
R005490,Greater NYC,Uptown Manhattan,4.062546628865432,7,3,7,0,0,0,7
R005491,Greater NYC,Lower Manhattan–North Brooklyn,1.0,2,2,2,0,0,0,2
R005492,Greater NYC,Fairfield County,200.0,169,6,35,2,1,7,116
R005493,Greater NYC,Fairfield County,4.0069091676297495,5,2,4,0,0,0,4
R005494,Greater NYC,Midtown Manhattan,4.381827919540646,7,3,7,0,0,0,7
R005495,DMV,DC–Arlington,2.1967782092186905,2,1,2,0,0,0,2
R005496,Greater NYC,Uptown Manhattan,3.6205010881659545,3,1,3,0,0,0,3
R005497,Greater NYC,Uptown Manhattan,26.97941232134207,24,6,20,0,0,0,16
R005498,Greater NYC,Lower Manhattan–North Brooklyn,1.1173353733570548,2,2,2,0,0,0,2
R005499,Greater NYC,Uptown Manhattan,39.00337511993645,41,6,22,0,0,0,37
R005500,Greater NYC,Uptown Manhattan,4.359738444542975,6,3,6,0,0,0,5
R005501,Greater NYC,North Jersey,27.246254304765113,18,1,8,0,0,0,12
R005502,Greater NYC,Uptown Manhattan,6.7197949941441655,8,2,7,0,0,0,8
R005503,Greater NYC,North Jersey,11.39762450741174,13,3,11,0,0,0,9
R005504,Austin,Austin,12.225518337243503,10,1,7,0,0,0,7
R005505,Greater NYC,Uptown Manhattan,3.4925108925388737,3,3,3,0,0,0,0
R005506,Greater NYC,Lower Manhattan–North Brooklyn,12.469019520776436,15,5,12,0,0,0,14
R005507,Southern California,Pasadena,1.0,0,0,0,0,0,0,0
R005508,Greater NYC,Hudson County,11.447726289744832,18,3,13,0,0,0,12
R005509,Northern California,San Francisco,4.204681147729028,3,2,3,0,0,0,3
R005510,Seattle,Seattle,59.579723945144536,67,1,8,2,1,17,32
R005511,Greater NYC,Midtown Manhattan,35.38306596954913,38,6,22,0,0,0,31
R005512,DMV,DC–Arlington,23.428653652897182,23,3,11,0,0,0,16
R005513,Greater NYC,Hudson County,7.500799606632275,7,2,5,0,0,0,5
R005514,Ann Arbor,Ann Arbor,58.471642062209526,54,1,3,4,0,0,25
R005515,Southern California,Los Angeles,8.69883063442247,8,2,8,0,0,0,8
R005516,Greater NYC,Lower Manhattan–North Brooklyn,62.03127405846467,48,7,30,0,0,0,44
R005517,South Florida,Miami,2.2094012533298395,3,1,3,0,0,0,2
R005518,Greater NYC,Lower Manhattan–North Brooklyn,2.559536054867821,4,4,4,0,0,0,4
R005519,Austin,Austin,1.0,0,0,0,0,0,0,0
R005520,Greater NYC,Hudson County,17.009916773950874,19,3,14,0,0,0,17
R005521,Greater NYC,Fairfield County,5.238051470961868,4,2,4,0,0,0,2
R005522,Boston,Boston,3.142648909464449,3,2,3,0,0,0,2
R005523,Dallas,Dallas,1.0,0,0,0,0,0,0,0
R005524,Austin,Austin,2.0141210337595052,1,1,1,0,0,0,1
R005525,Northern California,Silicon Valley,1.0,1,1,1,0,0,0,1
R005526,Philadelphia,Philadelphia,3.605877908990593,3,1,3,0,0,0,1
R005527,Greater NYC,Westchester,14.366344210242469,22,3,13,0,0,0,14
R005528,Boston,Chestnut Hill,4.218136495726599,4,1,3,0,0,0,1
R005529,Southern California,Los Angeles,13.450172076853304,21,3,12,0,0,0,11
R005530,Chicago,Chicago,7.6210941508004675,6,2,4,0,0,0,6
R005531,Greater NYC,Westchester,58.28706619397987,73,4,20,1,0,0,48
R005532,Seattle,Seattle,10.633233830703626,14,1,6,0,0,0,11
R005533,DMV,DC–Arlington,22.69685962840374,36,4,19,0,0,0,23
R005534,DMV,Montgomery County,2.2391600972075785,2,2,2,0,0,0,1
R005535,Greater NYC,Nassau County,1.0,4,1,3,0,0,0,3
R005536,DMV,DC–Arlington,6.24544887741084,6,4,6,0,0,0,5
R005537,Greater NYC,Fairfield County,1.0,1,1,1,0,0,0,1
R005538,Greater NYC,Midtown Manhattan,7.813542102841145,11,4,10,0,0,0,9
R005539,Northern California,Silicon Valley,19.10268886617139,19,2,11,1,0,0,11
R005540,Philadelphia,Main Line,2.8724204682316783,1,1,1,0,0,0,1
R005541,Greater NYC,Uptown Manhattan,36.53659766181867,26,4,20,0,0,0,23
R005542,Greater NYC,Fairfield County,1.693187397381037,2,1,2,0,0,0,1
R005543,DMV,DC–Arlington,1.914588815015504,3,2,3,0,0,0,3
R005544,DMV,DC–Arlington,4.850480497701448,4,1,3,0,0,0,3
R005545,Dallas,Dallas,4.551307070967172,3,1,3,0,0,0,3
R005546,Greater NYC,Lower Manhattan–North Brooklyn,58.87058325102016,53,6,31,0,0,0,49
R005547,Boston,Boston,1.547582540690855,3,2,3,0,0,0,2
R005548,Seattle,Seattle,39.912288752833895,41,1,8,1,0,0,27
R005549,DMV,DC–Arlington,4.8809171428357985,6,3,4,0,0,0,3
R005550,Greater NYC,Lower Manhattan–North Brooklyn,1.2495662426801328,0,0,0,0,0,0,0
R005551,Greater NYC,Lower Manhattan–North Brooklyn,2.143500520755377,2,2,2,0,0,0,2
R005552,DMV,DC–Arlington,1.804913712244492,1,1,1,0,0,0,0
R005553,Southern California,Los Angeles,14.701167109131594,15,2,11,0,0,0,12
R005554,Dallas,Dallas,1.0,0,0,0,0,0,0,0
R005555,Greater NYC,Lower Manhattan–North Brooklyn,25.15891269933431,22,7,17,0,0,0,17
R005556,DMV,DC–Arlington,1.2627623651270767,0,0,0,0,0,0,0
R005557,Greater NYC,Lower Manhattan–North Brooklyn,14.394679185105034,10,4,9,0,0,0,8
R005558,Southern California,Los Angeles,1.0,2,2,2,0,0,0,0
R005559,South Florida,Miami,4.553094625947237,8,2,7,0,0,0,6
R005560,Atlanta,Atlanta,15.146223685281194,14,1,4,0,0,0,10
R005561,Greater NYC,Lower Manhattan–North Brooklyn,28.398922638447328,33,9,26,0,0,0,28
R005562,Greater NYC,Midtown Manhattan,18.666870292177084,20,5,13,0,0,0,19
R005563,Greater NYC,Midtown Manhattan,2.496837403905461,2,2,2,0,0,0,1
R005564,Boston,Chestnut Hill,21.116460281160276,23,1,8,0,0,0,15
R005565,DMV,DC–Arlington,7.606785138726577,8,2,8,0,0,0,6
R005566,Chicago,Chicago,1.0,0,0,0,0,0,0,0
R005567,Greater NYC,Uptown Manhattan,6.3937766925281325,4,2,4,0,0,0,3
R005568,Greater NYC,North Jersey,1.047470412369499,2,1,2,0,0,0,1
R005569,Southern California,Los Angeles,1.3120904298484002,1,1,1,0,0,0,0
R005570,Seattle,Seattle,3.744458050605085,2,1,2,0,0,0,2
R005571,Boston,Boston,22.27998821092503,29,2,10,0,0,0,20
R005572,Houston,Houston,1.0,1,1,1,0,0,0,0
R005573,Greater NYC,Uptown Manhattan,32.87608810198031,29,3,20,0,0,0,24
R005574,DMV,DC–Arlington,12.161527817256747,14,3,8,0,0,0,9
R005575,Greater NYC,Fairfield County,17.268323328088872,18,4,12,0,0,0,11
R005576,Houston,Houston,2.615871161023076,2,1,2,0,0,0,1
R005577,Boston,Chestnut Hill,5.095726596291199,5,1,5,0,0,0,3
R005578,Boston,Boston,37.04144352647808,30,2,11,0,0,0,21
R005579,Boston,Boston,37.77529057209493,40,3,13,0,0,0,26
R005580,Southern California,Los Angeles,4.338394546909102,3,2,3,0,0,0,2
R005581,Philadelphia,Philadelphia,2.607562634760434,1,1,1,0,0,0,1
R005582,Boston,Chestnut Hill,2.921221363572716,10,2,8,0,0,0,7
R005583,Southern California,Los Angeles,6.875495251232106,5,3,4,0,0,0,3
R005584,Southern California,Los Angeles,1.0,2,2,1,0,0,0,1
R005585,Greater NYC,Lower Manhattan–North Brooklyn,1.011249764211205,3,2,3,0,0,0,2
R005586,Greater NYC,Lower Manhattan–North Brooklyn,6.490142100490877,5,3,5,0,0,0,2
R005587,Southern California,Los Angeles,5.9593987388391785,3,1,3,0,0,0,3
R005588,Greater NYC,Fairfield County,5.292302471303872,7,2,6,0,0,0,5
R005589,Philadelphia,Philadelphia,2.5023294846090214,1,1,1,0,0,0,1
R005590,Greater NYC,Uptown Manhattan,1.1989076960635514,1,1,1,0,0,0,0
R005591,Atlanta,Atlanta,1.0,0,0,0,0,0,0,0
R005592,Greater NYC,Uptown Manhattan,23.466251364831127,26,3,18,0,0,0,23
R005593,Greater NYC,Fairfield County,12.781011983286374,12,6,11,0,0,0,7
R005594,Greater NYC,Fairfield County,6.487654396412654,13,2,12,0,0,0,9
R005595,Southern California,Los Angeles,6.364295191363815,4,3,4,0,0,0,0
R005596,Austin,Austin,3.586259439435868,2,1,2,0,0,0,1
R005597,Boston,Boston,20.06672673552284,25,3,10,0,0,0,18
R005598,Greater NYC,Lower Manhattan–North Brooklyn,8.38191365952646,15,6,14,0,0,0,14
R005599,Greater NYC,Nassau County,7.900883346127159,4,2,4,0,0,0,3
R005600,Greater NYC,Lower Manhattan–North Brooklyn,2.599340351903104,2,2,2,0,0,0,1
R005601,Greater NYC,Uptown Manhattan,1.114497181039056,0,0,0,0,0,0,0
R005602,South Florida,Miami,26.763030002968772,20,2,7,0,0,0,10
R005603,Greater NYC,Lower Manhattan–North Brooklyn,3.4356435853989047,3,2,3,0,0,0,2
R005604,Chicago,Chicago,7.15895875444184,7,2,4,0,0,0,7
R005605,Greater NYC,Fairfield County,9.312212927401466,8,2,7,0,0,0,6
R005606,Greater NYC,Westchester,2.2731295491943473,3,3,3,0,0,0,3
R005607,Greater NYC,Lower Manhattan–North Brooklyn,2.3349123325047048,4,4,4,0,0,0,3
R005608,Seattle,Seattle,1.0217414665596918,1,1,1,0,0,0,1
R005609,Greater NYC,Uptown Manhattan,12.604068357562562,19,3,15,0,0,0,15
R005610,DMV,DC–Arlington,91.76354708169032,94,4,21,4,0,0,59
R005611,Southern California,Los Angeles,2.6248721748693353,5,2,4,0,0,0,3
R005612,DMV,DC–Arlington,26.655803251035714,31,4,14,1,0,0,23
R005613,DMV,Montgomery County,2.527629241031315,5,1,2,0,0,0,3
R005614,Greater NYC,Uptown Manhattan,5.467400607128777,8,3,7,0,0,0,7
R005615,Greater NYC,Lower Manhattan–North Brooklyn,5.58949283595075,3,3,3,0,0,0,2
R005616,Greater NYC,Fairfield County,4.670447674953233,5,3,5,0,0,0,4
R005617,Greater NYC,North Jersey,52.2847843875123,53,3,22,1,0,0,37
R005618,Southern California,Los Angeles,55.78879732841447,43,3,19,0,0,0,25
R005619,Greater NYC,Midtown Manhattan,4.792051272770097,2,2,2,0,0,0,2
R005620,Greater NYC,Hudson County,3.704330480445011,1,1,1,0,0,0,1
R005621,Greater NYC,Nassau County,2.320289619101427,3,2,3,0,0,0,1
R005622,Greater NYC,Uptown Manhattan,1.8221671467521368,1,1,1,0,0,0,1
R005623,Greater NYC,Midtown Manhattan,1.0,1,1,1,0,0,0,1
R005624,South Florida,Miami,1.7888112068307045,2,2,2,0,0,0,2
R005625,DMV,DC–Arlington,27.771980413989127,27,3,12,0,0,0,21
R005626,Northern California,San Francisco,4.603383984521843,3,2,3,0,0,0,2
R005627,Philadelphia,Main Line,31.787061918786247,31,2,8,1,0,0,19
R005628,Dallas,Dallas,1.9862395765199052,5,1,4,0,0,0,5
R005629,Greater NYC,Lower Manhattan–North Brooklyn,1.7916791368212996,0,0,0,0,0,0,0
R005630,Greater NYC,Uptown Manhattan,1.0,0,0,0,0,0,0,0
R005631,Northern California,San Francisco,2.633029158187465,4,1,3,0,0,0,3
R005632,Chicago,Chicago,2.5605098069703636,3,2,2,0,0,0,2
R005633,Greater NYC,Fairfield County,2.8364984639995834,3,1,2,0,0,0,2
R005634,Southern California,Los Angeles,2.449123231066399,2,1,2,0,0,0,1
R005635,DMV,DC–Arlington,22.219644118067865,27,3,15,0,0,0,22
R005636,Greater NYC,Lower Manhattan–North Brooklyn,2.832709588881281,2,2,2,0,0,0,1
R005637,Greater NYC,Uptown Manhattan,18.286408729225883,17,3,14,0,0,0,15
R005638,Greater NYC,Uptown Manhattan,5.353747948940762,8,3,7,0,0,0,6
R005639,Southern California,Los Angeles,3.3777428505211424,2,2,2,0,0,0,1
R005640,Greater NYC,Lower Manhattan–North Brooklyn,6.498635793433943,4,4,4,0,0,0,4
R005641,Philadelphia,Philadelphia,8.423353437109313,12,1,6,0,0,0,9
R005642,Greater NYC,Midtown Manhattan,2.1973437655946686,3,2,3,0,0,0,2
R005643,Greater NYC,Lower Manhattan–North Brooklyn,13.689512810473548,16,7,13,0,0,0,13
R005644,Northern California,San Francisco,37.49744223644017,44,3,20,1,0,0,34
R005645,Dallas,Dallas,14.919962895197637,19,1,7,0,0,0,16
R005646,Greater NYC,Midtown Manhattan,1.0,2,2,2,0,0,0,1
R005647,Greater NYC,Lower Manhattan–North Brooklyn,1.0,0,0,0,0,0,0,0
R005648,Greater NYC,Midtown Manhattan,4.2606368945045805,3,2,3,0,0,0,3
R005649,Greater NYC,Midtown Manhattan,4.173997391366622,5,4,5,0,0,0,5
R005650,Austin,Austin,7.567413279954536,3,1,3,0,0,0,3
R005651,Greater NYC,Uptown Manhattan,20.523967376969324,26,6,20,0,0,0,20
R005652,Greater NYC,Hudson County,10.25728701031268,10,3,9,0,0,0,9
R005653,Greater NYC,Uptown Manhattan,22.246521237813283,29,4,20,0,0,0,20
R005654,Boston,Chestnut Hill,21.1982393003853,19,1,8,0,0,0,12
R005655,Northern California,San Francisco,28.292147367845175,28,3,15,0,0,0,20
R005656,South Florida,Miami,9.292971071654732,7,2,3,0,0,0,5
R005657,Greater NYC,Nassau County,12.354422483528054,16,1,9,0,0,0,11
R005658,Chicago,Chicago,1.0,1,1,1,0,0,0,1
R005659,Greater NYC,Lower Manhattan–North Brooklyn,6.577353486929896,6,4,5,0,0,0,4
R005660,Northern California,San Francisco,2.826746082740263,4,2,4,0,0,0,3
R005661,Greater NYC,Midtown Manhattan,3.249939959023187,3,3,3,0,0,0,3
R005662,Greater NYC,Midtown Manhattan,1.883320678813452,1,1,1,0,0,0,0
R005663,Chicago,Chicago,3.2596843127602315,4,2,4,0,0,0,2
R005664,Greater NYC,Uptown Manhattan,3.687743714631888,8,3,7,0,0,0,8
R005665,Philadelphia,Main Line,2.7703715204147774,0,0,0,0,0,0,0
R005666,Greater NYC,Uptown Manhattan,5.394346504061954,5,2,5,0,0,0,4
R005667,DMV,DC–Arlington,4.2361894936451,1,1,1,0,0,0,1
R005668,Boston,Boston,1.0,1,1,1,0,0,0,1
R005669,Boston,Boston,6.605162355624008,7,3,5,0,0,0,4
R005670,Greater NYC,Lower Manhattan–North Brooklyn,2.7981165747301775,2,1,2,0,0,0,1
R005671,Boston,Boston,1.0,1,1,1,0,0,0,1
R005672,Greater NYC,Midtown Manhattan,1.0,1,1,1,0,0,0,1
R005673,Greater NYC,Nassau County,4.560217814475406,4,2,4,0,0,0,3
R005674,Boston,Boston,33.02738501390435,31,2,12,1,0,0,18
R005675,Greater NYC,Nassau County,2.763312379539708,1,1,1,0,0,0,1
R005676,DMV,DC–Arlington,2.0376733021750715,4,3,4,0,0,0,4
R005677,South Florida,Miami,8.633582944430461,9,2,7,0,0,0,6
R005678,Greater NYC,Midtown Manhattan,2.7263919093238886,3,2,3,0,0,0,1
R005679,Greater NYC,Fairfield County,14.30530307292883,14,4,9,0,0,0,10
R005680,Greater NYC,Uptown Manhattan,57.198210930042194,64,4,32,0,0,0,55
R005681,Southern California,Los Angeles,21.96453089147196,18,3,10,0,0,0,10
R005682,South Florida,Miami,10.613969881965897,9,2,3,0,0,0,6
R005683,Boston,Chestnut Hill,11.675279042471065,10,1,6,0,0,0,6
R005684,Greater NYC,Lower Manhattan–North Brooklyn,6.735538240632897,9,4,8,0,0,0,7
R005685,Greater NYC,Westchester,1.0,2,1,1,0,0,0,2
R005686,Boston,Boston,17.846765491474446,17,2,8,0,0,0,10
R005687,Boston,Chestnut Hill,2.860089401496322,2,1,2,0,0,0,2
R005688,Greater NYC,Lower Manhattan–North Brooklyn,3.251743335636032,3,2,3,0,0,0,3
R005689,South Florida,Miami,3.316064129734516,4,2,3,0,0,0,3
R005690,Greater NYC,Lower Manhattan–North Brooklyn,9.329781832442904,6,6,6,0,0,0,4
R005691,Northern California,San Francisco,2.6695396511439347,3,2,3,0,0,0,2
R005692,Greater NYC,North Jersey,5.67759488188033,5,2,5,0,0,0,1
R005693,Philadelphia,Philadelphia,62.85204742826568,64,2,7,0,0,0,48
R005694,Dallas,Dallas,1.0,0,0,0,0,0,0,0
R005695,Greater NYC,Lower Manhattan–North Brooklyn,10.0535054557212,11,4,8,0,0,0,10
R005696,Greater NYC,Lower Manhattan–North Brooklyn,12.22375738069443,14,5,11,0,0,0,13
R005697,Greater NYC,Uptown Manhattan,2.523098793412929,1,1,1,0,0,0,1
R005698,Greater NYC,Lower Manhattan–North Brooklyn,8.975546722127072,13,6,11,0,0,0,12
R005699,Southern California,Los Angeles,52.02903277750784,57,4,19,0,0,0,30
R005700,Greater NYC,Lower Manhattan–North Brooklyn,6.052454491435683,6,5,6,0,0,0,6
R005701,Chicago,Chicago,74.2310298525596,75,2,12,3,0,0,40
R005702,Southern California,Pasadena,12.0360170751968,20,1,7,0,0,0,10
R005703,DMV,Montgomery County,1.0,0,0,0,0,0,0,0
R005704,Chicago,Chicago,44.32963842839298,43,2,12,0,0,0,24
R005705,Greater NYC,Lower Manhattan–North Brooklyn,3.507368874930497,3,2,3,0,0,0,2
R005706,Greater NYC,Midtown Manhattan,18.104111310294055,25,4,17,0,0,0,22
R005707,Seattle,Seattle,24.21981678617072,35,1,8,0,0,0,25
R005708,Greater NYC,Midtown Manhattan,6.289242084981024,6,4,5,0,0,0,5
R005709,Southern California,Los Angeles,8.017644685927896,8,3,7,0,0,0,6
R005710,Greater NYC,Midtown Manhattan,1.4232692196720755,2,2,2,0,0,0,2
R005711,Greater NYC,Uptown Manhattan,28.420463857846503,25,4,18,0,0,0,22
R005712,Greater NYC,Uptown Manhattan,27.169737438633874,32,5,19,0,0,0,25
R005713,Greater NYC,Lower Manhattan–North Brooklyn,20.084234608924604,26,7,23,0,0,0,23
R005714,Greater NYC,North Jersey,1.0,1,1,1,0,0,0,0
R005715,Greater NYC,Westchester,2.5717422080588257,3,2,3,0,0,0,3
R005716,Philadelphia,Main Line,18.75818408609518,22,2,8,1,0,0,14
R005717,Greater NYC,Midtown Manhattan,7.3011673812943005,3,3,3,0,0,0,3
R005718,Greater NYC,Uptown Manhattan,2.1811575672591044,1,1,1,0,0,0,1
R005719,Greater NYC,Westchester,4.338264166298654,3,1,3,0,0,0,2
R005720,Greater NYC,Lower Manhattan–North Brooklyn,10.981174550525395,9,6,9,0,0,0,9
R005721,Dallas,Dallas,1.7037040642223131,2,1,2,0,0,0,2
R005722,Dallas,Dallas,3.780322049261167,6,1,4,0,0,0,5
R005723,Greater NYC,Fairfield County,3.045200930881537,2,2,2,0,0,0,1
R005724,Greater NYC,Lower Manhattan–North Brooklyn,11.285508681580788,11,4,10,0,0,0,11
R005725,DMV,DC–Arlington,15.512769401170193,18,3,11,0,0,0,13
R005726,Chicago,Chicago,14.892917856130314,15,2,8,0,0,0,12
R005727,Southern California,Los Angeles,13.05591764079612,13,3,9,0,0,0,4
R005728,Greater NYC,North Jersey,3.4275723717353297,4,2,4,0,0,0,3
R005729,Greater NYC,Uptown Manhattan,16.16057860759314,14,3,12,0,0,0,12
R005730,Greater NYC,Lower Manhattan–North Brooklyn,21.879509341877707,27,6,20,0,0,0,19
R005731,Boston,Boston,19.623660562915703,22,2,10,0,0,0,15
R005732,Ann Arbor,Ann Arbor,8.80511029270822,4,1,3,0,0,0,4
R005733,Greater NYC,Uptown Manhattan,1.3965793299116918,1,1,1,0,0,0,1
R005734,South Florida,Miami,1.0277621998159283,0,0,0,0,0,0,0
R005735,Greater NYC,Uptown Manhattan,13.963397492527983,17,4,14,0,0,0,14
R005736,Greater NYC,Midtown Manhattan,27.47581752848871,32,6,27,0,0,0,29
R005737,Greater NYC,Midtown Manhattan,11.573022852624346,9,5,9,0,0,0,7
R005738,Chicago,Chicago,15.327334506376312,8,2,4,0,0,0,5
R005739,Greater NYC,Hudson County,1.0,1,1,1,0,0,0,1
R005740,Greater NYC,Nassau County,2.938136141149582,2,2,2,0,0,0,1
R005741,Northern California,Silicon Valley,24.94463918332597,27,2,16,0,0,0,18
R005742,Atlanta,Atlanta,22.903727918145098,17,1,3,1,0,0,13
R005743,Greater NYC,Uptown Manhattan,14.537146986903068,11,3,9,0,0,0,8
R005744,Greater NYC,Midtown Manhattan,1.4874714540906768,2,2,2,0,0,0,2
R005745,Ann Arbor,Ann Arbor,9.110121977601292,13,1,3,0,0,0,9
R005746,Greater NYC,Midtown Manhattan,12.292625953523888,11,4,9,0,0,0,9
R005747,Greater NYC,Lower Manhattan–North Brooklyn,17.03560023917035,31,8,23,0,0,0,24
R005748,Boston,Boston,23.359501762066124,25,3,13,0,0,0,21
R005749,Northern California,San Francisco,3.8513009276143775,4,2,4,0,0,0,4
R005750,Austin,Austin,10.711101905386723,9,1,6,0,0,0,6
R005751,Greater NYC,Lower Manhattan–North Brooklyn,23.650677266586232,21,6,14,0,0,0,18
R005752,Greater NYC,Uptown Manhattan,1.7353500167641096,4,1,3,0,0,0,3
R005753,Chicago,Chicago,10.026368528710536,7,2,5,0,0,0,6
R005754,Greater NYC,Lower Manhattan–North Brooklyn,9.805891892962268,5,3,5,0,0,0,5
R005755,Northern California,San Francisco,1.5893299768973828,1,1,1,0,0,0,1
R005756,Greater NYC,Lower Manhattan–North Brooklyn,17.70700234552255,22,6,18,0,0,0,19
R005757,Philadelphia,Main Line,12.674642382481784,9,2,6,0,0,0,7
R005758,Boston,Boston,7.540713647643154,8,3,7,0,0,0,6
R005759,DMV,DC–Arlington,1.0212379391206328,2,1,1,0,0,0,1
R005760,Northern California,San Francisco,4.287585149322817,3,2,2,0,0,0,3
R005761,Greater NYC,Lower Manhattan–North Brooklyn,1.0,1,1,1,0,0,0,0
R005762,Greater NYC,Midtown Manhattan,15.105636726452705,11,5,8,0,0,0,10
R005763,Greater NYC,Hudson County,19.92915051165648,24,2,12,1,0,0,15
R005764,Greater NYC,Westchester,15.264442624967057,12,2,9,0,0,0,8
R005765,Southern California,Los Angeles,7.6842072342268,10,3,7,0,0,0,7
R005766,Greater NYC,Midtown Manhattan,7.468494090003512,7,3,6,0,0,0,5
R005767,Greater NYC,Lower Manhattan–North Brooklyn,1.0438509334202744,2,1,2,0,0,0,1
R005768,South Florida,Miami,16.337696729680655,21,2,6,0,0,0,13
R005769,Greater NYC,Uptown Manhattan,1.6029814225176338,3,2,3,0,0,0,3
R005770,Southern California,Pasadena,17.480558821752698,18,1,6,0,0,0,14
R005771,Greater NYC,Lower Manhattan–North Brooklyn,2.177700024530363,1,1,1,0,0,0,1
R005772,Greater NYC,Fairfield County,27.86928112273447,17,4,11,0,0,0,11
R005773,Boston,Boston,1.0,2,2,1,0,0,0,1
R005774,Greater NYC,Uptown Manhattan,93.4585470805512,80,6,33,0,0,0,61
R005775,Atlanta,Atlanta,12.667284820735109,13,1,4,1,0,0,8
R005776,Greater NYC,Midtown Manhattan,93.51362357227296,81,6,34,1,0,0,62
R005777,Houston,Houston,4.6464400180026395,6,1,6,0,0,0,6
R005778,Northern California,Silicon Valley,1.0436639528327083,3,2,3,0,0,0,2
R005779,Greater NYC,Lower Manhattan–North Brooklyn,1.5669298161349192,1,1,1,0,0,0,1
R005780,Greater NYC,Westchester,1.764101990421341,2,1,1,0,0,0,1
R005781,Northern California,San Francisco,5.734909683259598,3,1,2,0,0,0,3
R005782,Greater NYC,Lower Manhattan–North Brooklyn,1.0,1,1,1,0,0,0,1
R005783,Chicago,Chicago,5.3007242645708,4,2,4,0,0,0,4
R005784,Greater NYC,Lower Manhattan–North Brooklyn,6.9548100181959285,8,5,7,0,0,0,8
R005785,DMV,DC–Arlington,12.36896781128534,10,4,8,0,0,0,8
R005786,Philadelphia,Philadelphia,1.0,0,0,0,0,0,0,0
R005787,Greater NYC,Lower Manhattan–North Brooklyn,6.373742924917521,4,3,4,0,0,0,3
R005788,Philadelphia,Main Line,6.595107847148047,5,2,4,0,0,0,2
R005789,Greater NYC,Uptown Manhattan,4.906517039604421,5,3,5,0,0,0,3
R005790,Greater NYC,Lower Manhattan–North Brooklyn,5.23426546419515,2,1,2,0,0,0,2
R005791,Chicago,Chicago,91.27584312599495,86,2,13,2,0,0,60
R005792,Greater NYC,Lower Manhattan–North Brooklyn,4.961136019548602,3,1,3,0,0,0,3
R005793,Northern California,San Francisco,3.6177133260930385,6,2,5,0,0,0,6
R005794,DMV,DC–Arlington,9.631204674913672,9,3,7,0,0,0,4
R005795,Northern California,Marin County,1.652253325951762,1,1,1,0,0,0,0
R005796,Northern California,Marin County,1.4502287813025223,2,1,2,0,0,0,2
R005797,Northern California,Marin County,29.735321623464326,23,2,7,0,0,0,14
R005798,Boston,Chestnut Hill,2.843289284351084,3,2,3,0,0,0,2
R005799,DMV,Montgomery County,9.664327988728,7,2,7,0,0,0,5
R005800,Greater NYC,Lower Manhattan–North Brooklyn,3.2599619002705205,2,2,2,0,0,0,1
R005801,Northern California,San Francisco,1.7479409343142345,0,0,0,0,0,0,0
R005802,DMV,DC–Arlington,4.789213794334952,7,2,6,0,0,0,7
R005803,Greater NYC,Uptown Manhattan,6.9274655977189745,5,2,5,0,0,0,4
R005804,DMV,Montgomery County,4.268091144349484,6,2,5,0,0,0,4
R005805,Boston,Chestnut Hill,2.895406598298339,4,2,4,0,0,0,3
R005806,Atlanta,Atlanta,1.3535216117086215,2,1,2,0,0,0,1
R005807,Greater NYC,Nassau County,1.0,1,1,1,0,0,0,1
R005808,Philadelphia,Philadelphia,22.93028045828785,19,2,9,0,0,0,16
R005809,Greater NYC,Uptown Manhattan,14.6345633937091,11,2,9,0,0,0,10
R005810,Seattle,Seattle,53.70973798976981,81,1,8,3,0,0,50
R005811,Greater NYC,Lower Manhattan–North Brooklyn,6.34350576236322,3,1,3,0,0,0,1
R005812,Greater NYC,Uptown Manhattan,6.844087545282437,7,3,4,0,0,0,6
R005813,Greater NYC,Uptown Manhattan,1.620447351575632,2,1,2,0,0,0,2
R005814,Greater NYC,Nassau County,2.1088367729407356,2,2,2,0,0,0,2
R005815,Southern California,Los Angeles,7.118298088570428,7,3,5,0,0,0,3
R005816,Chicago,Chicago,9.929365375147224,9,2,5,0,0,0,8
R005817,Houston,Houston,23.08383598675214,23,1,9,0,0,0,12
R005818,Southern California,Los Angeles,6.317666189100274,1,1,1,0,0,0,0
R005819,Greater NYC,Midtown Manhattan,32.50460027005909,25,6,20,0,0,0,18
R005820,Greater NYC,Lower Manhattan–North Brooklyn,3.486719935566191,4,4,4,0,0,0,4
R005821,Philadelphia,Philadelphia,31.74699659578699,25,2,8,0,0,0,20
R005822,Austin,Austin,20.18624762045898,24,1,7,1,0,0,17
R005823,Northern California,San Francisco,13.405849486262492,13,2,9,0,0,0,9
R005824,DMV,Montgomery County,1.0,2,1,2,0,0,0,1
R005825,Boston,Boston,6.97107545902266,10,2,6,0,0,0,8
R005826,Greater NYC,Lower Manhattan–North Brooklyn,2.2359549892051422,3,2,3,0,0,0,3
R005827,Greater NYC,Westchester,58.77524491321469,63,3,18,1,0,0,34
R005828,Greater NYC,Fairfield County,1.2538340646504902,1,1,1,0,0,0,0
R005829,Greater NYC,Lower Manhattan–North Brooklyn,7.992045638940003,12,6,11,0,0,0,9
R005830,Greater NYC,Uptown Manhattan,5.6439435101266024,4,3,4,0,0,0,4
R005831,Philadelphia,Philadelphia,1.0,0,0,0,0,0,0,0
R005832,DMV,DC–Arlington,18.798937425306047,16,3,11,0,0,0,14
R005833,South Florida,Miami,4.523193000361002,1,1,1,0,0,0,0
R005834,Greater NYC,Westchester,12.000271076917736,8,3,7,0,0,0,7
R005835,Boston,Chestnut Hill,13.493723533951218,12,3,10,0,0,0,8
R005836,Greater NYC,Lower Manhattan–North Brooklyn,15.549890197830065,16,7,13,0,0,0,10
R005837,Chicago,Chicago,25.959954851491652,27,2,12,0,0,0,19
R005838,Greater NYC,Uptown Manhattan,1.0,1,1,1,0,0,0,1
R005839,Northern California,San Francisco,21.060825494626496,14,2,12,0,0,0,12
R005840,Greater NYC,Lower Manhattan–North Brooklyn,3.220236491398477,4,3,4,0,0,0,4
R005841,DMV,DC–Arlington,3.145043329720746,1,1,1,0,0,0,1
R005842,Greater NYC,Lower Manhattan–North Brooklyn,1.0,0,0,0,0,0,0,0
R005843,Northern California,San Francisco,1.8946610798488872,1,1,1,0,0,0,1
R005844,Greater NYC,Lower Manhattan–North Brooklyn,4.319188642710869,3,3,2,0,0,0,3
R005845,Chicago,Chicago,1.0,2,2,2,0,0,0,0
R005846,DMV,DC–Arlington,1.0,1,1,1,0,0,0,1
R005847,Philadelphia,Main Line,10.64388799966264,11,2,5,0,0,0,7
R005848,Greater NYC,Lower Manhattan–North Brooklyn,3.0066623463983766,0,0,0,0,0,0,0
R005849,Northern California,San Francisco,9.062659579480616,8,2,5,0,0,0,7
R005850,Southern California,Pasadena,1.9750120091042105,1,1,1,0,0,0,1
R005851,Philadelphia,Main Line,2.380567648819351,5,1,3,0,0,0,5
R005852,Chicago,Chicago,3.0226806692202386,2,1,1,0,0,0,1
R005853,Greater NYC,Hudson County,1.0,1,1,1,0,0,0,1
R005854,Boston,Chestnut Hill,1.0,0,0,0,0,0,0,0
R005855,Greater NYC,Lower Manhattan–North Brooklyn,1.0,0,0,0,0,0,0,0
R005856,Chicago,Chicago,1.0,0,0,0,0,0,0,0
R005857,Southern California,Pasadena,1.4765290346003932,3,2,3,0,0,0,3
R005858,Southern California,Los Angeles,1.0,1,1,1,0,0,0,0
R005859,South Florida,Miami,10.735957024808169,7,2,4,0,0,0,5
R005860,South Florida,Miami,7.208069826298235,8,2,6,0,0,0,7
R005861,Greater NYC,Lower Manhattan–North Brooklyn,3.0818147266246,3,3,3,0,0,0,3
R005862,Greater NYC,Lower Manhattan–North Brooklyn,1.3550553692710985,0,0,0,0,0,0,0
R005863,Ann Arbor,Ann Arbor,1.8788101324546287,1,1,1,0,0,0,1
R005864,Greater NYC,Midtown Manhattan,1.0,2,2,2,0,0,0,1
R005865,Philadelphia,Main Line,27.066358023960245,26,1,8,0,0,0,21
R005866,Greater NYC,Midtown Manhattan,1.0,0,0,0,0,0,0,0
R005867,Ann Arbor,Ann Arbor,8.892404083333757,6,1,2,0,0,0,5
R005868,Greater NYC,Midtown Manhattan,5.378696684467304,6,2,5,0,0,0,4
R005869,Boston,Boston,11.155515342641538,10,1,7,0,0,0,7
R005870,DMV,DC–Arlington,1.0,3,2,3,0,0,0,3
R005871,DMV,DC–Arlington,2.97760784467256,2,1,2,0,0,0,1
R005872,Chicago,Chicago,3.725520081922516,1,1,1,0,0,0,0
R005873,Philadelphia,Main Line,1.6115407856119324,1,1,1,0,0,0,0
R005874,Greater NYC,Westchester,28.14711977023566,32,3,20,0,0,0,24
R005875,Southern California,Los Angeles,4.29481891956085,4,2,4,0,0,0,1
R005876,Southern California,Pasadena,8.820867332768813,14,1,4,0,0,0,9
R005877,Austin,Austin,2.5366757638153823,4,1,4,0,0,0,4
R005878,Dallas,Dallas,70.29055574969912,64,1,9,5,0,0,28
R005879,Greater NYC,Fairfield County,5.630341272557149,10,3,10,0,0,0,8
R005880,Greater NYC,Uptown Manhattan,32.102124524772684,32,5,21,0,0,0,26
R005881,Northern California,San Francisco,2.990821471624919,2,1,2,0,0,0,0
R005882,Austin,Austin,10.896335228880922,11,1,5,0,0,0,8
R005883,Boston,Chestnut Hill,12.759230557402612,14,3,9,0,0,0,8
R005884,Chicago,Chicago,37.77250943501194,45,2,12,1,0,0,27
R005885,Southern California,Los Angeles,1.5034274283762687,2,1,2,0,0,0,2
R005886,Northern California,San Francisco,7.489746980095664,13,2,8,0,0,0,11
R005887,DMV,DC–Arlington,7.695915744554014,13,4,9,1,0,0,8
R005888,DMV,Montgomery County,2.5621297393433715,0,0,0,0,0,0,0
R005889,Greater NYC,Midtown Manhattan,9.649447616013775,11,5,10,0,0,0,7
R005890,Greater NYC,Uptown Manhattan,3.0158496918372664,5,3,4,0,0,0,3
R005891,Greater NYC,Lower Manhattan–North Brooklyn,6.728261609193701,5,4,5,0,0,0,4
R005892,Chicago,Chicago,3.932074469741514,2,2,2,0,0,0,2
R005893,Greater NYC,Midtown Manhattan,24.351487667923227,30,7,23,0,0,0,25
R005894,Greater NYC,Uptown Manhattan,14.287066498837198,13,3,10,0,0,0,12
R005895,Greater NYC,Midtown Manhattan,3.0972190459145623,3,3,3,0,0,0,2
R005896,Southern California,Los Angeles,1.0,2,2,2,0,0,0,2
R005897,Boston,Boston,10.787089373729328,10,2,9,0,0,0,5
R005898,DMV,DC–Arlington,1.4815451646244326,2,1,2,0,0,0,2
R005899,Chicago,Chicago,1.2419920048324926,0,0,0,0,0,0,0
R005900,Chicago,Chicago,14.061993677208838,13,2,9,0,0,0,7
R005901,Chicago,Chicago,27.70629971886325,31,2,10,0,0,0,19
R005902,Chicago,Chicago,1.0,0,0,0,0,0,0,0
R005903,Seattle,Seattle,1.0,0,0,0,0,0,0,0
R005904,Boston,Boston,1.0955504272267742,0,0,0,0,0,0,0
R005905,Seattle,Seattle,4.404733446532742,5,1,3,0,0,0,5
R005906,Greater NYC,Lower Manhattan–North Brooklyn,18.891708386714964,26,7,21,0,0,0,21
R005907,Greater NYC,Midtown Manhattan,4.503821691781274,5,3,3,0,0,0,5
R005908,Dallas,Dallas,2.0202720140040644,0,0,0,0,0,0,0
R005909,Greater NYC,Uptown Manhattan,1.1230677787230992,0,0,0,0,0,0,0
R005910,Greater NYC,Midtown Manhattan,1.6516930945259387,2,2,2,0,0,0,0
R005911,Greater NYC,Lower Manhattan–North Brooklyn,2.8619595310452737,0,0,0,0,0,0,0
R005912,Austin,Austin,1.0,1,1,1,0,0,0,1
R005913,Boston,Boston,15.22886525608882,23,2,10,0,0,0,15
R005914,Greater NYC,Uptown Manhattan,1.0,1,1,1,0,0,0,1
R005915,Greater NYC,Nassau County,24.988991528778268,33,2,12,1,0,0,18
R005916,Greater NYC,Uptown Manhattan,7.371212323381474,8,3,7,0,0,0,5
R005917,Seattle,Seattle,14.906777189912656,16,1,7,0,0,0,12
R005918,Northern California,San Francisco,9.006659846649699,8,2,6,0,0,0,6
R005919,Greater NYC,Lower Manhattan–North Brooklyn,2.6093129190770505,3,2,3,0,0,0,3
R005920,Greater NYC,Uptown Manhattan,2.425439638654714,3,3,3,0,0,0,3
R005921,DMV,Montgomery County,1.0,1,1,1,0,0,0,0
R005922,Southern California,Los Angeles,5.6654056785501155,12,4,9,0,0,0,6
R005923,DMV,Montgomery County,2.0408797640298135,4,2,4,0,0,0,3
R005924,Philadelphia,Main Line,8.13622993671154,8,1,5,0,0,0,3
R005925,Greater NYC,Midtown Manhattan,1.358546433975521,1,1,1,0,0,0,1
R005926,DMV,DC–Arlington,4.494894911623327,5,2,5,0,0,0,5
R005927,Austin,Austin,6.79277605351019,10,1,5,0,0,0,6
R005928,South Florida,Miami,29.316005556361652,31,2,7,1,0,0,20
R005929,Austin,Austin,9.35347709115431,10,1,6,0,0,0,7
R005930,Greater NYC,Midtown Manhattan,49.04958966076642,41,6,24,0,0,0,36
R005931,Greater NYC,Uptown Manhattan,4.127361761518376,2,1,2,0,0,0,1
R005932,Greater NYC,Lower Manhattan–North Brooklyn,7.301202038894729,10,4,8,0,0,0,8
R005933,DMV,DC–Arlington,16.605999611670033,18,3,11,0,0,0,16
R005934,Greater NYC,Uptown Manhattan,23.822523675724344,26,3,18,0,0,0,22
R005935,Boston,Boston,15.012354215524809,10,2,6,0,0,0,5
R005936,Greater NYC,Uptown Manhattan,1.3305306810481687,0,0,0,0,0,0,0
R005937,Austin,Austin,2.260966086646357,1,1,1,0,0,0,1
R005938,Greater NYC,Lower Manhattan–North Brooklyn,1.0353105064352943,1,1,1,0,0,0,1
R005939,Northern California,Silicon Valley,50.159145077950875,48,2,16,2,0,0,27
R005940,Seattle,Seattle,5.489433039783174,3,1,2,0,0,0,3
R005941,Greater NYC,Midtown Manhattan,4.769138351305596,6,3,6,0,0,0,5
R005942,Greater NYC,Westchester,21.91266018327309,18,4,13,0,0,0,13
R005943,Greater NYC,North Jersey,6.34044050572583,6,1,4,0,0,0,5
R005944,Seattle,Seattle,2.0295452084319257,4,1,3,0,0,0,3
R005945,Boston,Boston,1.0,0,0,0,0,0,0,0
R005946,Boston,Boston,1.0,0,0,0,0,0,0,0
R005947,Greater NYC,Lower Manhattan–North Brooklyn,8.487477389593044,11,5,11,0,0,0,10
R005948,Greater NYC,Lower Manhattan–North Brooklyn,21.116424213925743,23,8,21,0,0,0,17
R005949,Greater NYC,Uptown Manhattan,3.522764288502505,1,1,1,0,0,0,1
R005950,Northern California,San Francisco,18.66833094392813,21,2,11,0,0,0,14
R005951,Greater NYC,Lower Manhattan–North Brooklyn,14.5809860215505,18,6,14,0,0,0,16
R005952,Chicago,Chicago,8.637595962546271,7,2,5,0,0,0,4
R005953,Greater NYC,Westchester,1.2982255437346888,1,1,1,0,0,0,0
R005954,Chicago,Chicago,2.7594950939947354,5,2,4,0,0,0,3
R005955,South Florida,Miami,6.980826166747929,7,2,4,0,0,0,6
R005956,Greater NYC,Midtown Manhattan,20.279191878503863,16,5,14,0,0,0,15
R005957,Southern California,Los Angeles,31.12964350977886,25,3,14,0,0,0,16
R005958,Greater NYC,Lower Manhattan–North Brooklyn,2.2685339903290287,3,3,2,0,0,0,2
R005959,Houston,Houston,4.052875059696877,4,1,3,0,0,0,2
R005960,Chicago,Chicago,2.2741500240227572,2,2,2,0,0,0,0
R005961,Greater NYC,Lower Manhattan–North Brooklyn,3.5301801946803977,4,3,4,0,0,0,3
R005962,Northern California,San Francisco,1.0,3,2,3,0,0,0,3
R005963,Southern California,Pasadena,1.6019124898292052,0,0,0,0,0,0,0
R005964,Chicago,Chicago,12.948676098904713,12,2,7,0,0,0,10
R005965,Northern California,San Francisco,33.3525018759695,39,4,18,0,0,0,30
R005966,Southern California,Los Angeles,14.474308386391622,13,2,9,0,0,0,10
R005967,Greater NYC,Lower Manhattan–North Brooklyn,11.029762518852504,14,5,10,0,0,0,10
R005968,Greater NYC,Fairfield County,35.304968479312365,35,3,20,0,0,0,28
R005969,Greater NYC,Uptown Manhattan,1.0,0,0,0,0,0,0,0
R005970,DMV,DC–Arlington,6.037748398105373,5,3,5,0,0,0,4
R005971,Northern California,San Francisco,11.133056489157488,15,2,10,0,0,0,9
R005972,Greater NYC,Uptown Manhattan,2.013180493254525,3,2,2,0,0,0,2
R005973,Greater NYC,Midtown Manhattan,1.1177441440854516,1,1,1,0,0,0,1
R005974,Boston,Chestnut Hill,12.506073707688586,13,2,8,0,0,0,11
R005975,Greater NYC,Lower Manhattan–North Brooklyn,6.0532820727125385,5,3,4,0,0,0,5
R005976,Northern California,Silicon Valley,10.90282365190122,13,2,8,0,0,0,11
R005977,Southern California,Pasadena,7.831651594685842,4,1,3,0,0,0,3
R005978,Greater NYC,Lower Manhattan–North Brooklyn,15.837922192873163,19,4,13,0,0,0,17
R005979,Chicago,Chicago,1.0,1,1,1,0,0,0,1
R005980,Dallas,Dallas,1.5290642659435465,4,1,3,0,0,0,3
R005981,Greater NYC,Lower Manhattan–North Brooklyn,3.864757997947909,5,3,5,0,0,0,4
R005982,Southern California,Los Angeles,24.81259302806053,24,3,13,1,0,0,18
R005983,Ann Arbor,Ann Arbor,10.634363732976013,9,1,3,0,0,0,5
R005984,DMV,DC–Arlington,19.185748671537674,13,3,9,0,0,0,11
R005985,Dallas,Dallas,1.099554727908294,1,1,1,0,0,0,0
R005986,Southern California,Pasadena,178.57680681521197,161,2,9,10,3,13,68
R005987,Greater NYC,Uptown Manhattan,12.751780402845878,15,3,13,0,0,0,15
R005988,DMV,DC–Arlington,64.80018519800483,68,3,18,2,0,0,48
R005989,Boston,Boston,5.412657365365113,10,1,5,0,0,0,8
R005990,Houston,Houston,15.405871807938938,18,1,8,0,0,0,7
R005991,Ann Arbor,Ann Arbor,7.630807117045951,11,1,3,0,0,0,7
R005992,Southern California,Los Angeles,36.416948039856514,49,3,19,1,0,0,25
R005993,Southern California,Los Angeles,6.620514986522026,7,2,6,0,0,0,6
R005994,Greater NYC,Lower Manhattan–North Brooklyn,5.225123441819293,4,3,4,0,0,0,4
R005995,Greater NYC,Midtown Manhattan,18.191374287809413,20,5,15,0,0,0,19
R005996,Philadelphia,Philadelphia,26.32262923636728,14,1,6,0,0,0,11
R005997,Greater NYC,Uptown Manhattan,11.783452371799232,10,5,8,0,0,0,10
R005998,Greater NYC,Lower Manhattan–North Brooklyn,12.333718731103469,9,5,8,0,0,0,8
R005999,DMV,DC–Arlington,2.783449244706514,3,2,2,0,0,0,3
R006000,Chicago,Chicago,3.444929626090502,0,0,0,0,0,0,0
R006001,Greater NYC,Lower Manhattan–North Brooklyn,1.0,0,0,0,0,0,0,0
R006002,Greater NYC,Nassau County,38.533201038909695,36,2,15,1,0,0,22
R006003,Southern California,Los Angeles,13.596565459169591,13,2,9,0,0,0,9
R006004,Philadelphia,Philadelphia,2.281741229890667,4,1,3,0,0,0,4
R006005,South Florida,Miami,14.992201144234082,10,2,3,0,0,0,6
R006006,Southern California,Los Angeles,21.875504461716396,24,3,13,0,0,0,14
R006007,Chicago,Chicago,9.03201846435488,12,2,7,0,0,0,9
R006008,Greater NYC,Uptown Manhattan,5.440104736019223,10,2,7,0,0,0,8
R006009,Greater NYC,Lower Manhattan–North Brooklyn,3.697018296900996,3,2,3,0,0,0,3
R006010,Seattle,Seattle,3.7909347587190343,4,1,3,0,0,0,3
R006011,South Florida,Miami,2.4945991276943364,0,0,0,0,0,0,0
R006012,Boston,Boston,4.345698943570847,5,2,4,0,0,0,3
R006013,Seattle,Seattle,2.5450092504355433,0,0,0,0,0,0,0
R006014,Greater NYC,Westchester,6.760983860927218,5,3,5,0,0,0,4
R006015,Greater NYC,Uptown Manhattan,10.807158022643176,9,3,9,0,0,0,8
R006016,Greater NYC,Midtown Manhattan,6.088608952184422,5,3,5,0,0,0,5
R006017,DMV,DC–Arlington,3.209089519296858,1,1,1,0,0,0,0
R006018,Greater NYC,Westchester,1.5981335724306245,0,0,0,0,0,0,0
R006019,Philadelphia,Main Line,9.653200839557796,12,2,5,0,0,0,9
R006020,Southern California,Los Angeles,12.664032148121349,6,3,5,0,0,0,1
R006021,Atlanta,Atlanta,45.378315459554976,46,1,4,3,0,0,28
R006022,Greater NYC,Lower Manhattan–North Brooklyn,1.0421051506044718,0,0,0,0,0,0,0
R006023,Greater NYC,North Jersey,3.0634150284789268,5,2,5,0,0,0,5
R006024,Greater NYC,Midtown Manhattan,5.37372580074145,8,4,8,0,0,0,8
R006025,Greater NYC,Midtown Manhattan,1.8247595928271747,2,1,1,0,0,0,2
R006026,Greater NYC,Nassau County,22.936515187236076,29,1,10,0,0,0,22
R006027,DMV,DC–Arlington,5.877877548734708,7,3,7,0,0,0,6
R006028,DMV,DC–Arlington,3.631086613778549,4,1,3,0,0,0,2
R006029,Greater NYC,Midtown Manhattan,15.879690373325529,16,4,13,0,0,0,14
R006030,Southern California,Los Angeles,9.845499894547604,10,2,6,0,0,0,6
R006031,Northern California,San Francisco,12.364493158023638,9,3,7,0,0,0,9
R006032,Greater NYC,Lower Manhattan–North Brooklyn,3.2687816835376613,2,2,2,0,0,0,1
R006033,Greater NYC,Uptown Manhattan,13.390825504533938,21,5,16,0,0,0,20
R006034,Greater NYC,Midtown Manhattan,1.0,1,1,1,0,0,0,1
R006035,Southern California,Los Angeles,6.9189757226452775,9,2,7,0,0,0,7
R006036,Greater NYC,Lower Manhattan–North Brooklyn,1.8112639040181928,0,0,0,0,0,0,0
R006037,Philadelphia,Philadelphia,1.0,1,1,1,0,0,0,1
R006038,Southern California,Los Angeles,1.5549601831001478,0,0,0,0,0,0,0
R006039,Greater NYC,Lower Manhattan–North Brooklyn,3.652422313772484,3,3,3,0,0,0,3
R006040,Greater NYC,Midtown Manhattan,6.885132785116549,8,4,8,0,0,0,7
R006041,Seattle,Seattle,1.0,2,1,2,0,0,0,2
R006042,Greater NYC,Lower Manhattan–North Brooklyn,15.402421396058832,13,8,13,0,0,0,9
R006043,Philadelphia,Philadelphia,4.0247192416248465,1,1,1,0,0,0,1
R006044,Southern California,Pasadena,1.0701303228792998,1,1,1,0,0,0,1
R006045,Greater NYC,North Jersey,4.441210573482231,4,2,3,0,0,0,4
R006046,Philadelphia,Main Line,27.920397912586125,26,2,9,0,0,0,21
R006047,Northern California,San Francisco,1.9225437514054813,2,2,2,0,0,0,0
R006048,Greater NYC,Westchester,16.56239286899356,14,2,9,0,0,0,12
R006049,Greater NYC,North Jersey,6.07679964945255,8,2,8,0,0,0,6
R006050,Southern California,Los Angeles,15.326998678132838,14,3,9,0,0,0,8
R006051,Greater NYC,Midtown Manhattan,1.0,1,1,1,0,0,0,0
R006052,Boston,Boston,2.9172661990649194,1,1,1,0,0,0,1
R006053,Greater NYC,Lower Manhattan–North Brooklyn,41.87211552796677,43,7,30,0,0,0,33
R006054,Philadelphia,Main Line,1.633286714394097,1,1,1,0,0,0,0
R006055,DMV,DC–Arlington,1.0,1,1,1,0,0,0,1
R006056,South Florida,Miami,3.2367985309531453,1,1,1,0,0,0,1
R006057,Northern California,San Francisco,16.146354213559437,20,2,15,0,0,0,12
R006058,Greater NYC,Midtown Manhattan,200.0,198,13,43,6,2,11,129
R006059,Southern California,Los Angeles,7.078266413272062,6,2,4,0,0,0,3
R006060,Greater NYC,Uptown Manhattan,1.6445614992344122,3,2,3,0,0,0,2
R006061,Greater NYC,Uptown Manhattan,10.184499697645744,9,4,8,0,0,0,5
R006062,Northern California,Silicon Valley,1.3773758381295724,3,1,2,0,0,0,2
R006063,Northern California,Silicon Valley,1.6603919902188986,2,1,2,0,0,0,2
R006064,Greater NYC,Westchester,1.5955925242455338,2,2,2,0,0,0,2
R006065,Greater NYC,Uptown Manhattan,10.59534088076411,15,4,12,0,0,0,12
R006066,Houston,Houston,2.2366761299652427,1,1,1,0,0,0,1
R006067,Greater NYC,Lower Manhattan–North Brooklyn,3.6962543038601927,3,2,3,0,0,0,3
R006068,Austin,Austin,10.388431101916328,14,1,7,0,0,0,11
R006069,Greater NYC,Midtown Manhattan,7.025135163546448,11,3,8,0,0,0,10
R006070,Greater NYC,Uptown Manhattan,2.53270013894613,2,1,1,0,0,0,2
R006071,Greater NYC,Uptown Manhattan,144.208809645637,130,5,34,1,0,0,96
R006072,Philadelphia,Philadelphia,9.812586799642212,6,1,5,0,0,0,5
R006073,Greater NYC,Lower Manhattan–North Brooklyn,4.0137490301064735,4,2,4,0,0,0,2
R006074,DMV,DC–Arlington,2.887827222136247,4,3,4,0,0,0,3
R006075,Dallas,Dallas,16.694117205464828,20,1,8,0,0,0,15
R006076,Greater NYC,Lower Manhattan–North Brooklyn,10.115723996512369,9,5,9,0,0,0,8
R006077,DMV,DC–Arlington,13.106344398835065,12,3,8,0,0,0,10
R006078,Greater NYC,Hudson County,6.9064559957465566,11,1,6,0,0,0,7
R006079,Greater NYC,Uptown Manhattan,1.0,2,2,2,0,0,0,1
R006080,Northern California,Marin County,12.090648690598409,8,3,6,0,0,0,5
R006081,Northern California,Silicon Valley,142.41270412113056,137,2,14,7,1,15,65
R006082,Greater NYC,Lower Manhattan–North Brooklyn,3.1143176642934365,3,3,3,0,0,0,2
R006083,Houston,Houston,3.383463893215333,3,1,2,0,0,0,2
R006084,Houston,Houston,3.2861155169912917,1,1,1,0,0,0,1
R006085,Southern California,Los Angeles,5.211933817957451,1,1,1,0,0,0,0
R006086,Chicago,Chicago,3.226650952790276,1,1,1,0,0,0,1
R006087,Southern California,Los Angeles,69.95333967852922,79,4,17,0,0,0,49
R006088,Greater NYC,Uptown Manhattan,8.348535320901545,4,2,4,0,0,0,3
R006089,Northern California,Silicon Valley,1.711457523023446,1,1,1,0,0,0,1
R006090,Greater NYC,North Jersey,5.659947491640268,5,1,4,0,0,0,3
R006091,Southern California,Pasadena,196.9905965487779,186,4,15,8,2,37,73
R006092,Northern California,Silicon Valley,4.226874267945131,5,1,4,0,0,0,5
R006093,Greater NYC,Lower Manhattan–North Brooklyn,3.043115377584345,4,3,4,0,0,0,4
R006094,Southern California,Los Angeles,17.240165593902514,20,4,12,0,0,0,7
R006095,Ann Arbor,Ann Arbor,3.092303340443062,1,1,1,0,0,0,1
R006096,Greater NYC,Midtown Manhattan,4.913228424304348,5,3,5,0,0,0,4
R006097,Boston,Boston,1.0,2,2,2,0,0,0,1
R006098,Northern California,Silicon Valley,1.0,1,1,1,0,0,0,1
R006099,Atlanta,Atlanta,9.253198749123008,6,1,3,0,0,0,6
R006100,Northern California,San Francisco,55.48691897518704,57,2,15,0,0,0,42
R006101,Greater NYC,Nassau County,8.493672769440296,4,1,2,0,0,0,3
R006102,Southern California,Los Angeles,12.789108079165455,8,3,6,0,0,0,4
R006103,Greater NYC,Midtown Manhattan,18.3277355246099,17,6,13,0,0,0,14
R006104,Atlanta,Atlanta,2.902627906816055,1,1,1,0,0,0,1
R006105,Greater NYC,Lower Manhattan–North Brooklyn,4.031379613198626,3,2,3,0,0,0,3
R006106,Northern California,Silicon Valley,4.264397675685879,5,1,4,0,0,0,3
R006107,DMV,DC–Arlington,5.413143535426987,6,2,5,0,0,0,4
R006108,Greater NYC,Midtown Manhattan,23.41263967599076,20,7,17,0,0,0,17
R006109,Greater NYC,Lower Manhattan–North Brooklyn,6.56482562716656,9,5,9,0,0,0,7
R006110,Greater NYC,Lower Manhattan–North Brooklyn,9.35917885250431,8,5,7,0,0,0,8
R006111,Greater NYC,Uptown Manhattan,5.55277936480488,3,3,3,0,0,0,0
R006112,Greater NYC,Hudson County,7.407893942126341,9,1,6,0,0,0,6
R006113,Northern California,Marin County,34.06167437318872,30,2,12,0,0,0,28
R006114,South Florida,Miami,2.3451024157835434,5,1,4,0,0,0,4
R006115,Philadelphia,Main Line,58.348751095692734,53,2,8,0,0,0,33
R006116,Northern California,San Francisco,3.5638919429036076,3,2,3,0,0,0,2
R006117,Chicago,Chicago,31.9537295720276,32,2,11,1,0,0,23
R006118,Atlanta,Atlanta,1.937259299669657,6,1,4,0,0,0,5
R006119,DMV,Montgomery County,10.659275406528568,8,1,6,0,0,0,8
R006120,Greater NYC,North Jersey,10.897408346813798,11,1,7,0,0,0,6
R006121,Greater NYC,Uptown Manhattan,1.0,0,0,0,0,0,0,0
R006122,Greater NYC,Uptown Manhattan,9.082189151165064,6,2,5,0,0,0,5
R006123,Greater NYC,Midtown Manhattan,7.497565776735376,7,4,7,0,0,0,5
R006124,Greater NYC,Midtown Manhattan,2.1941193918088935,1,1,1,0,0,0,1
R006125,Southern California,Los Angeles,81.222944830237,87,3,18,1,0,0,54
R006126,Greater NYC,Nassau County,5.8829911075575225,9,1,6,0,0,0,7
R006127,DMV,DC–Arlington,15.338669995294683,11,3,8,0,0,0,7
R006128,Boston,Boston,1.0,1,1,1,0,0,0,1
R006129,Greater NYC,Midtown Manhattan,2.3685263719895895,2,2,2,0,0,0,1
R006130,Greater NYC,Nassau County,34.67627717584794,28,3,17,0,0,0,16
R006131,DMV,Montgomery County,34.09111048039973,43,3,18,1,0,0,29
R006132,Atlanta,Atlanta,27.89002410873793,19,1,4,0,0,0,13
R006133,Northern California,San Francisco,40.14371577966832,38,2,17,1,0,0,27
R006134,DMV,DC–Arlington,14.211898606378805,12,3,9,0,0,0,10
R006135,DMV,DC–Arlington,4.706158055907215,8,3,4,0,0,0,6
R006136,South Florida,Miami,3.357929697122251,1,1,1,0,0,0,1
R006137,Greater NYC,Uptown Manhattan,1.0,1,1,1,0,0,0,1
R006138,Greater NYC,Midtown Manhattan,8.023266443623905,13,5,9,0,0,0,10
R006139,Greater NYC,Nassau County,4.994182535593365,9,1,6,0,0,0,6
R006140,Greater NYC,Lower Manhattan–North Brooklyn,7.476503441892898,7,4,7,0,0,0,6
R006141,DMV,Montgomery County,4.020923662731076,2,2,2,0,0,0,2
R006142,Greater NYC,Lower Manhattan–North Brooklyn,9.14798529000734,7,4,6,0,0,0,7
R006143,South Florida,Miami,9.916624851328852,22,2,7,0,0,0,17
R006144,DMV,Montgomery County,1.3606939541090957,2,1,2,0,0,0,1
R006145,Houston,Houston,1.2919593776090703,2,1,2,0,0,0,1
R006146,Greater NYC,North Jersey,2.532729355318351,2,1,2,0,0,0,1
R006147,Greater NYC,Uptown Manhattan,2.1689701465573874,2,2,2,0,0,0,1
R006148,Greater NYC,Lower Manhattan–North Brooklyn,2.7580410917723532,3,3,3,0,0,0,2
R006149,Ann Arbor,Ann Arbor,3.616091328512539,5,1,3,0,0,0,3
R006150,Southern California,Los Angeles,7.918158695205989,10,4,7,0,0,0,1
R006151,South Florida,Miami,38.42473269757143,23,2,7,0,0,0,17
R006152,DMV,DC–Arlington,1.0,0,0,0,0,0,0,0
R006153,DMV,DC–Arlington,5.855154251956689,9,3,7,0,0,0,8
R006154,Greater NYC,Lower Manhattan–North Brooklyn,1.9444409429745573,1,1,1,0,0,0,1
R006155,Greater NYC,Uptown Manhattan,4.217868702883146,5,3,5,0,0,0,4
R006156,Greater NYC,Uptown Manhattan,2.7708877911761864,5,2,5,0,0,0,4
R006157,Boston,Boston,41.09799571431104,30,2,11,1,0,0,18
R006158,Greater NYC,Lower Manhattan–North Brooklyn,6.363359714756928,8,5,7,0,0,0,6
R006159,Chicago,Chicago,2.0152022687423523,1,1,1,0,0,0,1
R006160,Seattle,Seattle,15.15154534637552,13,1,6,0,0,0,13
R006161,Greater NYC,Lower Manhattan–North Brooklyn,2.423811902127316,3,1,3,0,0,0,2
R006162,Northern California,San Francisco,61.51586022550837,56,3,17,0,0,0,41
R006163,DMV,DC–Arlington,1.233354571757036,3,2,3,0,0,0,2
R006164,Greater NYC,Lower Manhattan–North Brooklyn,1.0,0,0,0,0,0,0,0
R006165,DMV,DC–Arlington,6.980480268807958,5,3,4,0,0,0,4
R006166,Greater NYC,Westchester,6.455055484187112,10,2,5,0,0,0,10
R006167,DMV,DC–Arlington,1.0,2,1,2,0,0,0,2
R006168,Northern California,Silicon Valley,1.3436870787687494,0,0,0,0,0,0,0
R006169,Greater NYC,Lower Manhattan–North Brooklyn,10.07949503015111,6,2,4,0,0,0,5
R006170,Northern California,San Francisco,4.5772044481300425,4,2,4,0,0,0,3
R006171,Philadelphia,Philadelphia,16.68313906210854,14,1,7,0,0,0,11
R006172,DMV,DC–Arlington,103.82113054409729,106,3,20,2,0,0,70
R006173,Greater NYC,Uptown Manhattan,5.895990126688132,9,3,9,0,0,0,6
R006174,DMV,DC–Arlington,23.85014293271143,29,3,14,0,0,0,20
R006175,Northern California,Marin County,4.182226111566179,3,2,3,0,0,0,3
R006176,Boston,Boston,4.670701887946666,3,2,3,0,0,0,2
R006177,Greater NYC,Midtown Manhattan,2.707888810012714,4,3,4,0,0,0,3
R006178,Chicago,Chicago,1.0,1,1,1,0,0,0,1
R006179,Southern California,Los Angeles,4.658701595913939,3,3,3,0,0,0,2
R006180,Greater NYC,Lower Manhattan–North Brooklyn,2.009358895960002,3,2,3,0,0,0,3
R006181,Boston,Chestnut Hill,1.4609561094569812,2,2,2,0,0,0,2
R006182,Boston,Boston,8.779009447683258,3,2,3,0,0,0,1
R006183,DMV,DC–Arlington,4.309405011408814,6,3,5,0,0,0,3
R006184,Southern California,Los Angeles,1.0681228711063508,0,0,0,0,0,0,0
R006185,Greater NYC,Midtown Manhattan,13.596062960768684,15,5,12,0,0,0,15
R006186,Greater NYC,Lower Manhattan–North Brooklyn,5.537268575352942,6,3,6,0,0,0,6
R006187,Greater NYC,Uptown Manhattan,1.938484069055128,1,1,1,0,0,0,0
R006188,DMV,DC–Arlington,1.0,0,0,0,0,0,0,0
R006189,Houston,Houston,1.6402847836764742,3,1,3,0,0,0,0
R006190,Northern California,San Francisco,6.589612301960429,7,2,6,0,0,0,6
R006191,Southern California,Los Angeles,6.129368599761184,15,2,9,0,0,0,11
R006192,Greater NYC,Uptown Manhattan,16.190377118399237,12,3,10,0,0,0,8
R006193,DMV,Montgomery County,24.280580723187903,27,1,9,0,0,0,17
R006194,Greater NYC,Uptown Manhattan,8.367050903995308,7,3,6,0,0,0,6
R006195,DMV,DC–Arlington,1.884071645901544,0,0,0,0,0,0,0
R006196,Greater NYC,Uptown Manhattan,3.457011349336647,2,1,2,0,0,0,0
R006197,Greater NYC,Nassau County,4.164548471047771,0,0,0,0,0,0,0
R006198,Greater NYC,Lower Manhattan–North Brooklyn,8.006404617144494,7,6,7,0,0,0,7
R006199,Boston,Boston,7.562469969759162,9,3,7,0,0,0,8
R006200,Chicago,Chicago,3.294017638999366,3,1,3,0,0,0,3
R006201,Dallas,Dallas,7.030533667885637,10,1,5,0,0,0,6
R006202,Northern California,Silicon Valley,29.98192370704989,28,1,11,0,0,0,20
R006203,Greater NYC,Midtown Manhattan,13.695941085656283,14,4,10,0,0,0,12
R006204,Greater NYC,Midtown Manhattan,34.14130703707265,33,5,22,1,0,0,28
R006205,Northern California,Silicon Valley,24.26328983603391,18,3,7,0,0,0,14
R006206,Greater NYC,Lower Manhattan–North Brooklyn,47.536429885051504,43,6,28,0,0,0,36
R006207,DMV,DC–Arlington,1.235251205556701,1,1,1,0,0,0,1
R006208,Southern California,Los Angeles,2.8284385131002603,3,2,3,0,0,0,1
R006209,Greater NYC,Uptown Manhattan,1.754246515272553,1,1,1,0,0,0,0
R006210,Southern California,Los Angeles,3.133156014497275,4,3,4,0,0,0,1
R006211,Greater NYC,Lower Manhattan–North Brooklyn,1.0,0,0,0,0,0,0,0
R006212,Greater NYC,Fairfield County,3.133465894507266,7,1,4,0,0,0,5
R006213,Greater NYC,Uptown Manhattan,2.81088922344152,5,2,4,0,0,0,5
R006214,Southern California,Los Angeles,1.0,0,0,0,0,0,0,0
R006215,Southern California,Pasadena,4.495679679735629,1,1,1,0,0,0,1
R006216,Greater NYC,Uptown Manhattan,1.0,0,0,0,0,0,0,0
R006217,Ann Arbor,Ann Arbor,8.818735837387127,5,1,2,0,0,0,2
R006218,Greater NYC,Uptown Manhattan,1.9336971515745227,2,2,2,0,0,0,1
R006219,Greater NYC,Fairfield County,5.022296294332337,10,2,9,0,0,0,5
R006220,Greater NYC,Uptown Manhattan,19.941255439872343,23,3,16,0,0,0,18
R006221,Greater NYC,Lower Manhattan–North Brooklyn,2.885773267866057,1,1,1,0,0,0,1
R006222,Philadelphia,Philadelphia,2.3227899176862876,3,1,3,0,0,0,3
R006223,Ann Arbor,Ann Arbor,2.4778089828357057,2,1,1,0,0,0,1
R006224,Greater NYC,Lower Manhattan–North Brooklyn,12.59280071755392,15,5,14,0,0,0,11
R006225,Chicago,Chicago,1.9081581817460167,3,1,3,0,0,0,3
R006226,Greater NYC,Uptown Manhattan,41.211154913775545,47,5,26,0,0,0,37
R006227,Greater NYC,Uptown Manhattan,11.61608469471559,14,4,14,0,0,0,10
R006228,DMV,DC–Arlington,1.142351792846517,0,0,0,0,0,0,0
R006229,Greater NYC,Midtown Manhattan,2.888831169147905,4,3,4,0,0,0,4
R006230,Greater NYC,Uptown Manhattan,23.067417879822585,21,7,16,0,0,0,17
R006231,Greater NYC,Lower Manhattan–North Brooklyn,4.691951762259942,4,2,3,0,0,0,4
R006232,Greater NYC,Fairfield County,55.95841917262215,48,3,21,0,0,0,29
R006233,Greater NYC,Midtown Manhattan,13.279074735158408,13,5,10,0,0,0,10
R006234,Boston,Boston,15.649356641554991,18,2,10,0,0,0,10
R006235,Dallas,Dallas,1.1560427079155935,1,1,1,0,0,0,0
R006236,Boston,Boston,1.0,0,0,0,0,0,0,0
R006237,Greater NYC,Fairfield County,35.30308447625098,28,6,19,0,0,0,21
R006238,Houston,Houston,7.918252855007148,4,1,3,0,0,0,3
R006239,Greater NYC,Uptown Manhattan,23.157371068598756,19,6,17,0,0,0,17
R006240,Greater NYC,Uptown Manhattan,12.506122422352483,13,5,12,0,0,0,11
R006241,Greater NYC,North Jersey,5.403534823239133,2,2,2,0,0,0,2
R006242,Greater NYC,Uptown Manhattan,1.0,1,1,1,0,0,0,1
R006243,Greater NYC,Uptown Manhattan,4.28154745638437,3,2,3,0,0,0,2
R006244,Greater NYC,Lower Manhattan–North Brooklyn,12.139948989487708,15,6,11,0,0,0,12
R006245,Greater NYC,Midtown Manhattan,5.584719583614465,2,2,2,0,0,0,2
R006246,Greater NYC,Fairfield County,1.0,2,2,2,0,0,0,2
R006247,Greater NYC,Nassau County,1.029444108821146,2,1,2,0,0,0,2
R006248,Austin,Austin,3.612507945666592,4,1,3,0,0,0,4
R006249,Greater NYC,Uptown Manhattan,4.157094091316138,7,2,6,0,0,0,7
R006250,Greater NYC,Lower Manhattan–North Brooklyn,32.53657324851884,45,7,30,0,0,0,42
R006251,Greater NYC,Nassau County,5.796752299280444,6,3,6,0,0,0,5
R006252,Greater NYC,Lower Manhattan–North Brooklyn,7.31052341309966,3,2,3,0,0,0,3
R006253,Philadelphia,Philadelphia,14.902137863971156,16,2,6,0,0,0,16
R006254,Greater NYC,Nassau County,9.1417395472119,9,3,7,0,0,0,7
R006255,DMV,Montgomery County,4.972361182538471,5,1,3,0,0,0,3
R006256,Greater NYC,Lower Manhattan–North Brooklyn,1.0,3,3,3,0,0,0,2
R006257,Northern California,Silicon Valley,13.206040294949362,15,2,11,0,0,0,11
R006258,Greater NYC,Uptown Manhattan,4.955354491303965,4,2,3,0,0,0,4
R006259,Philadelphia,Main Line,1.1396116302863866,1,1,1,0,0,0,1
R006260,Northern California,Silicon Valley,2.630407066608951,2,1,2,0,0,0,1
R006261,Chicago,Chicago,68.07115935312963,74,2,13,1,0,0,50
R006262,Seattle,Seattle,1.5770743575441255,2,1,1,0,0,0,2
R006263,Greater NYC,Uptown Manhattan,5.366391079424993,3,3,3,0,0,0,2
R006264,Greater NYC,Lower Manhattan–North Brooklyn,27.53328011852907,25,7,19,0,0,0,19
R006265,DMV,DC–Arlington,1.767056437811947,1,1,1,0,0,0,1
R006266,Northern California,San Francisco,9.897325967463594,10,2,8,0,0,0,8
R006267,Austin,Austin,1.77183127773412,2,1,2,0,0,0,2
R006268,Greater NYC,Midtown Manhattan,77.70517243366808,71,6,29,2,0,0,56
R006269,Greater NYC,North Jersey,1.5779355006062692,0,0,0,0,0,0,0
R006270,Greater NYC,Uptown Manhattan,18.140995146582384,24,3,13,0,0,0,19
R006271,Greater NYC,Midtown Manhattan,4.492308073802627,9,3,7,0,0,0,8
R006272,DMV,DC–Arlington,2.366842504692868,1,1,1,0,0,0,1
R006273,Greater NYC,Uptown Manhattan,4.212524014452357,4,3,4,0,0,0,3
R006274,Greater NYC,Westchester,5.5110778883656,3,2,3,0,0,0,1
R006275,Northern California,San Francisco,4.008667775472683,5,3,4,0,0,0,4
R006276,Northern California,Silicon Valley,7.227830368452571,5,3,5,0,0,0,4
R006277,Northern California,San Francisco,1.74791882026044,0,0,0,0,0,0,0
R006278,DMV,DC–Arlington,5.386132952720094,6,2,5,0,0,0,4
R006279,Greater NYC,Midtown Manhattan,5.901820751602124,8,4,7,0,0,0,6
R006280,Greater NYC,Westchester,21.081896388946195,16,3,11,0,0,0,14
R006281,Philadelphia,Main Line,34.5900228972098,29,1,8,0,0,0,21
R006282,Southern California,Los Angeles,1.2274127871955047,1,1,1,0,0,0,1
R006283,Greater NYC,Midtown Manhattan,1.899211626981312,4,3,4,0,0,0,4
R006284,Greater NYC,Westchester,1.0,0,0,0,0,0,0,0
R006285,Greater NYC,Lower Manhattan–North Brooklyn,2.273561652930709,2,1,2,0,0,0,2
R006286,Greater NYC,Lower Manhattan–North Brooklyn,1.3736588377917385,1,1,1,0,0,0,1
R006287,Greater NYC,Midtown Manhattan,2.160026127322128,1,1,1,0,0,0,1
R006288,Greater NYC,Lower Manhattan–North Brooklyn,4.758557192612412,2,2,2,0,0,0,0
R006289,Chicago,Chicago,1.0,0,0,0,0,0,0,0
R006290,Northern California,San Francisco,12.81163961646123,9,2,6,0,0,0,7
R006291,South Florida,Miami,2.8983775805712355,3,2,3,0,0,0,2
R006292,Ann Arbor,Ann Arbor,80.98691373677725,77,1,3,6,0,0,34
R006293,Boston,Boston,11.858940206622162,14,2,7,0,0,0,9
R006294,Greater NYC,Lower Manhattan–North Brooklyn,5.412435591131831,6,3,5,0,0,0,4
R006295,DMV,Montgomery County,8.66376980470937,4,1,2,0,0,0,3
R006296,Greater NYC,Lower Manhattan–North Brooklyn,38.91558617658877,41,6,25,0,0,0,33
R006297,Seattle,Seattle,10.664447406853805,12,1,6,0,0,0,11
R006298,Greater NYC,Westchester,23.606523051261643,23,3,13,0,0,0,16
R006299,Greater NYC,Midtown Manhattan,80.00540627747628,91,10,41,2,0,0,67
R006300,Greater NYC,Westchester,13.909034304110994,13,3,10,0,0,0,8
R006301,Atlanta,Atlanta,7.738870696586503,7,1,3,0,0,0,6
R006302,Greater NYC,Lower Manhattan–North Brooklyn,2.928424518492566,6,3,6,0,0,0,4
R006303,Greater NYC,Midtown Manhattan,8.341366712497644,7,4,7,0,0,0,7
R006304,Philadelphia,Philadelphia,16.891305436153928,15,2,6,0,0,0,10
R006305,Greater NYC,Uptown Manhattan,4.548427820267632,4,3,4,0,0,0,4
R006306,Seattle,Seattle,1.0,1,1,1,0,0,0,1
R006307,DMV,DC–Arlington,1.0576829776560612,2,2,2,0,0,0,1
R006308,Greater NYC,Midtown Manhattan,30.52127169470607,28,7,16,0,0,0,20
R006309,Greater NYC,Lower Manhattan–North Brooklyn,3.983770802132383,3,1,3,0,0,0,2
R006310,Greater NYC,Nassau County,4.759330170144024,7,1,6,0,0,0,7
R006311,Atlanta,Atlanta,14.714505480592187,17,1,3,1,0,0,15
R006312,Greater NYC,Uptown Manhattan,3.0059235115513405,4,2,4,0,0,0,4
R006313,Northern California,Silicon Valley,4.58070380866069,4,2,4,0,0,0,3
R006314,Philadelphia,Main Line,3.3497455797483657,3,2,3,0,0,0,3
R006315,Northern California,San Francisco,3.7684852712139514,4,2,4,0,0,0,3
R006316,Southern California,Los Angeles,1.8249985414236072,1,1,1,0,0,0,1
R006317,South Florida,Miami,1.0991991670013472,3,2,2,0,0,0,2
R006318,Boston,Boston,13.04405791575048,11,2,7,0,0,0,8
R006319,Chicago,Chicago,5.7448959927361605,2,2,2,0,0,0,2
R006320,Southern California,Los Angeles,3.4543481906390454,5,1,4,0,0,0,4
R006321,Greater NYC,Lower Manhattan–North Brooklyn,6.024536883880394,10,6,9,0,0,0,9
R006322,DMV,DC–Arlington,6.146798023802126,4,3,3,0,0,0,4
R006323,Greater NYC,Midtown Manhattan,1.992935585912382,3,2,3,0,0,0,1
R006324,Northern California,Silicon Valley,2.2656805324711953,2,1,2,0,0,0,2
R006325,Boston,Chestnut Hill,12.681675706011998,12,1,8,0,0,0,9
R006326,Greater NYC,Lower Manhattan–North Brooklyn,2.290566825595771,0,0,0,0,0,0,0
R006327,Northern California,San Francisco,2.441231165192525,5,1,3,0,0,0,4
R006328,Greater NYC,Uptown Manhattan,7.313365895033726,6,3,6,0,0,0,6
R006329,DMV,DC–Arlington,24.58182410580823,20,3,11,0,0,0,16
R006330,Greater NYC,Midtown Manhattan,1.293285678674551,1,1,1,0,0,0,1
R006331,Greater NYC,Lower Manhattan–North Brooklyn,9.303572535769677,9,6,9,0,0,0,6
R006332,Greater NYC,Fairfield County,17.537559744534434,18,4,15,0,0,0,16
R006333,Greater NYC,Uptown Manhattan,16.47854496963858,21,5,18,0,0,0,19
R006334,Boston,Chestnut Hill,2.1424257302352534,3,2,3,0,0,0,1
R006335,Greater NYC,Lower Manhattan–North Brooklyn,5.523439609707922,5,4,5,0,0,0,4
R006336,Philadelphia,Main Line,29.8381442875082,33,1,8,0,0,0,23
R006337,Greater NYC,Midtown Manhattan,2.9321648627380266,1,1,1,0,0,0,1
R006338,Chicago,Chicago,13.358211987450495,21,2,9,0,0,0,15
R006339,Northern California,San Francisco,8.860636789135283,10,2,5,0,0,0,8
R006340,Ann Arbor,Ann Arbor,23.31290357589571,24,1,3,0,0,0,14
R006341,Greater NYC,Midtown Manhattan,71.52765688210152,73,4,28,0,0,0,56
R006342,Greater NYC,Lower Manhattan–North Brooklyn,15.97609244427169,15,5,13,0,0,0,14
R006343,Austin,Austin,4.995081616304453,7,1,5,0,0,0,6
R006344,Greater NYC,Fairfield County,1.4114711085238814,0,0,0,0,0,0,0
R006345,Greater NYC,Lower Manhattan–North Brooklyn,1.0,0,0,0,0,0,0,0
R006346,Greater NYC,Westchester,21.063390064877098,25,5,20,0,0,0,21
R006347,Seattle,Seattle,4.542945417380608,1,1,1,0,0,0,0
R006348,Greater NYC,Uptown Manhattan,1.4271911790544962,6,3,6,0,0,0,6
R006349,Greater NYC,Westchester,1.0,1,1,1,0,0,0,1
R006350,Greater NYC,North Jersey,6.134171156130599,6,2,5,0,0,0,4
R006351,Greater NYC,Uptown Manhattan,1.2484898805244873,2,2,2,0,0,0,2
R006352,Northern California,Silicon Valley,1.4641451648845143,0,0,0,0,0,0,0
R006353,Austin,Austin,9.107112455683016,5,1,4,0,0,0,1
R006354,Chicago,Chicago,18.068553957464168,12,2,7,0,0,0,6
R006355,Greater NYC,Lower Manhattan–North Brooklyn,3.154401131940458,0,0,0,0,0,0,0
R006356,Greater NYC,Fairfield County,27.94896115012844,22,4,15,0,0,0,17
R006357,Greater NYC,Lower Manhattan–North Brooklyn,57.460869733610195,59,7,33,0,0,0,45
R006358,Greater NYC,Uptown Manhattan,4.6895656236455165,5,3,5,0,0,0,4
R006359,Greater NYC,Uptown Manhattan,8.616211987505638,6,2,5,0,0,0,6
R006360,Dallas,Dallas,10.716899173857277,18,1,7,0,0,0,12
R006361,Dallas,Dallas,2.864222387849859,5,1,5,0,0,0,3
R006362,Greater NYC,Uptown Manhattan,42.675147459557536,38,3,24,0,0,0,31
R006363,Greater NYC,Fairfield County,5.8628606289149365,8,2,7,0,0,0,4
R006364,Greater NYC,Westchester,1.0,1,1,1,0,0,0,1
R006365,Greater NYC,Lower Manhattan–North Brooklyn,33.16045156027551,40,6,27,0,0,0,34
R006366,Greater NYC,Westchester,17.34786875179166,18,3,12,0,0,0,12
R006367,Atlanta,Atlanta,17.892696887997346,15,1,3,0,0,0,13
R006368,Greater NYC,Nassau County,1.0,3,3,3,0,0,0,3
R006369,Ann Arbor,Ann Arbor,1.1249054806055827,1,1,1,0,0,0,1
R006370,Greater NYC,Westchester,12.72462436560095,16,2,9,0,0,0,11
R006371,Southern California,Los Angeles,1.2325884062795225,1,1,1,0,0,0,1
R006372,Greater NYC,Lower Manhattan–North Brooklyn,6.535765160692239,7,4,7,0,0,0,5
R006373,Greater NYC,Lower Manhattan–North Brooklyn,1.0,1,1,1,0,0,0,1
R006374,Greater NYC,Lower Manhattan–North Brooklyn,24.873439606525004,34,6,23,0,0,0,27
R006375,South Florida,Miami,34.24752743276374,34,2,7,0,0,0,28
R006376,Greater NYC,Lower Manhattan–North Brooklyn,113.72925385101726,123,7,46,1,0,0,95
R006377,Greater NYC,Uptown Manhattan,6.30030169484255,6,4,4,0,0,0,4
R006378,Greater NYC,Uptown Manhattan,1.2590517878403704,0,0,0,0,0,0,0
R006379,DMV,DC–Arlington,5.825103750242242,3,2,3,0,0,0,2
R006380,Greater NYC,Midtown Manhattan,2.4648213197390194,1,1,1,0,0,0,1
R006381,Boston,Boston,2.425377062932018,1,1,1,0,0,0,1
R006382,Philadelphia,Main Line,5.212585054863132,5,1,4,0,0,0,5
R006383,Greater NYC,Fairfield County,170.84075964474704,174,5,40,4,0,0,118
R006384,Seattle,Seattle,1.0,1,1,1,0,0,0,1
R006385,Dallas,Dallas,5.802865063612863,10,1,6,0,0,0,7
R006386,Greater NYC,Lower Manhattan–North Brooklyn,2.348964531359237,4,2,3,0,0,0,4
R006387,Greater NYC,Hudson County,12.825365492173534,18,3,11,0,0,0,12
R006388,Greater NYC,Lower Manhattan–North Brooklyn,4.94551349593887,5,3,5,0,0,0,4
R006389,Greater NYC,Hudson County,4.869014194459651,6,2,5,0,0,0,6
R006390,Chicago,Chicago,20.333943910636368,10,2,7,0,0,0,7
R006391,Northern California,San Francisco,1.0,0,0,0,0,0,0,0
R006392,Greater NYC,North Jersey,36.1616178106326,43,3,16,2,0,0,28
R006393,Northern California,San Francisco,1.0,2,1,2,0,0,0,2
R006394,Northern California,Silicon Valley,32.41745318994272,22,1,8,1,0,0,16
R006395,Greater NYC,Lower Manhattan–North Brooklyn,13.99852788177025,17,6,14,0,0,0,16
R006396,Austin,Austin,3.2570843581691253,2,1,2,0,0,0,1
R006397,DMV,DC–Arlington,17.08169275388165,14,4,8,0,0,0,12
R006398,Greater NYC,Uptown Manhattan,1.2043038508599035,1,1,1,0,0,0,1
R006399,DMV,DC–Arlington,1.0,2,1,2,0,0,0,2
R006400,Greater NYC,Hudson County,24.426976470605553,22,1,9,0,0,0,16
R006401,Philadelphia,Philadelphia,11.12645898846301,8,1,3,0,0,0,6
R006402,Greater NYC,Fairfield County,5.651258641614891,7,3,6,0,0,0,7
R006403,Dallas,Dallas,3.0609031464916563,3,1,3,0,0,0,3
R006404,Greater NYC,Midtown Manhattan,1.0,1,1,1,0,0,0,0
R006405,Northern California,Silicon Valley,1.6287243695196556,2,2,2,0,0,0,2
R006406,DMV,DC–Arlington,21.349624306003477,14,3,9,0,0,0,12
R006407,South Florida,Miami,1.0,2,1,2,0,0,0,2
R006408,Greater NYC,Lower Manhattan–North Brooklyn,25.096928859304136,24,6,19,0,0,0,18
R006409,DMV,DC–Arlington,5.387247879122244,5,2,5,0,0,0,4
R006410,Austin,Austin,26.10946041229847,23,1,7,0,0,0,11
R006411,Southern California,Pasadena,12.71664351458012,12,1,7,0,0,0,7
R006412,Greater NYC,Lower Manhattan–North Brooklyn,5.364927870373755,6,3,6,0,0,0,5
R006413,Northern California,San Francisco,8.741767011169692,11,2,8,0,0,0,9
R006414,Greater NYC,Lower Manhattan–North Brooklyn,26.585947052136515,16,7,14,0,0,0,13
R006415,Southern California,Los Angeles,4.135870562108707,4,3,3,0,0,0,2
R006416,Greater NYC,Midtown Manhattan,3.342548320411236,3,2,2,0,0,0,3
R006417,Greater NYC,Fairfield County,2.9535203498606455,0,0,0,0,0,0,0
R006418,Northern California,San Francisco,31.83107862021651,41,2,15,0,0,0,29
R006419,Greater NYC,Uptown Manhattan,3.6347718405638383,3,2,3,0,0,0,3
R006420,Boston,Boston,4.505746981091876,6,1,4,0,0,0,4
R006421,Northern California,San Francisco,1.8267301967751215,2,2,2,0,0,0,2
R006422,Dallas,Dallas,10.134525535993914,6,1,5,0,0,0,4
R006423,Greater NYC,Fairfield County,8.692583719511543,9,2,7,0,0,0,7
R006424,Northern California,San Francisco,1.961224482975069,2,2,2,0,0,0,1
R006425,Seattle,Seattle,2.043569772171135,2,1,2,0,0,0,2
R006426,Boston,Boston,1.0930271866895231,0,0,0,0,0,0,0
R006427,Greater NYC,Lower Manhattan–North Brooklyn,2.123018321386248,1,1,1,0,0,0,1
R006428,Greater NYC,Lower Manhattan–North Brooklyn,3.679349776584467,5,3,4,0,0,0,5
R006429,Greater NYC,Nassau County,13.388098366562042,13,2,10,0,0,0,12
R006430,Greater NYC,Uptown Manhattan,7.436359362392429,4,1,4,0,0,0,3
R006431,Philadelphia,Philadelphia,2.559228064244461,3,1,3,0,0,0,2
R006432,Greater NYC,Fairfield County,6.083797232503746,6,1,4,0,0,0,3
R006433,Greater NYC,Fairfield County,1.0,0,0,0,0,0,0,0
R006434,Greater NYC,Westchester,2.795685235345323,2,1,2,0,0,0,2
R006435,Greater NYC,Uptown Manhattan,4.147235582116986,8,4,8,0,0,0,6
R006436,Greater NYC,Lower Manhattan–North Brooklyn,1.429140310810996,0,0,0,0,0,0,0
R006437,Dallas,Dallas,8.317099448765541,3,1,3,0,0,0,3
R006438,Greater NYC,Uptown Manhattan,7.788366579438324,9,5,9,0,0,0,6
R006439,Boston,Boston,16.82966238470574,11,1,6,0,0,0,7
R006440,Greater NYC,Midtown Manhattan,12.172006955916595,14,5,12,0,0,0,11
R006441,Greater NYC,Lower Manhattan–North Brooklyn,2.312131004710358,3,3,3,0,0,0,3
R006442,South Florida,Miami,2.0250110479496164,1,1,1,0,0,0,1
R006443,Greater NYC,Midtown Manhattan,4.4174817797008625,1,1,1,0,0,0,1
R006444,Ann Arbor,Ann Arbor,2.593754452819949,1,1,1,0,0,0,1
R006445,Northern California,San Francisco,11.153620158571792,12,3,10,0,0,0,9
R006446,Greater NYC,Lower Manhattan–North Brooklyn,3.1150316688861945,1,1,1,0,0,0,1
R006447,DMV,DC–Arlington,1.3514466024634957,1,1,1,0,0,0,1
R006448,Greater NYC,Uptown Manhattan,2.9192720296562116,0,0,0,0,0,0,0
R006449,Greater NYC,Lower Manhattan–North Brooklyn,1.4231850724358384,1,1,1,0,0,0,0
R006450,Northern California,Silicon Valley,1.0,2,1,2,0,0,0,2
R006451,Chicago,Chicago,1.0,2,1,2,0,0,0,2
R006452,South Florida,Miami,3.0440214647377135,3,2,2,0,0,0,2
R006453,South Florida,Miami,6.00188813082759,7,2,6,0,0,0,6
R006454,Northern California,Marin County,3.8494491134356377,4,1,2,0,0,0,3
R006455,Chicago,Chicago,10.74952578452096,11,2,9,0,0,0,7
R006456,Northern California,Silicon Valley,1.0,1,1,1,0,0,0,1
R006457,Northern California,Silicon Valley,1.0280079156757136,0,0,0,0,0,0,0
R006458,Northern California,Marin County,6.797201848155408,8,2,6,0,0,0,3
R006459,Greater NYC,Uptown Manhattan,6.735466853698429,5,1,4,0,0,0,4
R006460,Greater NYC,Midtown Manhattan,1.0,1,1,1,0,0,0,1
R006461,Greater NYC,Uptown Manhattan,1.7591342904354088,1,1,1,0,0,0,1
R006462,Atlanta,Atlanta,1.0,1,1,1,0,0,0,1
R006463,Greater NYC,Westchester,2.961782454222418,4,3,4,0,0,0,4
R006464,DMV,DC–Arlington,54.065509391571766,55,3,20,1,0,0,37
R006465,Greater NYC,Hudson County,5.268261076696764,7,1,6,0,0,0,3
R006466,Houston,Houston,8.884754828749514,6,1,4,0,0,0,5
R006467,Greater NYC,Lower Manhattan–North Brooklyn,2.6018244664567245,4,2,3,0,0,0,3
R006468,Northern California,Silicon Valley,1.0,1,1,1,0,0,0,1
R006469,Greater NYC,Uptown Manhattan,15.403922885173374,17,3,12,0,0,0,16
R006470,Greater NYC,Nassau County,1.0,0,0,0,0,0,0,0
R006471,DMV,Montgomery County,1.0,3,2,3,0,0,0,2
R006472,Ann Arbor,Ann Arbor,1.6333765560367193,3,1,3,0,0,0,2
R006473,Greater NYC,Midtown Manhattan,5.171644944169536,3,2,3,0,0,0,3
R006474,Southern California,Pasadena,1.0,0,0,0,0,0,0,0
R006475,Seattle,Seattle,2.843110374396205,2,1,2,0,0,0,1
R006476,Greater NYC,Westchester,31.565270888903523,30,3,18,0,0,0,20
R006477,Greater NYC,North Jersey,85.55429852900063,82,2,14,4,1,2,40
R006478,Southern California,Los Angeles,3.207568584207506,4,2,4,0,0,0,1
R006479,Chicago,Chicago,4.435013771820466,4,2,4,0,0,0,2
R006480,Greater NYC,Midtown Manhattan,9.745101366938435,8,3,7,0,0,0,8
R006481,Greater NYC,Uptown Manhattan,4.953498148346435,7,3,7,0,0,0,6
R006482,Greater NYC,Midtown Manhattan,2.995533646475047,3,2,2,0,0,0,3
R006483,Atlanta,Atlanta,8.516336420571404,9,1,4,0,0,0,6
R006484,Greater NYC,Lower Manhattan–North Brooklyn,1.0690385846590045,2,2,2,0,0,0,1
R006485,South Florida,Miami,4.87178470896598,7,2,4,0,0,0,7
R006486,Philadelphia,Philadelphia,1.0,0,0,0,0,0,0,0
R006487,Greater NYC,Westchester,1.0,1,1,1,0,0,0,1
R006488,Greater NYC,Midtown Manhattan,1.0,0,0,0,0,0,0,0
R006489,Greater NYC,Uptown Manhattan,5.159843079175938,5,3,5,0,0,0,4
R006490,Greater NYC,Uptown Manhattan,3.903656910728254,6,3,6,0,0,0,6
R006491,Chicago,Chicago,31.00058878165145,31,2,12,0,0,0,24
R006492,Greater NYC,Midtown Manhattan,2.8351254340098,1,1,1,0,0,0,1
R006493,Greater NYC,Westchester,4.116925185671129,5,2,4,0,0,0,3
R006494,Northern California,Silicon Valley,3.2234326555188204,1,1,1,0,0,0,1
R006495,Northern California,San Francisco,3.715588635711748,2,2,2,0,0,0,0
R006496,Boston,Boston,5.967645643626838,7,3,5,0,0,0,5
R006497,DMV,DC–Arlington,13.483698198882571,10,3,8,0,0,0,9
R006498,DMV,Montgomery County,2.1692216942201723,4,2,3,0,0,0,2
R006499,Greater NYC,Fairfield County,21.04335392853147,24,6,15,0,0,0,19
R006500,DMV,Montgomery County,6.00327342215892,5,1,4,0,0,0,4
R006501,Boston,Boston,38.232619030059126,42,2,10,1,0,0,24
R006502,Greater NYC,Lower Manhattan–North Brooklyn,7.077405862309031,5,3,5,0,0,0,4
R006503,Greater NYC,North Jersey,148.58336352573235,144,4,17,9,2,20,55
R006504,Chicago,Chicago,1.709496996341508,4,2,4,0,0,0,2
R006505,Greater NYC,Nassau County,8.605816339329417,11,4,10,0,0,0,9
R006506,Boston,Boston,2.672390096905437,3,2,3,0,0,0,3
R006507,Philadelphia,Main Line,42.03055394624962,48,2,8,2,1,1,28
R006508,Northern California,San Francisco,74.3634483698314,77,3,19,3,1,0,51
R006509,Boston,Boston,11.551900296361335,6,2,6,0,0,0,5
R006510,Greater NYC,Lower Manhattan–North Brooklyn,20.580143046647297,25,7,21,0,0,0,18
R006511,Greater NYC,Westchester,3.0398993891157255,1,1,1,0,0,0,0
R006512,Greater NYC,Lower Manhattan–North Brooklyn,1.0,1,1,1,0,0,0,0
R006513,Greater NYC,Midtown Manhattan,6.783754166096922,10,4,9,0,0,0,8
R006514,Greater NYC,Midtown Manhattan,14.011164593602542,9,5,9,0,0,0,7
R006515,South Florida,Miami,7.178542783572596,7,2,5,0,0,0,7
R006516,DMV,DC–Arlington,5.913811622559307,4,2,4,0,0,0,3
R006517,Southern California,Los Angeles,4.023473269719528,2,2,2,0,0,0,0
R006518,Northern California,San Francisco,38.3644197896142,36,3,13,1,0,0,25
R006519,Greater NYC,Lower Manhattan–North Brooklyn,2.005890551484159,0,0,0,0,0,0,0
R006520,Greater NYC,Lower Manhattan–North Brooklyn,1.0,1,1,1,0,0,0,1
R006521,Greater NYC,Hudson County,8.227783340221164,14,1,7,0,0,0,8
R006522,Greater NYC,Lower Manhattan–North Brooklyn,3.758550057125312,2,1,2,0,0,0,2
R006523,DMV,DC–Arlington,9.133610447604855,7,2,5,0,0,0,6
R006524,Greater NYC,Midtown Manhattan,8.07231997460472,3,2,3,0,0,0,2
R006525,Seattle,Seattle,3.369646067345718,3,1,3,0,0,0,3
R006526,Greater NYC,Midtown Manhattan,3.0444866244436377,7,4,6,0,0,0,7
R006527,Atlanta,Atlanta,1.4135215949181943,0,0,0,0,0,0,0
R006528,Greater NYC,Lower Manhattan–North Brooklyn,1.0,0,0,0,0,0,0,0
R006529,Greater NYC,Lower Manhattan–North Brooklyn,2.75360536818139,2,2,2,0,0,0,2
R006530,Greater NYC,Lower Manhattan–North Brooklyn,2.065450822654692,0,0,0,0,0,0,0
R006531,Greater NYC,Lower Manhattan–North Brooklyn,12.983587051975602,19,7,14,0,0,0,15
R006532,Northern California,Marin County,4.412408750674815,10,2,6,0,0,0,7
R006533,DMV,DC–Arlington,3.4589391948886425,5,3,5,0,0,0,4
R006534,DMV,Montgomery County,12.561436442800408,9,1,4,0,0,0,6
R006535,DMV,DC–Arlington,13.682597161534565,21,3,12,0,0,0,16
R006536,DMV,Montgomery County,1.9111664007125373,1,1,1,0,0,0,0
R006537,Greater NYC,Midtown Manhattan,1.0,1,1,1,0,0,0,1
R006538,Houston,Houston,1.0661785514976647,0,0,0,0,0,0,0
R006539,Chicago,Chicago,9.39088393843221,3,2,2,0,0,0,3
R006540,Northern California,San Francisco,2.3064452568212217,2,2,2,0,0,0,0
R006541,South Florida,Miami,4.468661987100212,1,1,1,0,0,0,1
R006542,Chicago,Chicago,3.0660797577145473,1,1,1,0,0,0,1
R006543,Greater NYC,Uptown Manhattan,28.74014473335395,38,3,23,0,0,0,29
R006544,Chicago,Chicago,1.2915738799720344,1,1,1,0,0,0,1
R006545,Philadelphia,Main Line,4.490706360822382,5,2,2,0,0,0,5
R006546,Greater NYC,Lower Manhattan–North Brooklyn,1.8131568127111457,2,2,2,0,0,0,0
R006547,Dallas,Dallas,2.88331715881651,6,1,3,0,0,0,5
R006548,Greater NYC,Westchester,8.099288257257998,5,2,5,0,0,0,2
R006549,Southern California,Los Angeles,1.0455979782877571,2,2,2,0,0,0,1
R006550,Boston,Chestnut Hill,1.0,3,1,3,0,0,0,3
R006551,Boston,Chestnut Hill,9.692229848387443,10,1,7,0,0,0,8
R006552,Greater NYC,Uptown Manhattan,1.2352634611148463,1,1,1,0,0,0,0
R006553,Greater NYC,Lower Manhattan–North Brooklyn,8.088686896959333,3,2,3,0,0,0,2
R006554,South Florida,Miami,4.406125273330362,1,1,1,0,0,0,1
R006555,Southern California,Pasadena,2.3811298540451937,1,1,1,0,0,0,1
R006556,Greater NYC,Midtown Manhattan,2.479943164047081,1,1,1,0,0,0,1
R006557,Greater NYC,North Jersey,1.2029983600940732,1,1,1,0,0,0,0
R006558,Dallas,Dallas,6.247301954019613,7,1,6,0,0,0,5
R006559,Greater NYC,Uptown Manhattan,3.5831307249642346,6,5,6,0,0,0,5
R006560,Northern California,San Francisco,7.947114531227428,7,2,4,0,0,0,6
R006561,DMV,DC–Arlington,4.7347909968228485,4,2,4,0,0,0,2
R006562,DMV,DC–Arlington,1.0,0,0,0,0,0,0,0
R006563,DMV,DC–Arlington,2.423435246336665,5,3,5,0,0,0,5
R006564,Greater NYC,Uptown Manhattan,7.501249585397718,8,4,7,0,0,0,7
R006565,Greater NYC,Westchester,1.0,1,1,1,0,0,0,0
R006566,Seattle,Seattle,11.221482964165997,19,1,7,0,0,0,14
R006567,Atlanta,Atlanta,4.922275250880595,2,1,2,0,0,0,2
R006568,South Florida,Miami,1.8381272641713364,2,1,2,0,0,0,1
R006569,Boston,Boston,6.048462375160434,7,3,5,0,0,0,6
R006570,Greater NYC,Uptown Manhattan,36.56734555574767,55,5,29,1,0,0,40
R006571,Southern California,Pasadena,7.076390864642467,6,2,4,0,0,0,3
R006572,Greater NYC,Uptown Manhattan,4.781835935778524,6,2,5,0,0,0,5
R006573,Northern California,Silicon Valley,1.3074373865439526,3,1,1,0,0,0,2
R006574,Greater NYC,Uptown Manhattan,21.272319111360616,25,2,16,0,0,0,23
R006575,Northern California,Silicon Valley,1.7764679751082286,2,2,2,0,0,0,1
R006576,Northern California,San Francisco,3.9194251565312497,2,2,2,0,0,0,2
R006577,Northern California,San Francisco,10.025642176895325,6,2,4,0,0,0,6
R006578,Northern California,San Francisco,7.10772199735641,8,2,6,0,0,0,6
R006579,Greater NYC,Uptown Manhattan,1.0,3,2,3,0,0,0,3
R006580,DMV,Montgomery County,8.399462260647514,12,1,7,0,0,0,7
R006581,Boston,Boston,1.1592344782470652,1,1,1,0,0,0,0
R006582,Southern California,Los Angeles,1.0,1,1,1,0,0,0,0
R006583,Greater NYC,Fairfield County,53.2406361654601,64,4,21,1,0,0,41
R006584,Boston,Boston,2.1372855030977016,1,1,1,0,0,0,1
R006585,Chicago,Chicago,3.1341234197600336,3,2,3,0,0,0,2
R006586,Greater NYC,Lower Manhattan–North Brooklyn,1.0632405955896451,0,0,0,0,0,0,0
R006587,Greater NYC,Lower Manhattan–North Brooklyn,7.567930842479165,4,4,4,0,0,0,2
R006588,Greater NYC,Uptown Manhattan,14.241048466191597,11,3,9,0,0,0,8
R006589,Chicago,Chicago,2.7533999925272696,3,2,3,0,0,0,2
R006590,Southern California,Pasadena,22.85057800875451,26,2,12,0,0,0,17
R006591,Boston,Boston,14.248243533461578,10,2,6,0,0,0,6
R006592,Greater NYC,Lower Manhattan–North Brooklyn,10.490512107405731,8,5,7,0,0,0,7
R006593,Greater NYC,Hudson County,25.281397574817596,27,1,10,0,0,0,17
R006594,Chicago,Chicago,16.048734355885617,12,2,7,0,0,0,11
R006595,DMV,DC–Arlington,37.49127075035206,33,3,14,0,0,0,25
R006596,Houston,Houston,1.4238535690736682,2,1,2,0,0,0,1
R006597,Greater NYC,Lower Manhattan–North Brooklyn,2.7811478000931267,4,3,4,0,0,0,3
R006598,Greater NYC,Lower Manhattan–North Brooklyn,1.941405322269484,2,2,2,0,0,0,2
R006599,Greater NYC,Westchester,1.4153051126099232,0,0,0,0,0,0,0
R006600,Greater NYC,Uptown Manhattan,8.47254283116181,10,2,10,0,0,0,8
R006601,Southern California,Los Angeles,32.338045010424594,25,3,12,0,0,0,17
R006602,Philadelphia,Main Line,4.664332991110359,5,2,3,0,0,0,5
R006603,DMV,DC–Arlington,4.4891942503220585,6,1,6,0,0,0,5
R006604,Greater NYC,Lower Manhattan–North Brooklyn,15.447458388358342,14,6,10,0,0,0,13
R006605,Boston,Chestnut Hill,9.255512558444387,9,2,8,0,0,0,7
R006606,Boston,Boston,1.0,1,1,1,0,0,0,1
R006607,Greater NYC,Midtown Manhattan,1.0,0,0,0,0,0,0,0
R006608,Greater NYC,Lower Manhattan–North Brooklyn,1.7497665181415,2,2,2,0,0,0,2
R006609,Greater NYC,Midtown Manhattan,26.572450639562724,27,6,22,0,0,0,20
R006610,Seattle,Seattle,25.00093932804527,26,1,8,0,0,0,14
R006611,Greater NYC,Lower Manhattan–North Brooklyn,7.553421043523292,9,5,8,0,0,0,9
R006612,Greater NYC,Uptown Manhattan,2.972951454362665,4,2,4,0,0,0,4
R006613,Houston,Houston,1.4161288368557423,4,1,4,0,0,0,2
R006614,Dallas,Dallas,7.26354281333884,8,1,5,1,0,0,6
R006615,Southern California,Los Angeles,4.378069956174268,8,2,7,0,0,0,5
R006616,DMV,DC–Arlington,31.766372869491832,21,3,14,0,0,0,12
R006617,Philadelphia,Main Line,6.6879546565476975,4,2,3,0,0,0,4
R006618,Boston,Chestnut Hill,5.051762459053815,6,1,5,0,0,0,5
R006619,Southern California,Pasadena,2.8635751201139317,3,2,3,0,0,0,3
R006620,Greater NYC,Lower Manhattan–North Brooklyn,1.0,0,0,0,0,0,0,0
R006621,Greater NYC,Lower Manhattan–North Brooklyn,27.91027952186844,35,7,28,0,0,0,31
R006622,Greater NYC,Fairfield County,1.0,0,0,0,0,0,0,0
R006623,Greater NYC,Fairfield County,1.0,3,1,3,0,0,0,2
R006624,Greater NYC,Midtown Manhattan,1.0,0,0,0,0,0,0,0
R006625,Southern California,Pasadena,3.8905243150842135,6,1,5,0,0,0,4
R006626,Greater NYC,Uptown Manhattan,52.87508233639842,37,4,25,0,0,0,34
R006627,DMV,DC–Arlington,7.673449950799289,8,3,5,0,0,0,6
R006628,Seattle,Seattle,7.487432574402882,7,1,5,0,0,0,6
R006629,Northern California,San Francisco,14.99524142090674,17,3,13,0,0,0,13
R006630,Northern California,Silicon Valley,18.59829001507957,16,3,11,0,0,0,13
R006631,Atlanta,Atlanta,3.1264422310504347,5,1,3,0,0,0,4
R006632,Greater NYC,Uptown Manhattan,20.34142340446594,19,5,16,0,0,0,13
R006633,Seattle,Seattle,4.686315365834793,4,1,2,0,0,0,2
R006634,Greater NYC,Uptown Manhattan,1.0,3,3,3,0,0,0,2
R006635,DMV,DC–Arlington,9.096607568300469,14,3,9,0,0,0,10
R006636,Northern California,Silicon Valley,49.398579197181725,49,1,12,0,0,0,33
R006637,Greater NYC,Uptown Manhattan,1.0,3,1,3,0,0,0,3
R006638,Greater NYC,Uptown Manhattan,6.756445381382307,4,2,4,0,0,0,3
R006639,Southern California,Los Angeles,9.090222271311871,11,3,10,0,0,0,8
R006640,South Florida,Miami,7.992667042138827,9,1,5,0,0,0,5
R006641,Greater NYC,Lower Manhattan–North Brooklyn,10.363620482667145,12,6,11,0,0,0,11
R006642,South Florida,Miami,3.987919640026573,6,2,5,0,0,0,5
R006643,Greater NYC,Lower Manhattan–North Brooklyn,1.0,0,0,0,0,0,0,0
R006644,South Florida,Miami,1.440350015598017,0,0,0,0,0,0,0
R006645,Greater NYC,Lower Manhattan–North Brooklyn,9.481975087657831,11,4,9,0,0,0,9
R006646,Greater NYC,Lower Manhattan–North Brooklyn,12.260640525324002,18,6,15,0,0,0,12
R006647,Dallas,Dallas,5.265561796579239,1,1,1,0,0,0,1
R006648,Boston,Boston,14.779455731546536,10,2,6,0,0,0,9
R006649,Northern California,San Francisco,1.6371485127568877,1,1,1,0,0,0,1
R006650,Northern California,Silicon Valley,4.989143265143006,5,3,4,0,0,0,3
R006651,Greater NYC,Uptown Manhattan,5.454960533517639,3,2,3,0,0,0,2
R006652,Dallas,Dallas,4.289410583333649,9,1,6,0,0,0,3
R006653,Greater NYC,Lower Manhattan–North Brooklyn,4.736192572961398,4,2,4,0,0,0,2
R006654,Boston,Boston,3.5911931498111125,4,2,4,0,0,0,3
R006655,Northern California,Silicon Valley,6.2631815711869505,6,1,4,0,0,0,5
R006656,South Florida,Miami,33.419289847744615,42,2,7,0,0,0,27
R006657,DMV,DC–Arlington,1.3984625276877,1,1,1,0,0,0,1
R006658,Greater NYC,Hudson County,5.238107949364886,6,2,4,0,0,0,4
R006659,Chicago,Chicago,20.50508452240778,25,2,9,0,0,0,22
R006660,Greater NYC,Midtown Manhattan,20.4234029588717,20,6,18,0,0,0,14
R006661,Ann Arbor,Ann Arbor,1.0,2,1,2,0,0,0,2
R006662,Atlanta,Atlanta,142.61861317895753,134,1,4,6,2,43,48
R006663,Philadelphia,Philadelphia,23.30702663914352,16,2,8,0,0,0,13
R006664,Southern California,Los Angeles,7.950892072176072,6,3,6,0,0,0,3
R006665,Greater NYC,Uptown Manhattan,36.27529530816703,38,5,22,0,0,0,33
R006666,Greater NYC,Hudson County,1.8108398780688844,3,2,3,0,0,0,2
R006667,Northern California,Silicon Valley,12.793870267858567,14,3,10,0,0,0,13
R006668,Northern California,San Francisco,1.5442809801662687,2,2,1,0,0,0,2
R006669,Greater NYC,Midtown Manhattan,15.787623827106902,15,5,12,0,0,0,12
R006670,Greater NYC,Midtown Manhattan,1.0851960381614212,1,1,1,0,0,0,1
R006671,Greater NYC,Nassau County,58.769652456985646,58,3,25,2,0,0,37
R006672,Greater NYC,Midtown Manhattan,7.507456995445926,9,5,7,0,0,0,8
R006673,Chicago,Chicago,20.142393935356015,20,2,9,0,0,0,15
R006674,Greater NYC,Lower Manhattan–North Brooklyn,14.122562796015243,13,5,11,0,0,0,8
R006675,DMV,Montgomery County,1.802031769490766,0,0,0,0,0,0,0
R006676,Greater NYC,Uptown Manhattan,11.965016219145753,11,4,11,0,0,0,8
R006677,Greater NYC,Lower Manhattan–North Brooklyn,3.0912112754616325,5,3,5,0,0,0,3
R006678,Greater NYC,Fairfield County,4.489730566029836,4,2,4,0,0,0,4
R006679,Chicago,Chicago,9.353184652305,7,2,6,0,0,0,6
R006680,South Florida,Miami,3.9671345065150354,4,1,3,0,0,0,4
R006681,Dallas,Dallas,1.0158938002443645,1,1,1,0,0,0,1
R006682,Chicago,Chicago,1.7999426597385784,2,2,2,0,0,0,1
R006683,Greater NYC,Hudson County,4.94093799206259,2,2,2,0,0,0,2
R006684,Greater NYC,Uptown Manhattan,1.0,1,1,1,0,0,0,1
R006685,Seattle,Seattle,21.114198930596615,26,1,7,0,0,0,17
R006686,Houston,Houston,8.189004565887014,16,1,7,0,0,0,11
R006687,Northern California,San Francisco,2.2444545586936524,3,2,3,0,0,0,2
R006688,Greater NYC,Lower Manhattan–North Brooklyn,20.0817359020287,23,7,18,0,0,0,21
R006689,Boston,Boston,3.1203981532703144,4,2,4,0,0,0,3
R006690,Southern California,Los Angeles,3.4737595082522796,6,3,6,0,0,0,3
R006691,Boston,Boston,41.1138296737626,46,3,13,0,0,0,34
R006692,Houston,Houston,4.765512433941294,3,1,3,0,0,0,2
R006693,Greater NYC,Fairfield County,15.571935791806126,13,4,11,0,0,0,8
R006694,Ann Arbor,Ann Arbor,9.49363552212176,10,1,3,0,0,0,6
R006695,Seattle,Seattle,39.97878879492867,32,1,8,0,0,0,23
R006696,Southern California,Pasadena,1.0,1,1,1,0,0,0,1
R006697,Greater NYC,Midtown Manhattan,3.395954410222154,2,2,2,0,0,0,2
R006698,Greater NYC,Midtown Manhattan,2.7808114092206626,2,2,2,0,0,0,2
R006699,Houston,Houston,33.20737140874664,32,1,8,2,0,0,17
R006700,Austin,Austin,15.695732063181888,13,1,5,0,0,0,8
R006701,Greater NYC,Lower Manhattan–North Brooklyn,1.2876197331360348,1,1,1,0,0,0,1
R006702,Greater NYC,Westchester,8.46865155204048,8,2,7,0,0,0,6
R006703,Northern California,San Francisco,112.40457119083136,105,3,20,5,0,0,69
R006704,Austin,Austin,31.055548830931837,34,1,8,1,0,0,18
R006705,Greater NYC,Uptown Manhattan,12.091467665497182,10,4,10,0,0,0,10
R006706,Greater NYC,Westchester,18.76708660064226,20,5,15,0,0,0,13
R006707,Greater NYC,Lower Manhattan–North Brooklyn,2.0688647621748033,2,2,2,0,0,0,2
R006708,Northern California,San Francisco,6.951884454517923,4,2,4,0,0,0,3
R006709,Boston,Boston,3.416045023679762,0,0,0,0,0,0,0
R006710,Chicago,Chicago,1.6469488416583662,2,1,2,0,0,0,1
R006711,Greater NYC,North Jersey,2.9930439989128907,6,2,5,0,0,0,6
R006712,Greater NYC,Nassau County,4.160793896869572,5,1,5,0,0,0,5
R006713,Philadelphia,Philadelphia,9.527028345920597,8,2,7,0,0,0,8
R006714,Greater NYC,Lower Manhattan–North Brooklyn,2.641576972089718,7,4,6,0,0,0,5
R006715,Greater NYC,Lower Manhattan–North Brooklyn,3.8038209083594623,8,4,7,0,0,0,5
R006716,Greater NYC,Lower Manhattan–North Brooklyn,2.9744895657872794,2,2,2,0,0,0,2
R006717,Greater NYC,Uptown Manhattan,1.0,1,1,1,0,0,0,1
R006718,Philadelphia,Philadelphia,5.5778832005909145,4,2,3,0,0,0,3
R006719,DMV,DC–Arlington,4.015175533055552,3,2,3,0,0,0,2
R006720,Greater NYC,Fairfield County,7.477626445379478,9,3,7,0,0,0,7
R006721,Boston,Boston,12.583015222973778,17,2,7,0,0,0,10
R006722,DMV,DC–Arlington,1.7505919940479535,1,1,1,0,0,0,1
R006723,Chicago,Chicago,5.379704377708699,8,1,6,0,0,0,7
R006724,Chicago,Chicago,1.1883327022742376,4,2,3,0,0,0,3
R006725,Greater NYC,Lower Manhattan–North Brooklyn,1.850152043352496,2,1,2,0,0,0,2
R006726,DMV,Montgomery County,6.203916911475485,5,1,4,0,0,0,4
R006727,Southern California,Los Angeles,1.1074827338371442,0,0,0,0,0,0,0
R006728,Greater NYC,Uptown Manhattan,1.0,0,0,0,0,0,0,0
R006729,Greater NYC,Lower Manhattan–North Brooklyn,2.7523425240314627,5,5,5,0,0,0,4
R006730,Greater NYC,Hudson County,57.38943274653464,55,3,29,0,0,0,47
R006731,Greater NYC,Midtown Manhattan,1.5247213892853666,2,2,2,0,0,0,2
R006732,Boston,Boston,1.0,3,2,2,0,0,0,3
R006733,Greater NYC,Midtown Manhattan,5.297484637035615,2,2,2,0,0,0,2
R006734,Dallas,Dallas,3.3396577871190263,4,1,4,0,0,0,4
R006735,Seattle,Seattle,27.47813436210848,20,1,8,0,0,0,15
R006736,Northern California,San Francisco,2.9399184621731824,4,2,3,0,0,0,2
R006737,Southern California,Los Angeles,1.0,0,0,0,0,0,0,0
R006738,DMV,DC–Arlington,2.594119084089896,2,1,2,0,0,0,2
R006739,Boston,Boston,6.720230638763496,8,1,4,0,0,0,6
R006740,Greater NYC,North Jersey,7.127611071304528,6,2,5,0,0,0,4
R006741,Philadelphia,Philadelphia,1.189763768461478,2,1,2,0,0,0,1
R006742,Northern California,San Francisco,4.283881644821146,2,1,2,0,0,0,1
R006743,DMV,DC–Arlington,1.0,2,2,2,0,0,0,2
R006744,Greater NYC,Hudson County,1.8763987871881476,0,0,0,0,0,0,0
R006745,Philadelphia,Main Line,9.86630858522111,9,2,6,0,0,0,7
R006746,DMV,DC–Arlington,9.165456447553542,5,2,3,0,0,0,3
R006747,Northern California,San Francisco,27.210212241289508,16,3,10,0,0,0,16
R006748,Greater NYC,Lower Manhattan–North Brooklyn,6.951631973289146,9,4,8,0,0,0,9
R006749,DMV,DC–Arlington,46.48646896332026,43,4,17,1,0,0,29
R006750,Greater NYC,Fairfield County,16.6102845915954,15,4,12,0,0,0,5
R006751,Southern California,Los Angeles,1.3527951693249185,1,1,1,0,0,0,1
R006752,South Florida,Miami,1.0,1,1,1,0,0,0,1
R006753,Greater NYC,Midtown Manhattan,5.331009638476714,4,3,4,0,0,0,2
R006754,Atlanta,Atlanta,3.206697977054344,1,1,1,0,0,0,1
R006755,Greater NYC,Hudson County,3.4577843779056643,2,1,1,0,0,0,2
R006756,Southern California,Los Angeles,22.140466024540025,19,3,12,0,0,0,10
R006757,Northern California,San Francisco,1.0,1,1,1,0,0,0,1
R006758,DMV,DC–Arlington,3.278711193912578,2,1,2,0,0,0,1
R006759,Greater NYC,Uptown Manhattan,2.312407672299884,5,2,5,0,0,0,4
R006760,Houston,Houston,2.831604725325733,2,1,2,0,0,0,2
R006761,Houston,Houston,1.3604769018862488,0,0,0,0,0,0,0
R006762,Philadelphia,Main Line,12.625758382886774,14,2,8,0,0,0,9
R006763,Greater NYC,Midtown Manhattan,24.50038239394907,20,5,16,0,0,0,16
R006764,Southern California,Pasadena,5.341598904344307,6,1,4,0,0,0,4
R006765,Greater NYC,Uptown Manhattan,1.4488422866309127,1,1,1,0,0,0,1
R006766,South Florida,Miami,1.2561701664932006,0,0,0,0,0,0,0
R006767,Greater NYC,Uptown Manhattan,4.522974579478095,7,2,6,0,0,0,5
R006768,Greater NYC,Lower Manhattan–North Brooklyn,13.894396100921591,16,7,12,0,0,0,11
R006769,Boston,Boston,2.8492389775595193,2,1,1,0,0,0,2
R006770,South Florida,Miami,6.1829012859745,8,2,4,0,0,0,6
R006771,Southern California,Pasadena,12.277129937161348,23,3,12,0,0,0,14
R006772,DMV,Montgomery County,20.361311076722025,24,2,8,0,0,0,17
R006773,Philadelphia,Philadelphia,44.92896062967565,46,1,7,0,0,0,29
R006774,Greater NYC,Lower Manhattan–North Brooklyn,18.98515714443014,14,5,13,0,0,0,14
R006775,Dallas,Dallas,4.44615710251695,4,1,2,0,0,0,4
R006776,Greater NYC,Hudson County,1.0,0,0,0,0,0,0,0
R006777,DMV,Montgomery County,1.1077850427578215,3,2,3,0,0,0,2
R006778,Atlanta,Atlanta,7.211061116906723,3,1,3,0,0,0,3
R006779,Greater NYC,Uptown Manhattan,6.047586532865631,4,2,3,0,0,0,4
R006780,Philadelphia,Main Line,8.079493049839938,8,2,4,0,0,0,7
R006781,Seattle,Seattle,2.873175575710499,2,1,2,0,0,0,1
R006782,Dallas,Dallas,34.43071408918028,33,1,9,1,0,0,19
R006783,Philadelphia,Philadelphia,1.0,0,0,0,0,0,0,0
R006784,Chicago,Chicago,12.192728171851256,6,2,4,0,0,0,5
R006785,Philadelphia,Main Line,1.688595109441485,3,1,2,0,0,0,3
R006786,Austin,Austin,10.165918393002457,6,1,5,0,0,0,2
R006787,Greater NYC,Lower Manhattan–North Brooklyn,5.955593650324757,3,2,3,0,0,0,3
R006788,DMV,DC–Arlington,3.812585840353063,2,1,2,0,0,0,1
R006789,Dallas,Dallas,2.3144039135417387,1,1,1,0,0,0,1
R006790,South Florida,Miami,12.350190831501498,11,2,4,0,0,0,9
R006791,Greater NYC,Fairfield County,29.29650564722387,21,2,11,0,0,0,15
R006792,Greater NYC,Midtown Manhattan,6.197357502309301,5,3,5,0,0,0,4
R006793,Greater NYC,Uptown Manhattan,2.545646005752783,3,2,3,0,0,0,2
R006794,Boston,Boston,10.417939905559637,9,3,5,0,0,0,5
R006795,Greater NYC,Westchester,6.354073820797137,8,3,8,0,0,0,5
R006796,DMV,DC–Arlington,12.055864378725596,8,3,8,0,0,0,6
R006797,Greater NYC,Westchester,10.112325867060116,14,2,11,0,0,0,9
R006798,Greater NYC,Westchester,1.8157068764808504,1,1,1,0,0,0,1
R006799,Dallas,Dallas,2.616798631744883,3,1,1,0,0,0,3
R006800,Northern California,San Francisco,17.72537207952586,10,3,8,0,0,0,10
R006801,Boston,Chestnut Hill,69.82737602454199,67,3,15,1,0,0,41
R006802,South Florida,Miami,7.017169776162261,12,2,5,0,0,0,9
R006803,Boston,Boston,8.038238396413417,10,2,6,0,0,0,7
R006804,Greater NYC,Hudson County,4.998205366593258,6,1,6,0,0,0,2
R006805,Austin,Austin,5.70008699728348,6,1,4,0,0,0,5
R006806,DMV,DC–Arlington,1.8772379737374003,1,1,1,0,0,0,0
R006807,DMV,DC–Arlington,6.03885785485512,8,3,6,0,0,0,4
R006808,Chicago,Chicago,63.89116100425765,61,2,13,2,0,0,38
R006809,Dallas,Dallas,4.336095278191043,3,1,2,0,0,0,2
R006810,Greater NYC,Nassau County,29.852343032418485,31,4,17,0,0,0,21
R006811,Greater NYC,Westchester,1.9315239122538068,3,2,3,0,0,0,3
R006812,DMV,DC–Arlington,2.5101018608211265,1,1,1,0,0,0,1
R006813,Southern California,Los Angeles,16.961793836147617,16,4,12,0,0,0,14
R006814,Houston,Houston,1.0,1,1,1,0,0,0,1
R006815,Greater NYC,Lower Manhattan–North Brooklyn,5.253364650184118,5,3,5,0,0,0,5
R006816,Chicago,Chicago,1.0,1,1,1,0,0,0,1
R006817,Greater NYC,North Jersey,87.13508410179861,100,5,16,6,0,0,49
R006818,Seattle,Seattle,7.798060778994151,13,1,8,0,0,0,9
R006819,Northern California,Marin County,4.43955333932448,3,1,3,0,0,0,2
R006820,Greater NYC,Lower Manhattan–North Brooklyn,1.0,2,1,2,0,0,0,2
R006821,Greater NYC,Midtown Manhattan,95.56246942346188,96,6,35,1,0,0,74
R006822,Greater NYC,Lower Manhattan–North Brooklyn,85.14260188708568,102,7,42,1,0,0,81
R006823,Dallas,Dallas,4.324353391246191,8,1,5,0,0,0,6
R006824,Greater NYC,Lower Manhattan–North Brooklyn,1.0,0,0,0,0,0,0,0
R006825,Chicago,Chicago,5.92527332182103,4,2,3,0,0,0,3
R006826,Philadelphia,Philadelphia,11.979869842020436,10,2,4,0,0,0,9
R006827,Southern California,Los Angeles,1.657684772761975,1,1,1,0,0,0,1
R006828,DMV,DC–Arlington,42.65958507903842,48,4,17,0,0,0,34
R006829,Ann Arbor,Ann Arbor,1.7651701939608868,0,0,0,0,0,0,0
R006830,Philadelphia,Main Line,61.274623898467425,62,2,9,1,0,0,43
R006831,Philadelphia,Philadelphia,1.805324437438333,3,2,3,0,0,0,1
R006832,DMV,Montgomery County,3.263183750268188,2,1,2,0,0,0,2
R006833,Greater NYC,Westchester,4.496754349964269,4,2,3,0,0,0,4
R006834,Houston,Houston,22.00745878874533,23,1,8,0,0,0,15
R006835,DMV,DC–Arlington,13.090149124308205,11,3,7,0,0,0,9
R006836,Greater NYC,Lower Manhattan–North Brooklyn,8.641823558807438,8,4,6,0,0,0,8
R006837,Boston,Boston,6.938985939800802,6,2,5,0,0,0,4
R006838,Austin,Austin,5.747405522217049,4,1,3,0,0,0,3
R006839,Philadelphia,Philadelphia,6.32258657297752,8,2,6,0,0,0,7
R006840,Greater NYC,Midtown Manhattan,1.465029346174992,1,1,1,0,0,0,0
R006841,DMV,DC–Arlington,11.083605459326073,13,3,9,0,0,0,7
R006842,Greater NYC,Nassau County,6.105209749704063,6,1,5,0,0,0,5
R006843,Greater NYC,Midtown Manhattan,10.087023652433466,10,5,7,0,0,0,9
R006844,Greater NYC,Midtown Manhattan,22.83062826841293,20,4,17,0,0,0,18
R006845,Greater NYC,Uptown Manhattan,51.67755726376279,68,3,30,1,0,0,52
R006846,Chicago,Chicago,10.402348865200954,10,2,6,0,0,0,7
R006847,Southern California,Pasadena,4.747402848324751,9,1,5,0,0,0,4
R006848,Greater NYC,Uptown Manhattan,7.28143203459731,12,3,11,0,0,0,10
R006849,Greater NYC,Fairfield County,4.784360211937803,5,2,4,0,0,0,3
R006850,South Florida,Miami,2.4188979065254026,4,2,2,0,0,0,3
R006851,Philadelphia,Philadelphia,2.6349313768253775,1,1,1,0,0,0,1
R006852,Greater NYC,Midtown Manhattan,37.35845824582957,46,6,27,0,0,0,37
R006853,Atlanta,Atlanta,40.04154392079155,29,1,4,0,0,0,19
R006854,DMV,DC–Arlington,2.929063197916447,2,1,2,0,0,0,2
R006855,Greater NYC,North Jersey,5.51834892644162,13,3,9,0,0,0,11
R006856,DMV,DC–Arlington,3.289070599831635,2,2,2,0,0,0,2
R006857,Northern California,San Francisco,11.835441087698426,12,2,10,0,0,0,10
R006858,Greater NYC,Lower Manhattan–North Brooklyn,4.825395259746976,7,4,5,0,0,0,7
R006859,DMV,Montgomery County,1.6303397869409724,1,1,1,0,0,0,1
R006860,Boston,Boston,1.029573378499285,2,1,2,0,0,0,2
R006861,Seattle,Seattle,1.0,3,1,3,0,0,0,3
R006862,DMV,DC–Arlington,3.008792163646698,1,1,1,0,0,0,1
R006863,Houston,Houston,80.69119634743153,77,1,9,3,0,0,41
R006864,Greater NYC,Fairfield County,3.126681172865074,3,2,3,0,0,0,1
R006865,Northern California,San Francisco,12.321805897695803,11,2,9,0,0,0,9
R006866,Dallas,Dallas,16.531524786155604,15,1,8,0,0,0,11
R006867,Southern California,Los Angeles,27.96689841430164,31,3,16,0,0,0,17
R006868,Boston,Chestnut Hill,7.923874179012381,8,2,5,0,0,0,6
R006869,Greater NYC,Uptown Manhattan,9.269517782733107,7,4,7,0,0,0,5
R006870,DMV,DC–Arlington,68.99618873601338,63,3,17,0,0,0,45
R006871,Southern California,Los Angeles,5.867968184284241,4,2,2,0,0,0,1
R006872,South Florida,Miami,7.289945717937043,6,1,2,0,0,0,4
R006873,Boston,Boston,14.897421879634802,13,3,8,0,0,0,9
R006874,Austin,Austin,1.9248286022892231,0,0,0,0,0,0,0
R006875,Boston,Boston,6.5837144430296,8,2,4,0,0,0,4
R006876,Northern California,Silicon Valley,5.183492056450706,2,2,2,0,0,0,1
R006877,Greater NYC,Lower Manhattan–North Brooklyn,4.447830272045132,6,5,6,0,0,0,4
R006878,Dallas,Dallas,2.595375549983026,3,1,3,0,0,0,1
R006879,Greater NYC,Uptown Manhattan,5.265263320300506,5,2,5,0,0,0,5
R006880,Greater NYC,Fairfield County,5.624713379376105,7,4,7,0,0,0,5
R006881,Greater NYC,Lower Manhattan–North Brooklyn,1.7465478268713344,1,1,1,0,0,0,1
R006882,Greater NYC,North Jersey,1.0,2,1,2,0,0,0,1
R006883,Dallas,Dallas,1.0,3,1,2,0,0,0,2
R006884,Greater NYC,Midtown Manhattan,8.489981722581433,13,5,12,0,0,0,13
R006885,Atlanta,Atlanta,2.56170556674106,4,1,2,0,0,0,4
R006886,DMV,DC–Arlington,16.757747485099742,17,4,11,0,0,0,14
R006887,Greater NYC,Lower Manhattan–North Brooklyn,1.289021473097015,3,3,3,0,0,0,3
R006888,DMV,DC–Arlington,12.873404523870493,15,4,8,1,0,0,10
R006889,South Florida,Miami,15.448619452908703,17,2,6,0,0,0,12
R006890,Greater NYC,Lower Manhattan–North Brooklyn,22.1384851811322,32,7,22,0,0,0,28
R006891,DMV,DC–Arlington,1.317384933777668,0,0,0,0,0,0,0
R006892,DMV,DC–Arlington,3.918271614284015,3,2,3,0,0,0,3
R006893,Greater NYC,Westchester,53.458777555426686,50,5,21,1,0,0,35
R006894,Greater NYC,Lower Manhattan–North Brooklyn,70.6072687067965,76,6,31,0,0,0,65
R006895,Seattle,Seattle,5.649844363446308,5,1,5,0,0,0,5
R006896,Greater NYC,Westchester,2.0948878967628053,1,1,1,0,0,0,1
R006897,Greater NYC,Midtown Manhattan,5.340146340568615,6,2,6,0,0,0,5
R006898,Northern California,Silicon Valley,5.255213079527448,5,1,4,0,0,0,3
R006899,Northern California,San Francisco,5.371835358593301,2,2,2,0,0,0,2
R006900,Greater NYC,Uptown Manhattan,40.761026990478896,42,8,29,1,0,0,29
R006901,Greater NYC,Uptown Manhattan,2.0110879895252483,4,4,4,0,0,0,4
R006902,Greater NYC,Lower Manhattan–North Brooklyn,3.800154292305208,9,6,9,0,0,0,8
R006903,South Florida,Miami,4.565842221352367,5,2,3,0,0,0,4
R006904,Greater NYC,Lower Manhattan–North Brooklyn,7.695330185221413,4,3,4,0,0,0,3
R006905,Northern California,Marin County,1.0,0,0,0,0,0,0,0
R006906,Houston,Houston,1.9721872523666724,4,1,2,0,0,0,2
R006907,Greater NYC,Lower Manhattan–North Brooklyn,28.536405536310365,39,8,25,0,0,0,38
R006908,DMV,DC–Arlington,1.0,1,1,1,0,0,0,1
R006909,Austin,Austin,200.0,193,1,8,17,3,28,63
R006910,Northern California,San Francisco,1.0645101632030447,3,2,3,0,0,0,2
R006911,Seattle,Seattle,2.8477235079242704,3,1,3,0,0,0,0
R006912,Greater NYC,Lower Manhattan–North Brooklyn,18.86914685394443,16,5,13,0,0,0,14
R006913,Boston,Boston,2.5775328451342485,1,1,1,0,0,0,1
R006914,Southern California,Pasadena,1.275596571534053,1,1,1,0,0,0,1
R006915,Boston,Boston,4.297411900019126,6,1,4,0,0,0,3
R006916,Boston,Chestnut Hill,33.38444897654624,29,1,9,0,0,0,23
R006917,DMV,DC–Arlington,51.16883473941885,48,3,20,0,0,0,33
R006918,Chicago,Chicago,1.0,0,0,0,0,0,0,0
R006919,Greater NYC,Westchester,3.362704514717942,0,0,0,0,0,0,0
R006920,DMV,DC–Arlington,1.245223263171065,1,1,1,0,0,0,1
R006921,DMV,DC–Arlington,109.33564466415912,131,4,21,4,0,0,81
R006922,Greater NYC,Lower Manhattan–North Brooklyn,2.478700268635895,2,2,2,0,0,0,2
R006923,DMV,Montgomery County,2.3833916070085945,2,1,2,0,0,0,2
R006924,Austin,Austin,7.228272097589092,9,1,6,0,0,0,4
R006925,Greater NYC,Fairfield County,53.03419146812099,47,4,27,0,0,0,35
R006926,Greater NYC,Lower Manhattan–North Brooklyn,13.518526986364687,13,6,11,0,0,0,12
R006927,Atlanta,Atlanta,2.7891352353386636,4,1,3,0,0,0,3
R006928,Greater NYC,Lower Manhattan–North Brooklyn,58.949779071364816,61,6,30,0,0,0,51
R006929,Greater NYC,Lower Manhattan–North Brooklyn,5.518884813936569,5,3,5,0,0,0,3
R006930,DMV,DC–Arlington,2.9720046925150605,3,2,3,0,0,0,3
R006931,Greater NYC,Lower Manhattan–North Brooklyn,9.169756088890166,8,5,8,0,0,0,7
R006932,Philadelphia,Main Line,49.51461831927221,42,2,9,0,0,0,33
R006933,Greater NYC,Fairfield County,75.3383338119638,76,11,25,3,0,0,47
R006934,Greater NYC,Lower Manhattan–North Brooklyn,3.3300156381677137,3,2,2,0,0,0,3
R006935,Northern California,San Francisco,1.3652545399718556,0,0,0,0,0,0,0
R006936,Greater NYC,Uptown Manhattan,3.4615630167632494,3,2,3,0,0,0,3
R006937,Greater NYC,Midtown Manhattan,5.917741728041815,3,2,3,0,0,0,3
R006938,Greater NYC,Westchester,1.0,0,0,0,0,0,0,0
R006939,Greater NYC,Fairfield County,3.532222201596614,7,2,6,0,0,0,5
R006940,Chicago,Chicago,1.6227061176264883,0,0,0,0,0,0,0
R006941,Greater NYC,Uptown Manhattan,3.2311829920318806,5,3,5,0,0,0,5
R006942,Dallas,Dallas,5.7629126345816735,7,1,6,0,0,0,6
R006943,DMV,DC–Arlington,3.965817437584376,3,2,3,0,0,0,3
R006944,Northern California,Silicon Valley,4.159080245506565,2,1,1,0,0,0,2
R006945,Greater NYC,Midtown Manhattan,2.9588393009617207,4,2,3,0,0,0,3
R006946,Greater NYC,Fairfield County,11.842620677010355,12,3,9,0,0,0,11
R006947,Boston,Chestnut Hill,156.04322432978614,164,3,12,8,1,26,67
R006948,Greater NYC,Fairfield County,2.566358726146861,4,2,4,0,0,0,3
R006949,Greater NYC,Lower Manhattan–North Brooklyn,49.11858255239384,45,8,31,0,0,0,34
R006950,South Florida,Miami,5.892874967827194,6,2,4,0,0,0,5
R006951,DMV,DC–Arlington,59.380775827765795,57,3,18,2,0,0,38
R006952,Greater NYC,Uptown Manhattan,38.990983970466296,40,6,24,0,0,0,34
R006953,Greater NYC,Fairfield County,1.814769445599551,2,1,2,0,0,0,2
R006954,Greater NYC,Lower Manhattan–North Brooklyn,3.92606718622179,5,4,5,0,0,0,2
R006955,Northern California,San Francisco,1.0,1,1,1,0,0,0,0
R006956,Northern California,San Francisco,29.208965040470492,31,3,16,0,0,0,23
R006957,Chicago,Chicago,11.830908299294164,12,2,9,0,0,0,9
R006958,Boston,Chestnut Hill,8.943251664827704,14,1,7,0,0,0,11
R006959,Chicago,Chicago,200.0,199,2,13,10,1,19,101
R006960,Boston,Boston,7.946504246465453,11,3,6,0,0,0,9
R006961,Greater NYC,Midtown Manhattan,2.521958834237606,3,3,3,0,0,0,3
R006962,Greater NYC,North Jersey,1.3521220262001663,2,2,2,0,0,0,2
R006963,Greater NYC,Fairfield County,2.904597923056415,0,0,0,0,0,0,0
R006964,Greater NYC,Lower Manhattan–North Brooklyn,7.502389008970252,4,4,4,0,0,0,4
R006965,Southern California,Los Angeles,4.567693816468229,8,3,5,0,0,0,5
R006966,Greater NYC,Midtown Manhattan,1.0,1,1,1,0,0,0,0
R006967,Northern California,San Francisco,2.9175094879237005,0,0,0,0,0,0,0
R006968,Northern California,Silicon Valley,6.178912709597925,3,1,3,0,0,0,3
R006969,Northern California,San Francisco,1.0,3,2,2,0,0,0,3
R006970,Seattle,Seattle,8.500808990689306,7,1,4,0,0,0,7
R006971,Greater NYC,Uptown Manhattan,1.0,0,0,0,0,0,0,0
R006972,Greater NYC,North Jersey,13.12883150327275,13,4,10,0,0,0,9
R006973,South Florida,Miami,5.627140964021717,7,2,4,0,0,0,7
R006974,DMV,DC–Arlington,1.5372549570201437,3,1,3,0,0,0,2
R006975,DMV,DC–Arlington,22.17685447249812,22,3,14,0,0,0,18
R006976,Southern California,Los Angeles,9.50673056189398,17,4,10,0,0,0,7
R006977,Northern California,San Francisco,5.096250571575569,3,2,3,0,0,0,1
R006978,Greater NYC,Lower Manhattan–North Brooklyn,21.593607150213906,35,8,24,0,0,0,28
R006979,Greater NYC,North Jersey,2.819366801294548,1,1,1,0,0,0,0
R006980,Greater NYC,Lower Manhattan–North Brooklyn,5.585907688506806,2,2,2,0,0,0,1
R006981,Northern California,San Francisco,8.96407913174825,14,2,11,0,0,0,8
R006982,Chicago,Chicago,7.489793445497688,11,2,4,0,0,0,7
R006983,Boston,Boston,14.43549727359959,10,2,6,0,0,0,8
R006984,Philadelphia,Philadelphia,19.38611035562324,17,2,7,0,0,0,14
R006985,Seattle,Seattle,3.03029191818119,4,1,4,0,0,0,3
R006986,Greater NYC,Midtown Manhattan,10.607941125664336,13,4,9,0,0,0,12
R006987,Greater NYC,Midtown Manhattan,20.06283837716415,19,5,13,0,0,0,16
R006988,Greater NYC,Nassau County,6.50101817772237,6,2,5,0,0,0,5
R006989,Greater NYC,Uptown Manhattan,4.066420463952175,3,2,3,0,0,0,3
R006990,Greater NYC,Uptown Manhattan,13.690890134036415,13,3,12,0,0,0,13
R006991,DMV,DC–Arlington,28.23233407079102,24,3,11,0,0,0,19
R006992,Austin,Austin,3.4374644325654864,4,1,3,0,0,0,4
R006993,Greater NYC,Fairfield County,4.400232902134938,4,2,3,0,0,0,1
R006994,Dallas,Dallas,8.57006790511263,8,1,6,0,0,0,8
R006995,Greater NYC,North Jersey,5.415788782517436,8,3,8,0,0,0,7
R006996,Greater NYC,Lower Manhattan–North Brooklyn,84.11479917981495,59,8,35,0,0,0,47
R006997,Greater NYC,Lower Manhattan–North Brooklyn,24.95337972463099,27,4,22,0,0,0,23
R006998,Greater NYC,Midtown Manhattan,14.238099550859555,13,4,11,0,0,0,9
R006999,DMV,DC–Arlington,51.02314398297523,40,3,16,0,0,0,30
R007000,Greater NYC,Uptown Manhattan,2.52168598027682,0,0,0,0,0,0,0
R007001,Greater NYC,Fairfield County,9.236259201509304,7,4,7,0,0,0,6
R007002,Philadelphia,Main Line,14.82687757103431,17,2,6,0,0,0,10
R007003,Boston,Boston,3.9362784192073783,2,1,2,0,0,0,2
R007004,Boston,Chestnut Hill,5.514806277641428,4,1,3,0,0,0,4
R007005,Chicago,Chicago,6.127156019715467,8,2,5,0,0,0,6
R007006,Greater NYC,Midtown Manhattan,10.02559981184552,7,2,6,0,0,0,6
R007007,DMV,DC–Arlington,2.490776963996085,2,2,2,0,0,0,2
R007008,DMV,DC–Arlington,5.679462501467543,5,2,5,0,0,0,4
R007009,DMV,DC–Arlington,12.807496378527407,10,3,8,0,0,0,8
R007010,Greater NYC,North Jersey,10.240291707489217,9,2,7,0,0,0,6
R007011,Greater NYC,Lower Manhattan–North Brooklyn,4.553854435587449,7,4,7,0,0,0,5
R007012,Greater NYC,Westchester,16.55716130857179,16,3,12,0,0,0,11
R007013,Greater NYC,Nassau County,1.0,4,2,4,0,0,0,4
R007014,South Florida,Miami,1.0,0,0,0,0,0,0,0
R007015,Greater NYC,Midtown Manhattan,7.422135101930417,6,2,4,0,0,0,5
R007016,Greater NYC,Uptown Manhattan,2.4710756786622565,1,1,1,0,0,0,1
R007017,Chicago,Chicago,6.326196651840705,5,2,3,0,0,0,4
R007018,Greater NYC,Lower Manhattan–North Brooklyn,2.7705555066634804,3,3,3,0,0,0,3
R007019,Greater NYC,Uptown Manhattan,7.565771775190174,9,3,9,0,0,0,8
R007020,Boston,Boston,8.252448852481672,7,3,5,0,0,0,6
R007021,DMV,DC–Arlington,1.514971238516471,3,3,3,0,0,0,2
R007022,Seattle,Seattle,1.0,1,1,1,0,0,0,0
R007023,Greater NYC,Midtown Manhattan,1.2002694584894795,1,1,1,0,0,0,0
R007024,Greater NYC,Lower Manhattan–North Brooklyn,4.699219629561907,10,4,9,0,0,0,8
R007025,Greater NYC,Uptown Manhattan,1.0,0,0,0,0,0,0,0
R007026,Chicago,Chicago,13.71925778691929,15,2,7,0,0,0,12
R007027,Southern California,Los Angeles,7.916444381918365,8,3,6,0,0,0,5
R007028,Atlanta,Atlanta,2.9817556197375983,5,1,3,0,0,0,4
R007029,Boston,Chestnut Hill,9.503945116951638,13,2,10,0,0,0,9
R007030,Boston,Boston,1.0,1,1,1,0,0,0,0
R007031,Greater NYC,Midtown Manhattan,23.970963444866605,14,4,12,0,0,0,10
R007032,Greater NYC,Lower Manhattan–North Brooklyn,6.988402768913523,6,2,6,0,0,0,2
R007033,Chicago,Chicago,44.58253408624549,41,2,12,1,0,0,27
R007034,Chicago,Chicago,7.447944647537078,6,2,4,0,0,0,5
R007035,Philadelphia,Main Line,5.500209610199857,8,1,6,0,0,0,6
R007036,Greater NYC,Fairfield County,1.0,1,1,1,0,0,0,0
R007037,Greater NYC,Uptown Manhattan,3.205450680270148,4,2,4,0,0,0,3
R007038,Greater NYC,Lower Manhattan–North Brooklyn,14.25334189865363,18,8,14,0,0,0,16
R007039,Southern California,Los Angeles,4.388159875580496,4,3,4,0,0,0,2
R007040,Greater NYC,Lower Manhattan–North Brooklyn,49.81648863360131,53,8,33,0,0,0,41
R007041,Southern California,Los Angeles,1.3445864707502255,2,2,2,0,0,0,1
R007042,Greater NYC,Fairfield County,6.221109034003822,4,2,4,0,0,0,3
R007043,Greater NYC,Lower Manhattan–North Brooklyn,27.987438373315467,22,5,17,0,0,0,21
R007044,Greater NYC,Lower Manhattan–North Brooklyn,1.0,0,0,0,0,0,0,0
R007045,DMV,DC–Arlington,5.731535336069549,2,2,2,0,0,0,2
R007046,Southern California,Los Angeles,1.0,2,2,2,0,0,0,2
R007047,Atlanta,Atlanta,6.54147732994261,9,1,3,0,0,0,6
R007048,DMV,DC–Arlington,27.546077292520625,11,3,8,0,0,0,10
R007049,Philadelphia,Main Line,4.638837107245469,2,1,2,0,0,0,1
R007050,Greater NYC,Lower Manhattan–North Brooklyn,4.067188940470507,3,3,3,0,0,0,2
R007051,Boston,Chestnut Hill,1.0,1,1,1,0,0,0,1
R007052,DMV,DC–Arlington,3.506931167008515,0,0,0,0,0,0,0
R007053,South Florida,Miami,1.16025423416171,0,0,0,0,0,0,0
R007054,Greater NYC,Midtown Manhattan,7.297181156999604,9,4,6,0,0,0,8
R007055,Chicago,Chicago,1.0,1,1,1,0,0,0,1
R007056,Boston,Chestnut Hill,8.168069656289623,6,1,5,0,0,0,2
R007057,Southern California,Los Angeles,4.230526463352199,8,3,7,0,0,0,7
R007058,Northern California,Marin County,1.0,0,0,0,0,0,0,0
R007059,DMV,DC–Arlington,1.2966458109430712,3,1,2,0,0,0,3
R007060,Chicago,Chicago,21.793340572203327,22,2,9,0,0,0,14
R007061,Greater NYC,Midtown Manhattan,25.590621175045374,22,8,17,0,0,0,16
R007062,Greater NYC,Lower Manhattan–North Brooklyn,7.670130683140282,5,4,5,0,0,0,5
R007063,Northern California,Silicon Valley,27.851929733768536,26,1,10,0,0,0,17
R007064,Greater NYC,Uptown Manhattan,35.06789752674089,32,5,25,0,0,0,27
R007065,Greater NYC,Lower Manhattan–North Brooklyn,10.058249863982123,12,5,11,0,0,0,11
R007066,Greater NYC,Lower Manhattan–North Brooklyn,2.212513188693402,0,0,0,0,0,0,0
R007067,Chicago,Chicago,29.511628728273138,27,2,12,0,0,0,19
R007068,Greater NYC,Nassau County,4.500636913298753,5,2,5,0,0,0,3
R007069,Greater NYC,Westchester,3.654940880921814,2,2,2,0,0,0,1
R007070,Greater NYC,Hudson County,77.72008428171343,67,2,20,1,0,0,41
R007071,Greater NYC,Lower Manhattan–North Brooklyn,17.58073178198314,9,4,8,0,0,0,6
R007072,Greater NYC,Lower Manhattan–North Brooklyn,5.230458151987781,8,5,8,0,0,0,6
R007073,Greater NYC,Westchester,1.0,0,0,0,0,0,0,0
R007074,DMV,DC–Arlington,1.0,1,1,1,0,0,0,1
R007075,Greater NYC,Uptown Manhattan,4.82241486657881,7,3,6,0,0,0,3
R007076,Philadelphia,Main Line,5.492499285814438,5,2,5,0,0,0,5
R007077,Chicago,Chicago,3.872549799707161,2,1,2,0,0,0,2
R007078,Austin,Austin,4.759382707404584,5,1,3,0,0,0,5
R007079,Greater NYC,Fairfield County,7.942958992618254,10,2,7,0,0,0,9
R007080,Northern California,Silicon Valley,15.405319988699418,19,1,9,1,0,0,14
R007081,Atlanta,Atlanta,1.5238401870683438,3,1,2,0,0,0,2
R007082,Greater NYC,Fairfield County,4.90764840273807,6,3,5,0,0,0,5
R007083,Northern California,San Francisco,33.14616346453886,38,2,12,0,0,0,28
R007084,Greater NYC,Nassau County,2.855004313146924,1,1,1,0,0,0,1
R007085,Boston,Boston,21.251037303171607,24,3,11,0,0,0,18
R007086,Greater NYC,Hudson County,1.0622089101386731,2,1,2,0,0,0,2
R007087,Greater NYC,Westchester,4.889293264967591,3,3,3,0,0,0,2
R007088,Northern California,San Francisco,3.10409404356439,1,1,1,0,0,0,1
R007089,DMV,DC–Arlington,7.726935662029924,7,4,6,0,0,0,5
R007090,Philadelphia,Philadelphia,17.15306559770089,16,2,8,0,0,0,12
R007091,Greater NYC,Midtown Manhattan,30.18730045339931,24,4,16,0,0,0,17
R007092,Houston,Houston,8.894070817776385,8,1,6,0,0,0,5
R007093,Northern California,San Francisco,7.870695690368329,7,3,7,0,0,0,6
R007094,Ann Arbor,Ann Arbor,8.377339360494698,8,1,3,0,0,0,5
R007095,DMV,DC–Arlington,46.97540721737763,37,3,15,2,0,0,27
R007096,Greater NYC,Lower Manhattan–North Brooklyn,1.7867361869507477,1,1,1,0,0,0,1
R007097,Greater NYC,Lower Manhattan–North Brooklyn,1.0,2,1,2,0,0,0,2
R007098,Greater NYC,Nassau County,1.0,1,1,1,0,0,0,1
R007099,Greater NYC,Midtown Manhattan,11.412664273035618,14,5,12,1,0,0,11
R007100,Atlanta,Atlanta,4.5116159325418215,3,1,3,0,0,0,3
R007101,DMV,DC–Arlington,3.4894548801322416,3,2,3,0,0,0,2
R007102,Greater NYC,Uptown Manhattan,2.5913944721650264,3,3,3,0,0,0,2
R007103,Greater NYC,Lower Manhattan–North Brooklyn,4.732553384710633,2,2,2,0,0,0,1
R007104,Chicago,Chicago,3.468306779632908,6,2,3,0,0,0,4
R007105,Greater NYC,Midtown Manhattan,1.2140938471996792,3,2,3,0,0,0,3
R007106,Northern California,San Francisco,2.824947176346783,0,0,0,0,0,0,0
R007107,South Florida,Miami,1.0758961544792494,0,0,0,0,0,0,0
R007108,Northern California,Silicon Valley,1.1957290453140903,0,0,0,0,0,0,0
R007109,Greater NYC,Uptown Manhattan,1.0649409408126618,2,1,2,0,0,0,2
R007110,Greater NYC,Lower Manhattan–North Brooklyn,6.522588708465133,11,5,9,0,0,0,9
R007111,Southern California,Pasadena,1.1731017984811307,1,1,1,0,0,0,0
R007112,DMV,DC–Arlington,27.19642401255659,27,3,15,0,0,0,17
R007113,Philadelphia,Philadelphia,15.56695054473126,12,1,5,0,0,0,10
R007114,Southern California,Los Angeles,9.490755335089228,9,3,7,0,0,0,4
R007115,Southern California,Pasadena,15.291427789834096,19,1,6,0,0,0,13
R007116,Southern California,Los Angeles,2.488698547987077,1,1,1,0,0,0,1
R007117,Greater NYC,Midtown Manhattan,6.392552598768461,7,3,7,0,0,0,7
R007118,Houston,Houston,1.0,0,0,0,0,0,0,0
R007119,Greater NYC,Fairfield County,4.030235617197391,4,2,4,0,0,0,3
R007120,Greater NYC,Midtown Manhattan,5.420278331593856,6,4,6,0,0,0,6
R007121,Greater NYC,Midtown Manhattan,20.63814206750838,22,4,15,0,0,0,14
R007122,Greater NYC,Uptown Manhattan,69.55602227157367,57,5,27,0,0,0,46
R007123,Greater NYC,Fairfield County,10.713035231902198,8,2,6,0,0,0,6
R007124,South Florida,Miami,1.8067293461186291,1,1,1,0,0,0,1
R007125,Greater NYC,Midtown Manhattan,8.78546645156492,16,4,12,0,0,0,11
R007126,Greater NYC,Hudson County,22.304122729837555,26,3,12,0,0,0,15
R007127,Boston,Boston,19.378383487089557,22,3,8,0,0,0,14
R007128,Greater NYC,Uptown Manhattan,8.79174940696605,5,2,5,0,0,0,5
R007129,DMV,DC–Arlington,5.24128518853868,5,3,5,0,0,0,4
R007130,Boston,Boston,1.0,2,1,2,0,0,0,1
R007131,DMV,DC–Arlington,5.7988906366499355,3,3,3,0,0,0,3
R007132,Southern California,Los Angeles,3.2460904692582653,3,1,3,0,0,0,2
R007133,Greater NYC,Lower Manhattan–North Brooklyn,3.759986606387688,4,3,4,0,0,0,3
R007134,Greater NYC,Lower Manhattan–North Brooklyn,1.0,2,2,2,0,0,0,2
R007135,Greater NYC,Lower Manhattan–North Brooklyn,70.43221138485218,68,9,42,0,0,0,53
R007136,Atlanta,Atlanta,1.785410873504924,1,1,1,0,0,0,1
R007137,Greater NYC,Hudson County,2.078919176356582,1,1,1,0,0,0,1
R007138,Northern California,San Francisco,44.57345766418224,47,2,12,0,0,0,35
R007139,Greater NYC,Lower Manhattan–North Brooklyn,14.040434087033546,24,7,22,0,0,0,19
R007140,Greater NYC,Fairfield County,1.755693766626709,2,1,1,0,0,0,2
R007141,Atlanta,Atlanta,1.0,1,1,1,0,0,0,1
R007142,DMV,DC–Arlington,1.0753887689227306,0,0,0,0,0,0,0
R007143,Greater NYC,Lower Manhattan–North Brooklyn,3.75631834536642,4,3,4,0,0,0,2
R007144,Seattle,Seattle,34.21729334730926,28,1,8,0,0,0,21
R007145,Houston,Houston,17.12316074727177,8,1,5,0,0,0,7
R007146,Southern California,Pasadena,5.472912372829815,8,1,5,0,0,0,7
R007147,DMV,DC–Arlington,12.83482029432644,14,3,8,0,0,0,12
R007148,Northern California,San Francisco,8.74443218470705,9,2,8,0,0,0,6
R007149,Greater NYC,Midtown Manhattan,5.33167856886483,7,3,6,0,0,0,5
R007150,Greater NYC,Midtown Manhattan,10.973227493681447,14,4,12,0,0,0,12
R007151,Greater NYC,Lower Manhattan–North Brooklyn,2.4557148901109613,5,4,5,0,0,0,4
R007152,DMV,DC–Arlington,3.047860052059636,6,3,6,0,0,0,5
R007153,DMV,Montgomery County,5.013828613389376,1,1,1,0,0,0,1
R007154,Southern California,Los Angeles,9.03460317601248,12,3,9,0,0,0,6
R007155,Greater NYC,Lower Manhattan–North Brooklyn,29.59657257826495,29,7,22,0,0,0,24
R007156,DMV,DC–Arlington,1.009261256534931,1,1,1,0,0,0,1
R007157,Northern California,San Francisco,6.728991773240113,7,2,6,0,0,0,5
R007158,Greater NYC,Lower Manhattan–North Brooklyn,1.4140508949170654,1,1,1,0,0,0,0
R007159,Greater NYC,Lower Manhattan–North Brooklyn,11.443767322270896,11,5,10,0,0,0,9
R007160,Greater NYC,Uptown Manhattan,7.552096265553787,7,3,6,0,0,0,6
R007161,Boston,Chestnut Hill,9.950671038375932,14,1,7,0,0,0,8
R007162,Southern California,Los Angeles,26.517708497848503,19,2,10,1,0,0,10
R007163,Southern California,Los Angeles,1.597751573773512,2,2,2,0,0,0,0
R007164,Seattle,Seattle,7.67558282783505,10,1,8,0,0,0,7
R007165,Dallas,Dallas,9.179202441789412,10,1,6,0,0,0,9
R007166,Greater NYC,Fairfield County,11.985157955337042,17,2,10,0,0,0,11
R007167,South Florida,Miami,1.2445991722513774,2,2,2,0,0,0,2
R007168,Southern California,Los Angeles,1.0,2,2,2,0,0,0,1
R007169,Southern California,Pasadena,1.038693575929754,0,0,0,0,0,0,0
R007170,Chicago,Chicago,2.6958503917491448,6,2,4,0,0,0,5
R007171,Greater NYC,Fairfield County,1.9917918030920476,1,1,1,0,0,0,0
R007172,Greater NYC,Lower Manhattan–North Brooklyn,14.00073445533326,9,5,8,0,0,0,8
R007173,Southern California,Los Angeles,5.6557747013123425,9,2,6,0,0,0,4
R007174,Greater NYC,Hudson County,6.118784040412509,10,3,7,0,0,0,8
R007175,Dallas,Dallas,2.339533304780112,4,1,3,0,0,0,3
R007176,DMV,DC–Arlington,24.49305563146512,31,4,15,1,0,0,21
R007177,South Florida,Miami,1.0,0,0,0,0,0,0,0
R007178,Ann Arbor,Ann Arbor,70.36877072598755,76,1,3,5,1,0,31
R007179,Greater NYC,Uptown Manhattan,27.23054487063278,31,2,23,0,0,0,22
R007180,DMV,Montgomery County,2.5972843232644487,3,1,2,0,0,0,3
R007181,DMV,DC–Arlington,4.295025333379444,7,3,7,0,0,0,5
R007182,Greater NYC,Lower Manhattan–North Brooklyn,2.0642010915431666,1,1,1,0,0,0,1
R007183,Southern California,Los Angeles,2.0102358071495336,2,1,2,0,0,0,2
R007184,Boston,Boston,9.033805151224817,10,2,5,0,0,0,6
R007185,Boston,Chestnut Hill,1.1873652945664108,0,0,0,0,0,0,0
R007186,Greater NYC,Lower Manhattan–North Brooklyn,1.0,2,2,2,0,0,0,1
R007187,Southern California,Los Angeles,1.2804839448921734,1,1,1,0,0,0,0
R007188,Greater NYC,Uptown Manhattan,9.145435276908676,7,4,7,0,0,0,7
R007189,Greater NYC,Midtown Manhattan,65.32246001941931,60,8,34,0,0,0,48
R007190,Chicago,Chicago,4.028450340172043,8,2,4,0,0,0,6
R007191,Greater NYC,Westchester,7.011287572667075,7,2,7,0,0,0,6
R007192,Chicago,Chicago,11.673300095656671,10,1,6,0,0,0,9
R007193,Greater NYC,Fairfield County,100.66150928820451,96,5,22,4,0,0,64
R007194,Chicago,Chicago,4.04293484575006,4,1,3,0,0,0,3
R007195,Greater NYC,Lower Manhattan–North Brooklyn,1.0,0,0,0,0,0,0,0
R007196,Chicago,Chicago,1.0,1,1,1,0,0,0,0
R007197,Greater NYC,Lower Manhattan–North Brooklyn,78.80351643027078,85,6,38,0,0,0,75
R007198,Southern California,Pasadena,4.080483646536468,2,2,2,0,0,0,0
R007199,Greater NYC,Lower Manhattan–North Brooklyn,84.70723286388962,83,9,38,0,0,0,58
R007200,Boston,Boston,9.27908907501712,9,3,8,0,0,0,6
R007201,Northern California,San Francisco,14.480490916004578,14,3,10,0,0,0,13
R007202,Greater NYC,Uptown Manhattan,1.0,1,1,1,0,0,0,0
R007203,Greater NYC,Lower Manhattan–North Brooklyn,2.1440580421865088,3,1,3,0,0,0,2
R007204,Northern California,San Francisco,4.893884565915494,8,2,6,0,0,0,7
R007205,Dallas,Dallas,2.008434985490908,2,1,1,0,0,0,1
R007206,Philadelphia,Main Line,3.7382249979100353,2,1,2,0,0,0,2
R007207,Southern California,Los Angeles,3.069884623375312,6,2,5,0,0,0,4
R007208,Greater NYC,Lower Manhattan–North Brooklyn,1.1024959744568457,2,2,2,0,0,0,0
R007209,Greater NYC,Lower Manhattan–North Brooklyn,5.136469002400777,5,3,5,0,0,0,4
R007210,Greater NYC,Lower Manhattan–North Brooklyn,6.345578061582173,6,3,5,0,0,0,6
R007211,Philadelphia,Main Line,10.675185553673916,9,2,7,0,0,0,9
R007212,Greater NYC,Uptown Manhattan,4.906833027159697,4,3,4,0,0,0,4
R007213,Greater NYC,Lower Manhattan–North Brooklyn,1.0,1,1,1,0,0,0,1
R007214,Philadelphia,Philadelphia,1.0,1,1,1,0,0,0,1
R007215,Northern California,San Francisco,1.0,0,0,0,0,0,0,0
R007216,Boston,Chestnut Hill,3.186951490613748,4,2,3,0,0,0,3
R007217,Northern California,Silicon Valley,1.0,3,2,3,0,0,0,3
R007218,Ann Arbor,Ann Arbor,2.800244545888347,5,1,3,0,0,0,4
R007219,Greater NYC,Midtown Manhattan,5.922503564565709,7,4,6,0,0,0,6
R007220,Northern California,Silicon Valley,6.077866305947926,5,1,3,0,0,0,3
R007221,Greater NYC,Westchester,1.4728978313835843,1,1,1,0,0,0,1
R007222,DMV,DC–Arlington,20.336687901715532,20,3,10,0,0,0,15
R007223,Greater NYC,Lower Manhattan–North Brooklyn,1.0,0,0,0,0,0,0,0
R007224,Chicago,Chicago,13.82163426360783,15,2,7,0,0,0,15
R007225,Greater NYC,Westchester,2.7624311837840887,4,1,4,0,0,0,2
R007226,Greater NYC,Lower Manhattan–North Brooklyn,6.288371206581044,12,6,12,0,0,0,10
R007227,Greater NYC,Lower Manhattan–North Brooklyn,4.120899127893742,4,2,4,0,0,0,4
R007228,DMV,DC–Arlington,3.2844995104372052,3,2,3,0,0,0,2
R007229,Greater NYC,Lower Manhattan–North Brooklyn,10.482760613200028,13,6,11,0,0,0,11
R007230,Austin,Austin,2.103518107659816,3,1,2,0,0,0,3
R007231,Philadelphia,Philadelphia,6.670970806027597,9,1,4,0,0,0,6
R007232,Austin,Austin,19.505916196744412,24,1,7,0,0,0,15
R007233,Dallas,Dallas,1.4255707429106526,0,0,0,0,0,0,0
R007234,Southern California,Los Angeles,18.874805455579413,28,4,16,0,0,0,19
R007235,Greater NYC,Lower Manhattan–North Brooklyn,15.741350108515554,12,5,11,0,0,0,10
R007236,South Florida,Miami,1.1256828116410968,1,1,1,0,0,0,1
R007237,Greater NYC,Midtown Manhattan,4.251952626974351,5,2,5,0,0,0,4
R007238,Philadelphia,Philadelphia,5.6492055580432705,5,2,4,0,0,0,3
R007239,Chicago,Chicago,19.81415696116985,22,2,11,0,0,0,12
R007240,Greater NYC,Westchester,3.444576821799992,3,2,3,0,0,0,3
R007241,Greater NYC,Midtown Manhattan,55.62494161443249,56,9,30,0,0,0,43
R007242,Greater NYC,Lower Manhattan–North Brooklyn,6.03198891142019,8,5,8,0,0,0,7
R007243,Greater NYC,Midtown Manhattan,12.050722861291742,13,4,10,0,0,0,9
R007244,Chicago,Chicago,3.679950884303465,2,1,2,0,0,0,1
R007245,Greater NYC,Midtown Manhattan,1.0,3,2,3,0,0,0,3
R007246,Boston,Boston,1.6994305725359606,2,1,2,0,0,0,2
R007247,DMV,Montgomery County,1.1564909281382656,3,2,2,0,0,0,3
R007248,Greater NYC,Lower Manhattan–North Brooklyn,13.378417630217315,21,7,16,0,0,0,17
R007249,Philadelphia,Philadelphia,6.509222104669085,4,1,3,0,0,0,3
R007250,Greater NYC,Uptown Manhattan,29.057600509643834,31,5,19,0,0,0,24
R007251,Greater NYC,Lower Manhattan–North Brooklyn,2.916299164728925,5,3,5,0,0,0,5
R007252,Greater NYC,Westchester,1.2084475569195856,0,0,0,0,0,0,0
R007253,Greater NYC,Lower Manhattan–North Brooklyn,1.778820716262759,1,1,1,0,0,0,1
R007254,Southern California,Los Angeles,2.62523882243464,4,2,4,0,0,0,1
R007255,Boston,Boston,5.646325533015071,5,2,4,0,0,0,5
R007256,Boston,Chestnut Hill,7.632323061070995,4,3,4,0,0,0,3
R007257,Greater NYC,Midtown Manhattan,1.5161028585641962,4,2,3,0,0,0,2
R007258,DMV,Montgomery County,14.218555319570068,10,1,6,0,0,0,9
R007259,DMV,Montgomery County,1.4646264042513204,3,1,3,0,0,0,2
R007260,Chicago,Chicago,4.21090342298557,5,2,4,0,0,0,3
R007261,DMV,DC–Arlington,10.178932688768985,12,3,8,1,0,0,10
R007262,Ann Arbor,Ann Arbor,3.421829414101454,2,1,1,0,0,0,2
R007263,Chicago,Chicago,2.1962114686077543,5,1,5,0,0,0,5
R007264,Ann Arbor,Ann Arbor,1.0,0,0,0,0,0,0,0
R007265,Chicago,Chicago,2.9612698779956057,2,1,2,0,0,0,2
R007266,Greater NYC,Nassau County,1.1822882222747813,2,2,2,0,0,0,2
R007267,Greater NYC,Uptown Manhattan,1.7689781643222438,3,2,3,0,0,0,3
R007268,Seattle,Seattle,1.0092546810657888,2,1,2,0,0,0,2
R007269,Houston,Houston,2.99114808671085,2,1,2,0,0,0,2
R007270,Greater NYC,Uptown Manhattan,6.704182482810532,8,3,8,0,0,0,8
R007271,Greater NYC,Lower Manhattan–North Brooklyn,34.127986754290696,38,8,25,0,0,0,33
R007272,Philadelphia,Main Line,2.0813194384544236,2,2,2,0,0,0,2
R007273,DMV,DC–Arlington,5.7367987992870075,2,2,2,0,0,0,2
R007274,Greater NYC,Hudson County,2.139107961884889,1,1,1,0,0,0,1
R007275,Greater NYC,Midtown Manhattan,5.771556730816341,2,1,2,0,0,0,2
R007276,DMV,DC–Arlington,3.07971927755138,1,1,1,0,0,0,1
R007277,Greater NYC,Nassau County,1.0,1,1,1,0,0,0,1
R007278,Greater NYC,Westchester,1.0,0,0,0,0,0,0,0
R007279,Houston,Houston,25.675220924290596,30,1,9,2,0,0,19
R007280,Greater NYC,Nassau County,113.10466879752585,108,5,30,0,0,0,78
R007281,Greater NYC,Lower Manhattan–North Brooklyn,12.039592286284057,8,4,7,0,0,0,8
R007282,Greater NYC,Lower Manhattan–North Brooklyn,6.215208251338101,5,4,4,0,0,0,5
R007283,Greater NYC,Lower Manhattan–North Brooklyn,9.891846176830493,15,6,12,0,0,0,15
R007284,Greater NYC,Lower Manhattan–North Brooklyn,3.785459765925279,5,3,5,0,0,0,3
R007285,Atlanta,Atlanta,1.0,1,1,1,0,0,0,1
R007286,DMV,DC–Arlington,4.935891737344617,7,2,5,0,0,0,7
R007287,Greater NYC,Uptown Manhattan,19.32798399897353,24,5,18,0,0,0,21
R007288,Greater NYC,Midtown Manhattan,9.785436056311251,10,5,10,0,0,0,8
R007289,Greater NYC,Uptown Manhattan,13.53294998826839,14,3,11,0,0,0,10
R007290,Houston,Houston,9.208618270659628,6,1,5,0,0,0,2
R007291,Northern California,Silicon Valley,1.5374289502285368,0,0,0,0,0,0,0
R007292,Greater NYC,Lower Manhattan–North Brooklyn,155.79261274329414,176,12,58,1,0,0,135
R007293,Houston,Houston,2.966478715156168,5,1,3,0,0,0,3
R007294,Boston,Boston,1.350926084526986,1,1,1,0,0,0,1
R007295,Boston,Boston,11.80265253755639,11,3,9,0,0,0,10
R007296,Seattle,Seattle,3.825669263631098,3,1,3,0,0,0,2
R007297,Greater NYC,Lower Manhattan–North Brooklyn,14.42437833637597,14,6,12,0,0,0,14
R007298,Austin,Austin,6.893326073034278,5,1,5,0,0,0,5
R007299,Greater NYC,Lower Manhattan–North Brooklyn,5.91144878083119,6,3,5,0,0,0,6
R007300,Southern California,Pasadena,1.357567411586407,2,1,2,0,0,0,2
R007301,Greater NYC,Lower Manhattan–North Brooklyn,5.073256705957472,2,2,2,0,0,0,2
R007302,Greater NYC,Midtown Manhattan,11.128462996364677,16,7,13,0,0,0,15
R007303,DMV,DC–Arlington,26.63346996652957,36,3,16,1,0,0,22
R007304,Greater NYC,Westchester,2.4178256187560816,4,2,4,0,0,0,2
R007305,Greater NYC,Uptown Manhattan,18.60632655264722,15,4,13,0,0,0,11
R007306,Greater NYC,Lower Manhattan–North Brooklyn,19.963999467694784,23,7,21,0,0,0,20
R007307,Greater NYC,Uptown Manhattan,30.15340900796118,28,4,17,0,0,0,23
R007308,South Florida,Miami,3.66099934761942,4,2,4,0,0,0,3
R007309,Seattle,Seattle,3.25955074208037,3,1,2,0,0,0,3
R007310,Greater NYC,Fairfield County,4.63331052112378,3,2,3,0,0,0,3
R007311,Greater NYC,Fairfield County,4.6431126582340605,5,2,4,0,0,0,4
R007312,Greater NYC,Lower Manhattan–North Brooklyn,32.22604194863293,28,7,19,0,0,0,24
R007313,Greater NYC,Uptown Manhattan,20.767946763632732,15,3,12,0,0,0,14
R007314,South Florida,Miami,14.698788005816374,16,2,6,0,0,0,12
R007315,Boston,Chestnut Hill,19.796424153030085,18,1,8,0,0,0,14
R007316,Greater NYC,Lower Manhattan–North Brooklyn,8.128342366445356,5,4,4,0,0,0,5
R007317,Atlanta,Atlanta,6.304444062105003,7,1,3,0,0,0,7
R007318,Northern California,San Francisco,15.711431296898771,12,2,9,0,0,0,8
R007319,Dallas,Dallas,1.6047197555740864,2,1,2,0,0,0,2
R007320,Northern California,San Francisco,7.106494344353102,11,2,8,0,0,0,6
R007321,Greater NYC,Nassau County,9.61851625916618,10,3,8,0,0,0,9
R007322,Greater NYC,Lower Manhattan–North Brooklyn,5.622277838873091,8,4,8,0,0,0,7
R007323,Greater NYC,Lower Manhattan–North Brooklyn,10.156381806747818,12,4,11,0,0,0,11
R007324,Northern California,Silicon Valley,2.877044371713154,4,2,3,0,0,0,4
R007325,South Florida,Miami,3.4000850560372395,6,2,4,0,0,0,3
R007326,Southern California,Los Angeles,23.485936051020023,21,4,13,0,0,0,12
R007327,Greater NYC,Fairfield County,7.935486061912474,4,1,4,0,0,0,3
R007328,Northern California,San Francisco,1.8568232112560168,3,1,2,0,0,0,3
R007329,DMV,DC–Arlington,3.3457736828530074,4,2,4,0,0,0,3
R007330,Greater NYC,Lower Manhattan–North Brooklyn,1.0,2,2,2,0,0,0,2
R007331,Northern California,San Francisco,7.41004362000809,6,2,5,0,0,0,3
R007332,Greater NYC,Uptown Manhattan,1.0,3,2,3,0,0,0,3
R007333,DMV,DC–Arlington,4.375806545236232,2,2,2,0,0,0,2
R007334,Greater NYC,Uptown Manhattan,1.8539501119336808,2,2,2,0,0,0,2
R007335,Northern California,Marin County,1.0,1,1,1,0,0,0,1
R007336,Greater NYC,Midtown Manhattan,1.0,2,2,2,0,0,0,2
R007337,Northern California,San Francisco,5.306339434944738,4,2,4,0,0,0,3
R007338,Southern California,Los Angeles,2.653416066795931,2,2,1,0,0,0,2
R007339,Greater NYC,Lower Manhattan–North Brooklyn,1.875554015040952,4,4,4,0,0,0,4
R007340,Northern California,San Francisco,2.41797484823819,3,2,3,0,0,0,2
R007341,Southern California,Pasadena,2.1301228879997973,0,0,0,0,0,0,0
R007342,Greater NYC,Uptown Manhattan,4.755732760660984,4,3,4,0,0,0,4
R007343,Seattle,Seattle,3.884143392700872,5,1,3,0,0,0,5
R007344,Houston,Houston,1.0,2,1,1,0,0,0,1
R007345,Greater NYC,Lower Manhattan–North Brooklyn,172.708301626458,166,10,54,2,0,0,116
R007346,DMV,DC–Arlington,1.5087291739767077,0,0,0,0,0,0,0
R007347,Northern California,San Francisco,95.6437224065607,116,2,18,8,0,0,70
R007348,Greater NYC,Lower Manhattan–North Brooklyn,5.357989172564673,5,4,5,0,0,0,4
R007349,Southern California,Pasadena,6.005554621368028,8,3,6,0,0,0,3
R007350,Greater NYC,Lower Manhattan–North Brooklyn,2.1941702760548543,1,1,1,0,0,0,1
R007351,Philadelphia,Main Line,2.788205948381062,2,1,2,0,0,0,1
R007352,Greater NYC,Uptown Manhattan,7.021079357402137,7,3,7,0,0,0,6
R007353,Greater NYC,Lower Manhattan–North Brooklyn,4.198813850881644,7,4,7,0,0,0,7
R007354,Greater NYC,Lower Manhattan–North Brooklyn,15.953791076682467,14,4,13,0,0,0,12
R007355,Philadelphia,Main Line,1.6251115448250963,2,1,2,0,0,0,1
R007356,Chicago,Chicago,16.58072550009445,18,2,7,0,0,0,15
R007357,DMV,DC–Arlington,7.224196263556515,11,3,8,0,0,0,7
R007358,DMV,DC–Arlington,11.862502758839437,7,1,6,0,0,0,6
R007359,Seattle,Seattle,8.706261909932007,10,1,6,0,0,0,10
R007360,Greater NYC,Lower Manhattan–North Brooklyn,6.006487190695945,12,4,12,0,0,0,10
R007361,Greater NYC,Lower Manhattan–North Brooklyn,2.346993698029396,3,2,3,0,0,0,3
R007362,Greater NYC,Uptown Manhattan,5.706687943398364,7,3,7,0,0,0,6
R007363,Greater NYC,Lower Manhattan–North Brooklyn,3.784236313018038,1,1,1,0,0,0,1
R007364,Greater NYC,Lower Manhattan–North Brooklyn,1.3713786862471526,2,2,2,0,0,0,2
R007365,Greater NYC,Uptown Manhattan,6.272276951646844,4,3,4,0,0,0,2
R007366,Greater NYC,Midtown Manhattan,1.3152021078679628,0,0,0,0,0,0,0
R007367,Chicago,Chicago,11.330548580403423,9,2,6,0,0,0,9
R007368,Greater NYC,Fairfield County,5.523055948552403,4,2,4,0,0,0,3
R007369,Greater NYC,Lower Manhattan–North Brooklyn,1.0,1,1,1,0,0,0,1
R007370,Greater NYC,Uptown Manhattan,4.364980367617458,5,3,5,0,0,0,5
R007371,South Florida,Miami,1.0,2,1,2,0,0,0,2
R007372,Greater NYC,Midtown Manhattan,3.2489980807729455,3,3,3,0,0,0,2
R007373,Greater NYC,Lower Manhattan–North Brooklyn,11.445204986045391,7,4,7,0,0,0,5
R007374,Houston,Houston,14.534246408715532,19,1,6,0,0,0,10
R007375,Seattle,Seattle,5.074564685431315,1,1,1,0,0,0,1
R007376,Boston,Boston,3.5843200902848404,7,2,6,0,0,0,5
R007377,Philadelphia,Philadelphia,9.002344986448696,6,2,4,0,0,0,6
R007378,Northern California,San Francisco,1.3647351026406311,2,1,2,0,0,0,2
R007379,Greater NYC,Lower Manhattan–North Brooklyn,200.0,188,11,59,3,0,0,132
R007380,Greater NYC,Midtown Manhattan,11.423150005277146,7,3,7,0,0,0,5
R007381,Greater NYC,North Jersey,2.9255309126422953,4,1,4,0,0,0,3
R007382,Philadelphia,Philadelphia,5.075331947019889,5,2,4,0,0,0,5
R007383,Greater NYC,Lower Manhattan–North Brooklyn,27.735665636986926,27,7,23,0,0,0,18
R007384,Boston,Boston,124.9852178066895,116,3,15,5,0,0,62
R007385,South Florida,Miami,45.31099771859866,42,2,7,1,0,0,28
R007386,Northern California,Silicon Valley,7.809287876548011,12,1,7,0,0,0,8
R007387,Chicago,Chicago,1.0,0,0,0,0,0,0,0
R007388,Houston,Houston,4.903715486261756,5,1,4,0,0,0,4
R007389,Greater NYC,Midtown Manhattan,1.0,0,0,0,0,0,0,0
R007390,Greater NYC,Lower Manhattan–North Brooklyn,4.653955519849791,4,3,4,0,0,0,3
R007391,Southern California,Los Angeles,16.477266810426265,26,3,12,0,0,0,16
R007392,DMV,DC–Arlington,15.961367002982676,19,3,9,0,0,0,16
R007393,Boston,Boston,4.179518875872666,1,1,1,0,0,0,1
R007394,Greater NYC,North Jersey,9.067853747285245,6,1,6,0,0,0,3
R007395,Greater NYC,Uptown Manhattan,1.9231544726733163,1,1,1,0,0,0,1
R007396,Southern California,Los Angeles,5.702715058385398,8,4,7,0,0,0,5
R007397,DMV,DC–Arlington,3.66287677849288,3,2,3,0,0,0,3
R007398,Philadelphia,Main Line,12.16140495825079,10,1,7,0,0,0,7
R007399,Greater NYC,Uptown Manhattan,11.8185938501462,14,3,12,0,0,0,14
R007400,Philadelphia,Philadelphia,1.4367192625138332,3,1,3,0,0,0,3
R007401,Greater NYC,Uptown Manhattan,1.070278249624549,1,1,1,0,0,0,1
R007402,Greater NYC,Westchester,5.466533597193433,1,1,1,0,0,0,1
R007403,Greater NYC,Lower Manhattan–North Brooklyn,2.3759188788018304,2,2,2,0,0,0,1
R007404,Greater NYC,Midtown Manhattan,4.357789366739132,3,3,3,0,0,0,2
R007405,Southern California,Pasadena,5.868112646164461,13,2,8,0,0,0,7
R007406,Greater NYC,Midtown Manhattan,1.0,0,0,0,0,0,0,0
R007407,Atlanta,Atlanta,11.663773196404124,10,1,3,0,0,0,10
R007408,Greater NYC,Lower Manhattan–North Brooklyn,12.444152860423255,14,6,12,0,0,0,11
R007409,Greater NYC,Lower Manhattan–North Brooklyn,2.601146965461513,3,2,3,0,0,0,3
R007410,Chicago,Chicago,36.01063998875109,37,2,11,0,0,0,25
R007411,Greater NYC,Uptown Manhattan,2.2022846559934,2,1,2,0,0,0,2
R007412,Philadelphia,Main Line,3.296869711574649,0,0,0,0,0,0,0
R007413,Greater NYC,Fairfield County,2.797900743618665,5,2,3,0,0,0,4
R007414,Dallas,Dallas,13.843234019532655,14,1,6,0,0,0,12
R007415,Philadelphia,Main Line,58.73993239777904,59,2,7,2,0,0,40
R007416,Philadelphia,Philadelphia,34.699994814010125,40,1,7,0,0,0,30
R007417,Chicago,Chicago,1.0,0,0,0,0,0,0,0
R007418,Greater NYC,Lower Manhattan–North Brooklyn,3.30036137790331,6,4,6,0,0,0,5
R007419,Greater NYC,Uptown Manhattan,4.226897476501622,5,3,5,0,0,0,4
R007420,Greater NYC,Lower Manhattan–North Brooklyn,5.743090622868659,6,3,6,0,0,0,6
R007421,Atlanta,Atlanta,3.173917471828651,6,1,4,0,0,0,6
R007422,Greater NYC,Lower Manhattan–North Brooklyn,2.456987746080165,2,2,2,0,0,0,2
R007423,Southern California,Los Angeles,2.5407448465085856,3,2,3,0,0,0,2
R007424,Boston,Boston,13.106926625440677,16,3,8,0,0,0,12
R007425,Chicago,Chicago,6.216312570659879,8,2,7,0,0,0,8
R007426,Atlanta,Atlanta,9.27849638177736,11,1,4,0,0,0,9
R007427,Philadelphia,Main Line,4.323380116502792,5,2,4,0,0,0,4
R007428,Philadelphia,Philadelphia,2.214152614964222,2,1,1,0,0,0,2
R007429,Greater NYC,Lower Manhattan–North Brooklyn,4.475695188398917,4,3,4,0,0,0,4
R007430,Boston,Boston,4.737196202178655,2,1,2,0,0,0,1
R007431,Greater NYC,Lower Manhattan–North Brooklyn,2.9708675476790836,1,1,1,0,0,0,0
R007432,Austin,Austin,4.997876535698557,3,1,2,0,0,0,3
R007433,DMV,Montgomery County,2.203178855356627,4,2,4,0,0,0,4
R007434,Northern California,San Francisco,101.76358771544184,98,3,18,4,0,0,59
R007435,Greater NYC,Fairfield County,2.786015002289387,4,2,4,0,0,0,0
R007436,Greater NYC,Uptown Manhattan,7.617224549082835,6,3,6,0,0,0,6
R007437,DMV,Montgomery County,19.91802376296285,24,3,13,0,0,0,18
R007438,Southern California,Pasadena,4.539331973149182,8,2,7,0,0,0,4
R007439,DMV,DC–Arlington,19.904332899551093,11,3,6,0,0,0,7
R007440,Philadelphia,Philadelphia,1.859639565813527,0,0,0,0,0,0,0
R007441,Greater NYC,Lower Manhattan–North Brooklyn,2.867276913136191,1,1,1,0,0,0,1
R007442,Greater NYC,Lower Manhattan–North Brooklyn,13.334263655903545,17,5,15,0,0,0,16
R007443,Greater NYC,Lower Manhattan–North Brooklyn,1.1667237103121029,0,0,0,0,0,0,0
R007444,Chicago,Chicago,1.0,0,0,0,0,0,0,0
R007445,Dallas,Dallas,3.647175587648576,4,1,4,0,0,0,3
R007446,Northern California,San Francisco,9.03260311477839,14,2,12,0,0,0,10
R007447,Philadelphia,Philadelphia,1.7859962862671193,4,2,2,0,0,0,4
R007448,Greater NYC,Fairfield County,2.413230229333586,2,1,2,0,0,0,1
R007449,Boston,Boston,2.9502457383565344,3,2,2,0,0,0,3
R007450,Boston,Boston,4.810167333053679,4,2,4,0,0,0,4
R007451,Southern California,Los Angeles,1.0780582644956638,2,1,2,0,0,0,2
R007452,Philadelphia,Main Line,28.8524658458013,32,2,9,0,0,0,24
R007453,Seattle,Seattle,32.891457624282,39,1,8,1,0,0,28
R007454,Greater NYC,North Jersey,1.0,1,1,1,0,0,0,1
R007455,Atlanta,Atlanta,38.86268574496992,46,1,4,1,0,0,29
R007456,Austin,Austin,1.8841212851532123,5,1,3,0,0,0,3
R007457,Seattle,Seattle,30.809255027870016,31,1,8,0,0,0,24
R007458,Greater NYC,Nassau County,5.041045451628211,1,1,1,0,0,0,1
R007459,Southern California,Los Angeles,6.88022251212037,6,3,5,0,0,0,2
R007460,Northern California,San Francisco,1.0,0,0,0,0,0,0,0
R007461,Greater NYC,Midtown Manhattan,4.130797169941582,6,3,6,0,0,0,6
R007462,Boston,Chestnut Hill,8.996611100361402,2,2,1,0,0,0,2
R007463,Greater NYC,Fairfield County,6.5237022324918,9,3,7,0,0,0,8
R007464,Greater NYC,Lower Manhattan–North Brooklyn,25.310793130823953,22,8,17,0,0,0,17
R007465,Northern California,Silicon Valley,1.0,1,1,1,0,0,0,1
R007466,DMV,DC–Arlington,2.7255325736182745,1,1,1,0,0,0,1
R007467,DMV,DC–Arlington,3.7753337220721903,3,2,3,0,0,0,2
R007468,South Florida,Miami,23.949221660465376,21,2,7,2,0,0,9
R007469,Greater NYC,Midtown Manhattan,1.0,0,0,0,0,0,0,0
R007470,Greater NYC,Midtown Manhattan,8.235065128857466,7,3,6,0,0,0,7
R007471,Greater NYC,Lower Manhattan–North Brooklyn,4.816315009911131,5,3,5,0,0,0,5
R007472,Dallas,Dallas,3.4298451796151013,2,1,2,0,0,0,2
R007473,Greater NYC,Lower Manhattan–North Brooklyn,8.19816558070703,9,4,7,0,0,0,8
R007474,Greater NYC,Fairfield County,1.0,0,0,0,0,0,0,0
R007475,Northern California,Silicon Valley,14.153361080693086,17,2,11,0,0,0,12
R007476,Philadelphia,Philadelphia,13.24536931291112,13,1,6,0,0,0,10
R007477,South Florida,Miami,6.809639141004307,6,2,2,0,0,0,2
R007478,Chicago,Chicago,9.785233523598327,7,2,6,0,0,0,5
R007479,Austin,Austin,4.944699362255305,7,1,4,0,0,0,5
R007480,DMV,DC–Arlington,4.868333552960026,2,2,2,0,0,0,2
R007481,Greater NYC,Fairfield County,2.0282679161632147,2,2,2,0,0,0,1
R007482,Greater NYC,North Jersey,14.210693417627288,13,2,10,0,0,0,8
R007483,DMV,DC–Arlington,1.9553572045917609,0,0,0,0,0,0,0
R007484,Greater NYC,Lower Manhattan–North Brooklyn,13.848766513311425,14,5,13,0,0,0,12
R007485,Southern California,Pasadena,29.692602418008757,32,1,9,0,0,0,24
R007486,Austin,Austin,1.0,1,1,1,0,0,0,1
R007487,DMV,DC–Arlington,25.911202254569773,23,3,14,0,0,0,21
R007488,Greater NYC,Uptown Manhattan,4.7144233136564235,7,4,6,0,0,0,7
R007489,Greater NYC,Midtown Manhattan,11.278985868957434,5,2,5,0,0,0,4
R007490,Greater NYC,Lower Manhattan–North Brooklyn,1.0,1,1,1,0,0,0,1
R007491,Greater NYC,Fairfield County,17.255048457832437,16,2,9,0,0,0,9
R007492,DMV,DC–Arlington,8.62073830799957,11,3,8,0,0,0,8
R007493,Greater NYC,Midtown Manhattan,1.250086744787371,1,1,1,0,0,0,1
R007494,Greater NYC,Midtown Manhattan,9.06953081542003,4,3,3,0,0,0,3
R007495,Greater NYC,Midtown Manhattan,5.744390366027264,4,3,3,0,0,0,4
R007496,Greater NYC,Midtown Manhattan,15.504847321957287,21,5,16,0,0,0,20
R007497,DMV,Montgomery County,9.205055437498286,10,2,8,0,0,0,7
R007498,Dallas,Dallas,2.267948635201607,1,1,1,0,0,0,1
R007499,Greater NYC,Hudson County,1.003251018762849,2,1,2,0,0,0,2
R007500,Ann Arbor,Ann Arbor,6.907043359424076,2,1,1,0,0,0,2
R007501,Greater NYC,Uptown Manhattan,3.425479529855977,3,1,3,0,0,0,2
R007502,Greater NYC,Lower Manhattan–North Brooklyn,1.0,1,1,1,0,0,0,1
R007503,DMV,DC–Arlington,1.3248313101887232,1,1,1,0,0,0,1
R007504,Greater NYC,Uptown Manhattan,11.03103872986478,11,3,8,0,0,0,8
R007505,Greater NYC,Lower Manhattan–North Brooklyn,27.38369738870759,32,6,26,0,0,0,28
R007506,Greater NYC,Midtown Manhattan,3.6522470993276337,1,1,1,0,0,0,1
R007507,Dallas,Dallas,1.0,1,1,1,0,0,0,0
R007508,Boston,Boston,1.7762647716645077,3,2,3,0,0,0,1
R007509,Greater NYC,Uptown Manhattan,1.0,1,1,1,0,0,0,0
R007510,Seattle,Seattle,4.627218854236843,6,1,4,0,0,0,6
R007511,DMV,DC–Arlington,15.498973392068343,24,3,14,0,0,0,21
R007512,DMV,Montgomery County,11.3535277796475,11,1,7,0,0,0,8
R007513,Greater NYC,Uptown Manhattan,16.038751742144385,13,3,9,0,0,0,12
R007514,Greater NYC,Midtown Manhattan,1.764703735837927,1,1,1,0,0,0,1
R007515,DMV,DC–Arlington,13.77388682672472,20,4,13,0,0,0,12
R007516,Greater NYC,Uptown Manhattan,1.6132532986114023,0,0,0,0,0,0,0
R007517,Chicago,Chicago,2.1303442349731125,3,2,3,0,0,0,0
R007518,Boston,Boston,1.6186033941815787,3,1,3,0,0,0,2
R007519,Greater NYC,Lower Manhattan–North Brooklyn,1.0,0,0,0,0,0,0,0
R007520,Northern California,San Francisco,48.72117925376279,56,3,17,0,0,0,43
R007521,Boston,Chestnut Hill,3.688769098138025,3,1,2,0,0,0,1
R007522,Greater NYC,North Jersey,2.4271425469639203,1,1,1,0,0,0,1
R007523,Southern California,Los Angeles,10.67323117984041,10,4,7,0,0,0,8
R007524,Northern California,Silicon Valley,1.336446832592609,0,0,0,0,0,0,0
R007525,Atlanta,Atlanta,1.9623744815456992,0,0,0,0,0,0,0
R007526,Greater NYC,Fairfield County,7.853807407307719,5,2,4,0,0,0,5
R007527,Greater NYC,North Jersey,13.237892880160665,10,1,6,0,0,0,2
R007528,Greater NYC,Lower Manhattan–North Brooklyn,30.56045987380764,31,8,23,0,0,0,26
R007529,DMV,DC–Arlington,1.0,0,0,0,0,0,0,0
R007530,Greater NYC,Midtown Manhattan,25.843934309359387,27,4,17,0,0,0,22
R007531,Southern California,Pasadena,16.87350229399937,14,1,4,0,0,0,9
R007532,Seattle,Seattle,1.165225562005859,0,0,0,0,0,0,0
R007533,Greater NYC,Westchester,1.0,2,2,2,0,0,0,2
R007534,Boston,Boston,1.0,0,0,0,0,0,0,0
R007535,Greater NYC,Lower Manhattan–North Brooklyn,1.0,0,0,0,0,0,0,0
R007536,Greater NYC,Westchester,8.607497727363326,10,2,10,0,0,0,5
R007537,DMV,DC–Arlington,10.62353279554981,9,3,7,0,0,0,5
R007538,DMV,DC–Arlington,4.418981926802499,5,3,5,0,0,0,3
R007539,Philadelphia,Philadelphia,1.0,0,0,0,0,0,0,0
R007540,Boston,Boston,1.431961931355845,2,1,2,0,0,0,1
R007541,Southern California,Los Angeles,1.7149318057048502,0,0,0,0,0,0,0
R007542,Austin,Austin,9.26539864609619,7,1,4,0,0,0,3
R007543,Greater NYC,Uptown Manhattan,12.577621292988493,14,3,10,0,0,0,12
R007544,Greater NYC,Westchester,63.24863435818345,57,4,25,1,0,0,45
R007545,Southern California,Los Angeles,1.4199807302895298,0,0,0,0,0,0,0
R007546,Greater NYC,Midtown Manhattan,3.459892553511147,1,1,1,0,0,0,1
R007547,DMV,DC–Arlington,1.2843509321032325,1,1,1,0,0,0,0
R007548,Greater NYC,Lower Manhattan–North Brooklyn,1.24504919374553,1,1,1,0,0,0,1
R007549,Ann Arbor,Ann Arbor,8.46720512998734,7,1,2,0,0,0,5
R007550,Southern California,Pasadena,1.0,0,0,0,0,0,0,0
R007551,Austin,Austin,6.594871407867225,9,1,6,1,0,0,6
R007552,Greater NYC,Uptown Manhattan,3.8387697137499184,5,3,4,0,0,0,5
R007553,Austin,Austin,1.0,0,0,0,0,0,0,0
R007554,Greater NYC,Lower Manhattan–North Brooklyn,8.07031207600598,5,3,5,0,0,0,4
R007555,Greater NYC,Lower Manhattan–North Brooklyn,55.96512555906331,58,6,30,0,0,0,42
R007556,Boston,Boston,1.0,3,1,3,0,0,0,3
R007557,Greater NYC,Lower Manhattan–North Brooklyn,3.597215360386502,0,0,0,0,0,0,0
R007558,Greater NYC,Lower Manhattan–North Brooklyn,22.692540913550495,24,6,20,0,0,0,18
R007559,Greater NYC,Midtown Manhattan,3.853709076670459,4,3,4,0,0,0,2
R007560,Southern California,Los Angeles,1.0,2,1,2,0,0,0,1
R007561,South Florida,Miami,2.1497484733545944,4,2,3,0,0,0,4
R007562,Greater NYC,Nassau County,2.768047238795751,4,1,4,0,0,0,2
R007563,Northern California,San Francisco,1.0,1,1,1,0,0,0,0
R007564,Greater NYC,Uptown Manhattan,1.9397800321497256,3,2,3,0,0,0,3
R007565,DMV,DC–Arlington,2.9541252842317833,3,2,3,0,0,0,3
R007566,Austin,Austin,9.483999506518238,9,1,5,0,0,0,7
R007567,Greater NYC,Lower Manhattan–North Brooklyn,11.191253748570924,14,4,9,0,0,0,9
R007568,Houston,Houston,23.40349367607068,20,1,7,0,0,0,17
R007569,Southern California,Los Angeles,5.14793901189212,9,3,7,0,0,0,3
R007570,Greater NYC,Midtown Manhattan,44.248277481231355,40,7,24,0,0,0,25
R007571,Greater NYC,Westchester,1.0,1,1,1,0,0,0,1
R007572,Southern California,Los Angeles,1.7794799048593706,0,0,0,0,0,0,0
R007573,Southern California,Los Angeles,4.033557091921854,3,1,3,0,0,0,1
R007574,DMV,DC–Arlington,5.561720968291904,7,2,6,0,0,0,4
R007575,DMV,DC–Arlington,6.735662503977502,7,3,6,0,0,0,5
R007576,Boston,Boston,15.57774752517361,19,3,10,0,0,0,10
R007577,Greater NYC,Lower Manhattan–North Brooklyn,1.0,2,1,2,0,0,0,2
R007578,Greater NYC,North Jersey,15.057165911982478,14,2,9,0,0,0,8
R007579,Philadelphia,Philadelphia,43.23786841434996,49,2,9,0,0,0,36
R007580,Greater NYC,North Jersey,4.275836068162303,2,1,2,0,0,0,2
R007581,Boston,Boston,1.878433246106317,0,0,0,0,0,0,0
R007582,Northern California,San Francisco,3.292774076209204,5,3,5,0,0,0,3
R007583,Northern California,San Francisco,1.0,2,2,2,0,0,0,2
R007584,Boston,Boston,1.6373924555933794,0,0,0,0,0,0,0
R007585,DMV,DC–Arlington,4.521810409769643,8,3,4,0,0,0,7
R007586,Southern California,Los Angeles,76.72407094126493,78,3,18,3,0,0,37
R007587,Chicago,Chicago,10.836720433535042,7,2,5,0,0,0,6
R007588,Greater NYC,Uptown Manhattan,17.80386974935592,21,4,15,0,0,0,15
R007589,Seattle,Seattle,28.450236383652236,31,1,8,0,0,0,24
R007590,Northern California,Marin County,1.0,1,1,1,0,0,0,1
R007591,Greater NYC,Lower Manhattan–North Brooklyn,1.7378579783992003,3,3,3,0,0,0,3
R007592,Greater NYC,Fairfield County,4.033105771131676,3,2,3,0,0,0,2
R007593,Greater NYC,Midtown Manhattan,27.38687887082019,24,4,14,0,0,0,17
R007594,Southern California,Los Angeles,48.56502837691229,45,3,17,0,0,0,30
R007595,Greater NYC,Lower Manhattan–North Brooklyn,21.58640253025833,26,6,22,0,0,0,23
R007596,Chicago,Chicago,1.4798539814780467,3,1,3,0,0,0,2
R007597,Northern California,San Francisco,10.294425052776864,12,3,11,0,0,0,8
R007598,Chicago,Chicago,5.801275509920947,4,2,4,0,0,0,4
R007599,Greater NYC,Fairfield County,20.66864930620084,22,4,16,0,0,0,17
R007600,Chicago,Chicago,15.296606482147604,15,2,10,0,0,0,11
R007601,Houston,Houston,3.133948249237707,3,1,3,0,0,0,1
R007602,Southern California,Los Angeles,4.019673263959569,5,3,5,0,0,0,3
R007603,Northern California,Marin County,1.0,2,1,2,0,0,0,1
R007604,South Florida,Miami,3.4259829801169905,6,2,6,0,0,0,3
R007605,Chicago,Chicago,6.492231012221036,7,1,4,0,0,0,4
R007606,Atlanta,Atlanta,1.967801882434872,1,1,1,0,0,0,0
R007607,Greater NYC,Uptown Manhattan,20.670555969101265,27,7,23,0,0,0,24
R007608,Greater NYC,Uptown Manhattan,4.412176276805772,4,2,2,0,0,0,4
R007609,Chicago,Chicago,1.0,4,1,3,0,0,0,4
R007610,Greater NYC,Hudson County,22.216606373018923,17,2,10,0,0,0,13
R007611,Atlanta,Atlanta,6.939686111040853,7,1,4,0,0,0,5
R007612,South Florida,Miami,3.5376587901594796,2,2,2,0,0,0,2
R007613,Greater NYC,Lower Manhattan–North Brooklyn,22.894298680274048,24,6,19,0,0,0,21
R007614,South Florida,Miami,3.836365932523212,5,1,4,0,0,0,5
R007615,Greater NYC,Midtown Manhattan,49.63392346902507,60,6,26,1,0,0,41
R007616,Southern California,Los Angeles,1.3215529611822991,1,1,1,0,0,0,0
R007617,South Florida,Miami,2.1276522697264144,4,2,4,0,0,0,3
R007618,Greater NYC,North Jersey,1.0154681375274015,3,2,3,0,0,0,2
R007619,Greater NYC,Lower Manhattan–North Brooklyn,7.4611796819310525,5,3,5,0,0,0,5
R007620,Greater NYC,Nassau County,13.46995626568727,14,1,8,0,0,0,7
R007621,Chicago,Chicago,8.558753933135101,9,2,6,0,0,0,6
R007622,DMV,DC–Arlington,7.475346546910523,9,4,7,0,0,0,6
R007623,Greater NYC,Fairfield County,8.67414365961704,9,2,7,0,0,0,7
R007624,Philadelphia,Main Line,1.2444491014577144,2,1,2,0,0,0,2
R007625,Northern California,Silicon Valley,1.0,1,1,1,0,0,0,1
R007626,Greater NYC,Lower Manhattan–North Brooklyn,5.239717546795348,3,3,3,0,0,0,3
R007627,Austin,Austin,9.797556594276688,2,1,2,0,0,0,2
R007628,Greater NYC,Lower Manhattan–North Brooklyn,22.529668458698385,16,8,14,0,0,0,10
R007629,Seattle,Seattle,6.632247490272453,3,1,3,0,0,0,3
R007630,Philadelphia,Philadelphia,1.0,1,1,1,0,0,0,1
R007631,Philadelphia,Philadelphia,4.48271073102488,5,2,4,0,0,0,3
R007632,Dallas,Dallas,15.73255885402839,18,1,8,1,0,0,12
R007633,Greater NYC,Lower Manhattan–North Brooklyn,1.0,1,1,1,0,0,0,1
R007634,Atlanta,Atlanta,3.2922726717366197,3,1,2,0,0,0,3
R007635,Austin,Austin,1.428665957062678,1,1,1,0,0,0,0
R007636,Greater NYC,Lower Manhattan–North Brooklyn,3.973206511906181,3,3,3,0,0,0,3
R007637,Greater NYC,Midtown Manhattan,18.36449086423557,20,4,16,0,0,0,14
R007638,Chicago,Chicago,17.275172637669552,19,2,10,0,0,0,14
R007639,Southern California,Los Angeles,14.227609849918297,14,3,9,0,0,0,8
R007640,DMV,DC–Arlington,2.1780328100694426,2,1,2,0,0,0,1
R007641,Greater NYC,North Jersey,8.770716796377648,11,2,7,0,0,0,5
R007642,Southern California,Los Angeles,4.066396951848066,2,2,2,0,0,0,2
R007643,Greater NYC,Lower Manhattan–North Brooklyn,13.141625661841378,12,3,11,0,0,0,12
R007644,Ann Arbor,Ann Arbor,7.935811999770074,9,1,3,0,0,0,6
R007645,Chicago,Chicago,11.767870519803502,12,2,8,0,0,0,6
R007646,Greater NYC,Uptown Manhattan,1.0,2,1,2,0,0,0,2
R007647,South Florida,Miami,13.41746750656312,17,2,6,0,0,0,11
R007648,Southern California,Los Angeles,3.2946700478147735,2,2,2,0,0,0,1
R007649,Atlanta,Atlanta,1.8789984310697905,0,0,0,0,0,0,0
R007650,Philadelphia,Philadelphia,1.314848230455058,1,1,1,0,0,0,0
R007651,Greater NYC,Lower Manhattan–North Brooklyn,1.8258651275354176,1,1,1,0,0,0,1
R007652,Atlanta,Atlanta,3.031480207041935,3,1,3,0,0,0,3
R007653,Greater NYC,Fairfield County,2.1446853372856074,2,1,1,0,0,0,1
R007654,Greater NYC,Midtown Manhattan,7.470329831609759,4,3,4,0,0,0,2
R007655,Northern California,San Francisco,10.318223515537548,7,3,6,0,0,0,6
R007656,Greater NYC,Midtown Manhattan,61.45144374286268,61,5,29,1,0,0,43
R007657,Boston,Boston,74.02537174611484,78,2,12,0,0,0,49
R007658,Seattle,Seattle,2.524286385143301,5,1,5,0,0,0,4
R007659,Greater NYC,Midtown Manhattan,33.276975212811635,25,5,18,0,0,0,17
R007660,Northern California,San Francisco,13.05800872300956,16,3,11,0,0,0,12
R007661,Seattle,Seattle,6.888641811826825,8,1,5,0,0,0,7
R007662,Austin,Austin,60.27609518329566,70,1,8,5,0,0,39
R007663,Greater NYC,Nassau County,2.1457068705644256,1,1,1,0,0,0,0
R007664,Greater NYC,Lower Manhattan–North Brooklyn,2.5285459593288766,2,2,2,0,0,0,2
R007665,Greater NYC,Uptown Manhattan,20.745496928058813,21,2,11,0,0,0,19
R007666,South Florida,Miami,22.035605722038905,26,2,7,1,0,0,17
R007667,Southern California,Pasadena,4.1638177945658175,1,1,1,0,0,0,0
R007668,Greater NYC,Midtown Manhattan,1.98769388490912,1,1,1,0,0,0,1
R007669,South Florida,Miami,4.737917395513906,8,2,6,0,0,0,7
R007670,Greater NYC,North Jersey,15.499036435684593,16,3,14,0,0,0,10
R007671,DMV,DC–Arlington,16.740030990827794,21,4,14,0,0,0,15
R007672,Boston,Boston,3.018782641568156,5,2,4,0,0,0,3
R007673,DMV,DC–Arlington,37.789252476431926,37,3,18,0,0,0,24
R007674,Greater NYC,Fairfield County,1.0,0,0,0,0,0,0,0
R007675,Greater NYC,North Jersey,3.146752637959664,2,2,2,0,0,0,2
R007676,Houston,Houston,2.390862346959281,4,1,3,0,0,0,3
R007677,Southern California,Pasadena,12.00637731546564,17,2,10,0,0,0,13
R007678,Greater NYC,Nassau County,1.0,1,1,1,0,0,0,1
R007679,Philadelphia,Main Line,3.588380544598954,6,2,4,0,0,0,6
R007680,Northern California,Silicon Valley,12.92780111653888,13,3,11,0,0,0,10
R007681,Philadelphia,Philadelphia,3.76782141621364,2,2,2,0,0,0,1
R007682,Atlanta,Atlanta,1.572083396178379,1,1,1,0,0,0,1
R007683,Greater NYC,Lower Manhattan–North Brooklyn,21.05979352477867,25,6,22,0,0,0,20
R007684,Greater NYC,Lower Manhattan–North Brooklyn,24.19406448693982,24,7,20,0,0,0,18
R007685,Southern California,Pasadena,3.8568554930108423,3,1,3,0,0,0,2
R007686,Greater NYC,Lower Manhattan–North Brooklyn,1.1944662015705412,1,1,1,0,0,0,0
R007687,DMV,DC–Arlington,1.217673563847564,1,1,1,0,0,0,0
R007688,Greater NYC,Midtown Manhattan,21.150061621322955,16,6,14,0,0,0,14
R007689,Greater NYC,Westchester,24.378117446753137,23,5,18,0,0,0,22
R007690,Greater NYC,Lower Manhattan–North Brooklyn,24.108378527866453,18,7,14,0,0,0,15
R007691,Chicago,Chicago,3.313820326558975,6,2,5,0,0,0,6
R007692,Boston,Chestnut Hill,1.6428032396279493,3,1,3,0,0,0,1
R007693,Greater NYC,Lower Manhattan–North Brooklyn,3.025557803875337,2,2,2,0,0,0,2
R007694,South Florida,Miami,5.128007656639178,4,2,3,0,0,0,4
R007695,DMV,DC–Arlington,2.5114844337492452,4,2,4,0,0,0,4
R007696,Boston,Boston,1.0,0,0,0,0,0,0,0
R007697,Greater NYC,Midtown Manhattan,6.8400168049561465,11,5,9,0,0,0,4
R007698,Greater NYC,Lower Manhattan–North Brooklyn,1.481355143194638,3,3,3,0,0,0,2
R007699,Southern California,Los Angeles,2.3938935949237203,3,2,3,0,0,0,3
R007700,DMV,DC–Arlington,3.4325551242409236,2,2,2,0,0,0,2
R007701,Boston,Boston,3.69383774151949,5,3,4,0,0,0,3
R007702,Northern California,Silicon Valley,9.357277889637867,13,1,5,1,0,0,10
R007703,Northern California,San Francisco,1.2255680012857348,0,0,0,0,0,0,0
R007704,Atlanta,Atlanta,3.1666674218609385,5,1,3,0,0,0,5
R007705,Greater NYC,Lower Manhattan–North Brooklyn,21.19383671592255,19,7,17,0,0,0,17
R007706,Greater NYC,Uptown Manhattan,1.5978274250333442,2,1,2,0,0,0,2
R007707,Dallas,Dallas,6.794199129170271,7,1,5,0,0,0,5
R007708,Greater NYC,Hudson County,6.023820224215323,7,1,4,0,0,0,5
R007709,Greater NYC,Lower Manhattan–North Brooklyn,24.36888014558679,20,8,19,0,0,0,16
R007710,Greater NYC,Lower Manhattan–North Brooklyn,6.530238126954108,8,6,8,0,0,0,6
R007711,Atlanta,Atlanta,8.88911700934202,7,1,3,0,0,0,7
R007712,Greater NYC,Uptown Manhattan,2.9180300101901575,7,4,6,0,0,0,6
R007713,Greater NYC,Nassau County,3.9758326733581546,3,1,3,0,0,0,3
R007714,Boston,Chestnut Hill,4.997613359709193,7,1,5,0,0,0,4
R007715,Philadelphia,Philadelphia,3.302681141368465,3,1,2,0,0,0,1
R007716,Austin,Austin,1.0075382280155227,1,1,1,0,0,0,1
R007717,Dallas,Dallas,5.50625901733766,8,1,5,0,0,0,5
R007718,DMV,Montgomery County,4.030862104184538,0,0,0,0,0,0,0
R007719,Greater NYC,Midtown Manhattan,3.783777593172742,3,3,3,0,0,0,3
R007720,Northern California,Marin County,10.040758226587444,7,3,7,0,0,0,5
R007721,Southern California,Los Angeles,9.413974162133613,11,4,8,0,0,0,7
R007722,Greater NYC,Midtown Manhattan,65.52372788020394,72,5,30,1,0,0,56
R007723,Greater NYC,Lower Manhattan–North Brooklyn,3.0560517030845067,3,3,3,0,0,0,3
R007724,Northern California,San Francisco,13.318665863673472,16,2,10,1,0,0,10
R007725,Greater NYC,Midtown Manhattan,1.0,0,0,0,0,0,0,0
R007726,Greater NYC,Midtown Manhattan,3.120408198082465,4,1,3,0,0,0,3
R007727,Chicago,Chicago,53.1476021926841,50,2,11,0,0,0,36
R007728,Ann Arbor,Ann Arbor,1.4045819800390298,2,1,2,0,0,0,2
R007729,Greater NYC,Midtown Manhattan,1.0,1,1,1,0,0,0,1
R007730,Greater NYC,Hudson County,15.896721824629704,15,2,11,0,0,0,11
R007731,Northern California,San Francisco,2.426694209655237,1,1,1,0,0,0,1
R007732,Greater NYC,Fairfield County,2.3216279192631277,2,1,2,0,0,0,2
R007733,Greater NYC,Midtown Manhattan,1.76506433981298,0,0,0,0,0,0,0
R007734,Chicago,Chicago,16.758360078901145,19,2,9,0,0,0,18
R007735,Greater NYC,Lower Manhattan–North Brooklyn,1.0,1,1,1,0,0,0,1
R007736,Northern California,San Francisco,19.44257684463981,16,2,7,0,0,0,11
R007737,Greater NYC,Uptown Manhattan,6.2282838727093575,8,4,8,0,0,0,7
R007738,Boston,Chestnut Hill,7.716259121274683,9,2,5,0,0,0,7
R007739,Greater NYC,Lower Manhattan–North Brooklyn,6.350630856954177,5,4,5,0,0,0,3
R007740,Greater NYC,Lower Manhattan–North Brooklyn,10.684489233987009,14,7,14,0,0,0,10
R007741,Greater NYC,Nassau County,120.79765429561088,133,2,16,5,1,3,75
R007742,Greater NYC,Nassau County,19.31602626935301,33,1,11,0,0,0,21
R007743,Greater NYC,Lower Manhattan–North Brooklyn,1.0,1,1,1,0,0,0,1
R007744,Houston,Houston,24.04150307259214,16,1,7,1,0,0,6
R007745,Greater NYC,Uptown Manhattan,3.980722772886848,4,2,4,0,0,0,4
R007746,Northern California,San Francisco,41.20398563455091,33,2,11,0,0,0,27
R007747,Atlanta,Atlanta,5.27184630854211,8,1,2,0,0,0,7
R007748,Ann Arbor,Ann Arbor,9.2500613361245,10,1,3,0,0,0,5
R007749,Greater NYC,Nassau County,18.56005594333429,14,3,13,0,0,0,12
R007750,Northern California,San Francisco,8.063138031446615,3,1,3,0,0,0,3
R007751,Greater NYC,Fairfield County,15.34963594137344,9,2,8,0,0,0,7
R007752,Greater NYC,Lower Manhattan–North Brooklyn,2.477620839745223,0,0,0,0,0,0,0
R007753,Northern California,San Francisco,3.477263118316868,5,3,5,0,0,0,4
R007754,Boston,Chestnut Hill,2.6859692851813306,2,1,2,0,0,0,1
R007755,Greater NYC,Fairfield County,7.317457306775517,6,1,5,0,0,0,5
R007756,Greater NYC,Fairfield County,5.97714769293894,4,2,4,0,0,0,4
R007757,Boston,Boston,1.0,0,0,0,0,0,0,0
R007758,Boston,Chestnut Hill,10.54485079333751,10,1,6,0,0,0,7
R007759,Greater NYC,Lower Manhattan–North Brooklyn,1.8382215072854051,2,2,2,0,0,0,2
R007760,Atlanta,Atlanta,3.7441244049121063,6,1,4,0,0,0,5
R007761,Greater NYC,Lower Manhattan–North Brooklyn,5.202966390895064,12,4,11,0,0,0,10
R007762,Atlanta,Atlanta,28.156391533845984,30,1,4,2,0,0,20
R007763,Houston,Houston,26.720549756627964,31,1,8,0,0,0,17
R007764,Chicago,Chicago,9.123158457850666,11,2,7,0,0,0,8
R007765,Greater NYC,Uptown Manhattan,3.774365925234708,8,2,5,0,0,0,8
R007766,Greater NYC,Lower Manhattan–North Brooklyn,32.252095383112675,38,9,25,0,0,0,29
R007767,Austin,Austin,1.0893510069570564,1,1,1,0,0,0,1
R007768,DMV,DC–Arlington,3.549282182182355,3,2,3,0,0,0,2
R007769,DMV,Montgomery County,1.3690701367166225,3,1,2,0,0,0,3
R007770,Northern California,Marin County,26.54950579693957,23,1,8,2,0,0,13
R007771,Chicago,Chicago,2.5374808049061093,3,1,2,0,0,0,2
R007772,Houston,Houston,11.969309012325018,12,1,8,0,0,0,7
R007773,Seattle,Seattle,12.039092383429214,13,1,6,0,0,0,10
R007774,Philadelphia,Main Line,8.71210743703128,7,1,6,0,0,0,6
R007775,Philadelphia,Main Line,9.763676173391332,11,2,6,0,0,0,10
R007776,Philadelphia,Main Line,4.463545940236082,7,1,5,0,0,0,6
R007777,Chicago,Chicago,6.2143949136479035,5,2,4,0,0,0,3
R007778,Boston,Boston,3.097098262036137,2,1,2,0,0,0,1
R007779,Greater NYC,North Jersey,7.48562806133838,9,1,7,0,0,0,2
R007780,Greater NYC,Hudson County,36.37518315346321,40,3,12,1,0,0,21
R007781,DMV,DC–Arlington,12.97091643257464,9,3,5,0,0,0,7
R007782,Seattle,Seattle,1.0,0,0,0,0,0,0,0
R007783,Northern California,San Francisco,1.0,1,1,1,0,0,0,0
R007784,Southern California,Los Angeles,1.420564717484962,3,3,3,0,0,0,3
R007785,Greater NYC,Lower Manhattan–North Brooklyn,2.897988227497037,2,2,2,0,0,0,1
R007786,DMV,DC–Arlington,3.1775572947348367,5,2,3,0,0,0,5
R007787,Southern California,Los Angeles,1.0,0,0,0,0,0,0,0
R007788,Northern California,Silicon Valley,2.267973382560698,2,1,2,0,0,0,2
R007789,Greater NYC,North Jersey,9.324332585663376,5,1,3,1,0,0,2
R007790,DMV,DC–Arlington,8.319146271959927,6,2,6,0,0,0,5
R007791,Boston,Chestnut Hill,1.523176905610798,0,0,0,0,0,0,0
R007792,Philadelphia,Philadelphia,1.0,3,1,3,0,0,0,3
R007793,South Florida,Miami,7.85635893401105,12,2,6,0,0,0,11
R007794,Northern California,San Francisco,1.446873318777998,2,1,2,0,0,0,1
R007795,Greater NYC,Westchester,17.110840335654522,10,2,7,0,0,0,7
R007796,Greater NYC,Midtown Manhattan,8.919647268701453,9,5,8,0,0,0,7
R007797,DMV,DC–Arlington,68.48136707556706,63,4,21,0,0,0,45
R007798,DMV,Montgomery County,7.219319613234209,8,1,5,0,0,0,6
R007799,Philadelphia,Main Line,3.918382231062846,4,2,3,0,0,0,3
R007800,DMV,Montgomery County,5.84547466033427,5,2,3,0,0,0,3
R007801,Southern California,Los Angeles,1.0,0,0,0,0,0,0,0
R007802,Greater NYC,Uptown Manhattan,11.396001744959197,9,3,7,0,0,0,7
R007803,South Florida,Miami,17.179751064847068,20,2,5,0,0,0,11
R007804,Greater NYC,Westchester,13.643034138158333,15,3,12,0,0,0,14
R007805,Boston,Chestnut Hill,3.659051239121821,3,1,2,0,0,0,1
R007806,Southern California,Los Angeles,3.229988242243437,3,3,3,0,0,0,1
R007807,Chicago,Chicago,8.074926182290124,7,2,4,0,0,0,6
R007808,DMV,Montgomery County,12.480726857437048,17,2,9,1,0,0,9
R007809,Boston,Boston,44.99586090164594,56,2,13,1,0,0,39
R007810,Northern California,Marin County,19.627314042192648,19,3,11,0,0,0,14
R007811,Seattle,Seattle,1.0,0,0,0,0,0,0,0
R007812,Austin,Austin,7.705805786871626,6,1,5,0,0,0,5
R007813,Ann Arbor,Ann Arbor,1.0,0,0,0,0,0,0,0
R007814,Northern California,San Francisco,1.0093478832342964,1,1,1,0,0,0,1
R007815,Greater NYC,Uptown Manhattan,3.864295921636771,4,4,4,0,0,0,3
R007816,Southern California,Los Angeles,70.21232113112713,61,4,21,1,0,0,35
R007817,Philadelphia,Philadelphia,10.06870186961594,8,1,4,0,0,0,8
R007818,Seattle,Seattle,8.827035264835905,7,1,6,0,0,0,6
R007819,Southern California,Los Angeles,1.4529387121591648,2,2,2,0,0,0,2
R007820,Greater NYC,Uptown Manhattan,13.099445229324044,5,3,5,0,0,0,4
R007821,Boston,Boston,47.238911520175385,41,3,13,0,0,0,30
R007822,Greater NYC,Fairfield County,2.386901386446979,2,2,2,0,0,0,2
R007823,Greater NYC,Lower Manhattan–North Brooklyn,1.0,2,2,2,0,0,0,1
R007824,Boston,Boston,3.4938666595385737,6,2,4,0,0,0,3
R007825,DMV,DC–Arlington,7.478452726167713,12,4,10,0,0,0,8
R007826,Seattle,Seattle,18.555551795165492,17,1,7,0,0,0,16
R007827,DMV,DC–Arlington,5.351999072363298,5,2,4,0,0,0,4
R007828,DMV,DC–Arlington,2.7085669180628256,4,2,4,0,0,0,4
R007829,DMV,DC–Arlington,1.2097040222064184,1,1,1,0,0,0,1
R007830,South Florida,Miami,1.7042103262520802,2,2,2,0,0,0,2
R007831,DMV,DC–Arlington,3.752852775578473,5,3,5,0,0,0,3
R007832,Greater NYC,Uptown Manhattan,2.4413780302372783,3,2,3,0,0,0,2
R007833,Greater NYC,Uptown Manhattan,5.608373716341342,6,6,6,0,0,0,6
R007834,Boston,Boston,3.911624482100184,3,2,3,0,0,0,2
R007835,Atlanta,Atlanta,47.233856873028216,38,1,4,1,0,0,30
R007836,Austin,Austin,19.482541379073044,21,1,7,0,0,0,15
R007837,Chicago,Chicago,16.46490490589563,24,2,9,0,0,0,16
R007838,Greater NYC,Westchester,9.907614406871364,14,4,11,0,0,0,10
R007839,Chicago,Chicago,2.770194964919073,3,2,3,0,0,0,2
R007840,Philadelphia,Main Line,14.0133732912372,11,1,5,0,0,0,7
R007841,Greater NYC,Nassau County,11.362157936704808,17,3,13,0,0,0,13
R007842,DMV,DC–Arlington,16.591628652483674,15,3,10,0,0,0,11
R007843,Greater NYC,Fairfield County,3.583862520422479,7,2,4,0,0,0,6
R007844,Boston,Boston,1.562662684390127,3,2,3,0,0,0,3
R007845,Southern California,Pasadena,1.3310116868122297,0,0,0,0,0,0,0
R007846,Greater NYC,Lower Manhattan–North Brooklyn,24.617325408817848,18,8,14,0,0,0,16
R007847,Northern California,Marin County,19.296591783164136,22,2,11,0,0,0,18
R007848,Southern California,Pasadena,7.853893569985093,11,1,7,0,0,0,11
R007849,Greater NYC,Midtown Manhattan,8.095674283178887,10,5,8,0,0,0,9
R007850,Greater NYC,Uptown Manhattan,18.307864854916197,28,3,19,0,0,0,25
R007851,DMV,DC–Arlington,8.42213012732139,12,3,10,0,0,0,9
R007852,Greater NYC,Uptown Manhattan,5.191032177292141,8,3,8,0,0,0,6
R007853,Atlanta,Atlanta,2.0271282201039353,5,1,3,1,0,0,3
R007854,Southern California,Los Angeles,1.172226503465489,4,2,4,0,0,0,3
R007855,DMV,DC–Arlington,6.8655293624311415,12,3,9,0,0,0,9
R007856,Greater NYC,North Jersey,4.710202748334179,5,2,5,0,0,0,4
R007857,Northern California,Silicon Valley,8.41655290933446,4,1,3,0,0,0,3
R007858,Greater NYC,Lower Manhattan–North Brooklyn,2.7202091232491092,5,2,4,0,0,0,3
R007859,Greater NYC,Hudson County,16.93933905748219,25,2,11,0,0,0,14
R007860,Dallas,Dallas,4.6994907440779645,5,1,4,0,0,0,4
R007861,Greater NYC,Midtown Manhattan,21.794267594679827,19,6,17,0,0,0,14
R007862,Greater NYC,Lower Manhattan–North Brooklyn,44.02576901493556,54,8,32,0,0,0,41
R007863,Philadelphia,Main Line,8.462041304033638,7,2,6,0,0,0,4
R007864,Boston,Boston,4.4926476104488895,6,1,4,0,0,0,3
R007865,Greater NYC,Lower Manhattan–North Brooklyn,3.083423893777695,3,3,3,0,0,0,2
R007866,Greater NYC,Uptown Manhattan,4.455395102632903,8,3,6,0,0,0,6
R007867,Ann Arbor,Ann Arbor,20.556967361771584,22,1,3,2,0,0,13
R007868,Southern California,Los Angeles,12.719331718461516,8,3,6,0,0,0,5
R007869,Greater NYC,Nassau County,3.311397130318863,3,2,3,0,0,0,2
R007870,Greater NYC,Lower Manhattan–North Brooklyn,9.883928019376125,10,4,10,0,0,0,8
R007871,Atlanta,Atlanta,3.728271040948347,3,1,1,0,0,0,3
R007872,Greater NYC,Lower Manhattan–North Brooklyn,1.819112956554652,5,4,5,0,0,0,5
R007873,Greater NYC,Lower Manhattan–North Brooklyn,50.916244153430014,52,8,37,0,0,0,45
R007874,Greater NYC,Westchester,9.88133012674818,9,2,8,0,0,0,6
R007875,Greater NYC,Lower Manhattan–North Brooklyn,95.10648837507738,95,7,41,0,0,0,72
R007876,Houston,Houston,2.7991560040201136,2,1,2,0,0,0,2
R007877,Northern California,Marin County,6.426595748198196,9,2,8,0,0,0,7
R007878,Philadelphia,Main Line,3.800154505875734,1,1,1,0,0,0,1
R007879,DMV,DC–Arlington,2.2740610091675433,2,2,2,0,0,0,1
R007880,Greater NYC,Midtown Manhattan,7.458998609217891,6,3,6,0,0,0,4
R007881,Greater NYC,Uptown Manhattan,1.6246986271985489,2,2,2,0,0,0,1
R007882,Greater NYC,Nassau County,25.065502474055048,27,4,17,0,0,0,22
R007883,Greater NYC,Fairfield County,17.80757289672292,14,3,11,0,0,0,10
R007884,DMV,DC–Arlington,11.581546580983524,11,3,7,0,0,0,9
R007885,Northern California,San Francisco,6.787456032131913,8,3,6,0,0,0,7
R007886,DMV,Montgomery County,1.3613494876751226,2,1,1,0,0,0,1
R007887,Southern California,Los Angeles,2.133269447848117,1,1,1,0,0,0,0
R007888,Greater NYC,Lower Manhattan–North Brooklyn,2.4450579026996584,6,4,5,0,0,0,5
R007889,Greater NYC,Midtown Manhattan,10.462585824331804,10,4,9,0,0,0,10
R007890,Southern California,Los Angeles,1.1057902751436768,1,1,1,0,0,0,1
R007891,Greater NYC,Uptown Manhattan,1.0,1,1,1,0,0,0,1
R007892,Seattle,Seattle,7.933681225124815,3,1,2,0,0,0,2
R007893,Austin,Austin,9.40006058505841,3,1,3,0,0,0,3
R007894,Greater NYC,Lower Manhattan–North Brooklyn,6.310792968973116,7,4,7,0,0,0,7
R007895,Boston,Chestnut Hill,44.13970615443136,46,2,10,2,0,0,28
R007896,DMV,DC–Arlington,39.068825640136865,34,4,15,1,0,0,25
R007897,Greater NYC,Uptown Manhattan,5.1997539991912305,7,4,6,0,0,0,7
R007898,Boston,Boston,8.15701730120071,8,2,7,0,0,0,5
R007899,DMV,DC–Arlington,18.08428217626383,20,3,14,0,0,0,14
R007900,Seattle,Seattle,3.1307761999489805,3,1,2,0,0,0,3
R007901,Austin,Austin,1.0,0,0,0,0,0,0,0
R007902,Greater NYC,Lower Manhattan–North Brooklyn,2.5253277171938007,3,3,3,0,0,0,3
R007903,Southern California,Los Angeles,1.0461692017834323,1,1,1,0,0,0,1
R007904,Southern California,Pasadena,2.4327740204271873,4,1,3,0,0,0,3
R007905,Houston,Houston,6.03755263189701,5,1,4,0,0,0,4
R007906,Southern California,Los Angeles,1.0,1,1,1,0,0,0,0
R007907,South Florida,Miami,1.0,2,1,2,0,0,0,1
R007908,Boston,Boston,8.117282924142224,9,2,7,0,0,0,7
R007909,Greater NYC,Lower Manhattan–North Brooklyn,39.38641287672231,38,10,27,0,0,0,30
R007910,Boston,Chestnut Hill,3.8673061393849593,3,1,2,0,0,0,3
R007911,Greater NYC,Lower Manhattan–North Brooklyn,70.56991555116672,73,8,39,0,0,0,63
R007912,Greater NYC,Lower Manhattan–North Brooklyn,3.3571841633930433,4,4,4,0,0,0,3
R007913,South Florida,Miami,4.7449261672795275,7,2,5,0,0,0,2
R007914,Southern California,Los Angeles,1.8440488543934312,1,1,1,0,0,0,1
R007915,Ann Arbor,Ann Arbor,32.47382481431642,34,1,3,0,0,0,15
R007916,Austin,Austin,25.479567193769803,18,1,7,0,0,0,14
R007917,Northern California,San Francisco,16.922173018618505,18,3,13,0,0,0,15
R007918,Greater NYC,Hudson County,1.0,0,0,0,0,0,0,0
R007919,South Florida,Miami,1.182543119486696,2,1,2,0,0,0,1
R007920,Dallas,Dallas,25.355565099171994,21,1,9,0,0,0,15
R007921,Greater NYC,Fairfield County,6.147455182710644,4,3,4,0,0,0,2
R007922,Dallas,Dallas,2.821886168025541,1,1,1,0,0,0,1
R007923,Greater NYC,Uptown Manhattan,7.417331407853588,6,4,6,0,0,0,5
R007924,South Florida,Miami,3.598773668117131,4,1,4,0,0,0,3
R007925,Greater NYC,Lower Manhattan–North Brooklyn,24.313734693888296,26,9,21,0,0,0,17
R007926,Dallas,Dallas,4.821050696177043,6,1,4,0,0,0,6
R007927,Philadelphia,Philadelphia,34.857428783233345,29,2,7,0,0,0,20
R007928,Greater NYC,Hudson County,1.2547759271197103,0,0,0,0,0,0,0
R007929,Greater NYC,Uptown Manhattan,15.093224119200888,14,3,11,0,0,0,13
R007930,South Florida,Miami,15.628629811698636,17,2,4,0,0,0,13
R007931,Northern California,Silicon Valley,1.7901370986712446,0,0,0,0,0,0,0
R007932,Greater NYC,Lower Manhattan–North Brooklyn,4.419657237766881,3,3,3,0,0,0,3
R007933,Greater NYC,Uptown Manhattan,34.2371141732525,25,7,18,0,0,0,22
R007934,Boston,Boston,1.8265468116821648,3,2,3,0,0,0,3
R007935,South Florida,Miami,5.0931356062002955,9,2,6,0,0,0,9
R007936,Northern California,San Francisco,5.837632127183827,5,2,4,0,0,0,3
R007937,Greater NYC,Midtown Manhattan,1.0,0,0,0,0,0,0,0
R007938,Southern California,Pasadena,4.829760745709117,3,1,3,0,0,0,3
R007939,South Florida,Miami,1.716806340078312,3,2,3,0,0,0,3
R007940,Philadelphia,Main Line,1.0,2,1,2,0,0,0,1
R007941,Chicago,Chicago,6.153594048202224,4,2,4,0,0,0,3
R007942,Greater NYC,Midtown Manhattan,200.0,189,4,37,10,1,1,110
R007943,Philadelphia,Philadelphia,25.345221806156474,29,1,7,0,0,0,22
R007944,Boston,Boston,7.733457356687948,11,2,8,0,0,0,6
R007945,DMV,DC–Arlington,1.0,0,0,0,0,0,0,0
R007946,Greater NYC,Lower Manhattan–North Brooklyn,23.16558394049524,17,4,14,0,0,0,15
R007947,Northern California,San Francisco,27.75201380932847,32,3,18,1,0,0,24
R007948,Northern California,San Francisco,1.6364291020987882,2,2,2,0,0,0,2
R007949,DMV,DC–Arlington,5.447208426626335,5,3,4,0,0,0,4
R007950,DMV,DC–Arlington,1.0,0,0,0,0,0,0,0
R007951,Greater NYC,Fairfield County,11.768166468087038,17,4,13,0,0,0,15
R007952,Greater NYC,North Jersey,9.68955097264034,13,2,9,0,0,0,9
R007953,Greater NYC,Lower Manhattan–North Brooklyn,12.159527086027854,15,7,14,0,0,0,14
R007954,Southern California,Los Angeles,3.986055477591014,1,1,1,0,0,0,1
R007955,Seattle,Seattle,29.41610930111582,37,1,8,0,0,0,25
R007956,Greater NYC,Uptown Manhattan,2.1011594990634093,2,2,2,0,0,0,1
R007957,Boston,Boston,1.7407508403800114,2,1,2,0,0,0,1
R007958,Greater NYC,Uptown Manhattan,3.004181473436259,1,1,1,0,0,0,1
R007959,Dallas,Dallas,13.454329769482072,18,1,7,0,0,0,13
R007960,DMV,DC–Arlington,15.17521517696248,17,3,12,0,0,0,14
R007961,Boston,Boston,1.8079345909395603,1,1,1,0,0,0,1
R007962,Southern California,Los Angeles,18.948415994523813,15,3,10,0,0,0,10
R007963,Chicago,Chicago,6.4100050922311675,5,2,5,0,0,0,5
R007964,Philadelphia,Main Line,2.1126908127835033,0,0,0,0,0,0,0
R007965,Chicago,Chicago,13.60955689788975,14,2,6,0,0,0,9
R007966,Austin,Austin,4.676926152322187,5,1,4,0,0,0,4
R007967,Philadelphia,Philadelphia,1.6876668417231195,2,1,2,0,0,0,2
R007968,Greater NYC,Lower Manhattan–North Brooklyn,10.883603136807915,12,5,11,0,0,0,9
R007969,DMV,Montgomery County,19.563356517423166,23,3,15,0,0,0,13
R007970,Philadelphia,Main Line,25.785130643182097,22,1,7,0,0,0,17
R007971,Greater NYC,Midtown Manhattan,5.669971954989442,7,4,5,0,0,0,5
R007972,Greater NYC,Nassau County,6.411180063639588,6,1,3,0,0,0,5
R007973,DMV,DC–Arlington,3.223756774069385,4,3,4,0,0,0,3
R007974,DMV,DC–Arlington,1.3908213211929086,3,2,3,0,0,0,2
R007975,Southern California,Pasadena,3.565300255206311,4,1,4,0,0,0,3
R007976,Boston,Boston,10.519569307999738,11,2,6,0,0,0,6
R007977,Greater NYC,Uptown Manhattan,8.333146198347013,9,2,8,0,0,0,8
R007978,Northern California,Silicon Valley,1.0,0,0,0,0,0,0,0
R007979,Greater NYC,Fairfield County,1.0,0,0,0,0,0,0,0
R007980,Greater NYC,Fairfield County,15.299039010364972,13,3,11,0,0,0,12
R007981,Greater NYC,Lower Manhattan–North Brooklyn,11.684744896152589,7,7,6,0,0,0,6
R007982,Greater NYC,Uptown Manhattan,7.604371681202391,9,4,8,0,0,0,8
R007983,Greater NYC,Lower Manhattan–North Brooklyn,1.9686732164487604,2,2,2,0,0,0,1
R007984,Boston,Boston,19.377168149831785,23,2,10,0,0,0,14
R007985,Northern California,San Francisco,1.2481814862272838,3,2,3,0,0,0,2
R007986,Philadelphia,Main Line,1.7011778226302077,1,1,1,0,0,0,0
R007987,Philadelphia,Philadelphia,1.0,1,1,1,0,0,0,1
R007988,DMV,DC–Arlington,2.8276708710674594,1,1,1,0,0,0,1
R007989,Greater NYC,Uptown Manhattan,1.0,1,1,1,0,0,0,1
R007990,Greater NYC,Uptown Manhattan,7.641123107621962,8,4,7,0,0,0,7
R007991,Greater NYC,Uptown Manhattan,1.5063615037736762,0,0,0,0,0,0,0
R007992,Austin,Austin,6.106731044180937,5,1,4,0,0,0,4
R007993,Northern California,Silicon Valley,3.280548837255079,3,1,3,0,0,0,2
R007994,Philadelphia,Philadelphia,6.766496114869832,5,1,3,0,0,0,5
R007995,Boston,Chestnut Hill,13.336513742724842,20,2,10,0,0,0,18
R007996,Greater NYC,Midtown Manhattan,1.7754944694836203,2,1,2,0,0,0,2
R007997,Greater NYC,Lower Manhattan–North Brooklyn,3.511843416257963,4,3,4,0,0,0,3
R007998,Chicago,Chicago,8.35281038158038,11,2,5,0,0,0,8
R007999,Chicago,Chicago,8.910221541907049,10,2,8,0,0,0,6
R008000,Seattle,Seattle,7.895258774610148,4,1,3,0,0,0,3
R008001,Greater NYC,Uptown Manhattan,5.237862434823746,7,3,7,0,0,0,6
R008002,Greater NYC,Lower Manhattan–North Brooklyn,1.8620568652269651,3,3,3,0,0,0,3
R008003,DMV,DC–Arlington,7.816786805363969,12,3,10,0,0,0,8
R008004,Greater NYC,Midtown Manhattan,2.1629044463832674,0,0,0,0,0,0,0
R008005,Greater NYC,Uptown Manhattan,10.84138567905318,6,3,6,0,0,0,5
R008006,Northern California,San Francisco,4.960290854668188,8,3,7,0,0,0,4
R008007,Greater NYC,Hudson County,18.921432226333685,12,2,9,0,0,0,10
R008008,Austin,Austin,3.1952734430596283,7,1,3,0,0,0,6
R008009,Boston,Chestnut Hill,1.415988498523273,1,1,1,0,0,0,1
R008010,Greater NYC,Midtown Manhattan,3.806097457995402,1,1,1,0,0,0,1
R008011,Greater NYC,Uptown Manhattan,18.163429228397916,18,3,16,0,0,0,16
R008012,Chicago,Chicago,1.576180391334066,3,2,2,0,0,0,1
R008013,Southern California,Los Angeles,1.5262875389171593,1,1,1,0,0,0,0
R008014,Northern California,San Francisco,6.819390558310329,10,3,7,0,0,0,8
R008015,Northern California,San Francisco,99.55365569010932,98,3,19,3,0,0,58
R008016,Greater NYC,Westchester,20.84383959173421,28,4,14,1,0,0,16
R008017,DMV,DC–Arlington,27.334441728853555,32,4,16,1,0,0,22
R008018,Greater NYC,Midtown Manhattan,29.38214059064887,30,5,20,0,0,0,23
R008019,Greater NYC,Westchester,3.2158791835880995,5,3,5,0,0,0,4
R008020,Chicago,Chicago,4.199684307276621,1,1,1,0,0,0,1
R008021,Greater NYC,Lower Manhattan–North Brooklyn,49.6840147691849,56,8,36,1,0,0,42
R008022,Northern California,San Francisco,9.808743214482408,7,2,6,0,0,0,6
R008023,Greater NYC,Fairfield County,6.1448529528084705,11,2,9,0,0,0,7
R008024,Greater NYC,Midtown Manhattan,1.0,0,0,0,0,0,0,0
R008025,Greater NYC,Lower Manhattan–North Brooklyn,1.0,2,2,2,0,0,0,2
R008026,Greater NYC,North Jersey,1.0,1,1,1,0,0,0,1
R008027,DMV,Montgomery County,11.026492325657438,8,1,6,0,0,0,4
R008028,Greater NYC,Lower Manhattan–North Brooklyn,1.0,3,3,3,0,0,0,1
R008029,Greater NYC,Fairfield County,69.09552345677892,71,3,19,2,0,0,43
R008030,Northern California,Silicon Valley,76.73711033754827,65,2,19,2,0,0,39
R008031,Greater NYC,Uptown Manhattan,24.00255136261717,19,5,15,0,0,0,18
R008032,Greater NYC,Lower Manhattan–North Brooklyn,10.089404501558777,9,4,9,0,0,0,8
R008033,Greater NYC,Midtown Manhattan,2.188002995893105,2,2,2,0,0,0,1
R008034,Greater NYC,Lower Manhattan–North Brooklyn,3.2519312672015293,3,2,3,0,0,0,3
R008035,Southern California,Los Angeles,3.0383464777696236,3,2,3,0,0,0,2
R008036,Southern California,Los Angeles,20.22383558668319,20,3,12,0,0,0,10
R008037,Chicago,Chicago,1.0,1,1,1,0,0,0,1
R008038,Greater NYC,North Jersey,15.940043290123445,16,1,7,0,0,0,12
R008039,Seattle,Seattle,5.723371135345129,5,1,5,0,0,0,5
R008040,Houston,Houston,1.0,1,1,1,0,0,0,1
R008041,Seattle,Seattle,3.3291393527791495,5,1,4,0,0,0,5
R008042,Southern California,Los Angeles,18.34310724000453,16,3,13,0,0,0,4
R008043,Dallas,Dallas,4.387609594630892,2,1,2,0,0,0,2
R008044,Greater NYC,Midtown Manhattan,7.203600913643244,8,3,7,0,0,0,5
R008045,Atlanta,Atlanta,5.312655577154037,6,1,2,0,0,0,5
R008046,Greater NYC,Fairfield County,3.443909348510798,2,1,2,0,0,0,2
R008047,Greater NYC,Midtown Manhattan,1.0,2,2,2,0,0,0,1
R008048,Chicago,Chicago,1.8943309326844144,2,1,2,0,0,0,1
R008049,Greater NYC,Lower Manhattan–North Brooklyn,7.364673973700565,8,5,8,0,0,0,8
R008050,Greater NYC,Fairfield County,39.399212435277846,37,5,22,0,0,0,24
R008051,Greater NYC,Lower Manhattan–North Brooklyn,199.07129599816005,187,13,57,3,0,0,131
R008052,Southern California,Pasadena,1.0,4,2,4,0,0,0,3
R008053,Northern California,San Francisco,27.85447324176955,32,2,12,1,0,0,20
R008054,Greater NYC,Lower Manhattan–North Brooklyn,8.578009003031582,11,5,9,0,0,0,8
R008055,Greater NYC,Uptown Manhattan,33.22362430123178,39,6,23,1,0,0,31
R008056,Greater NYC,Uptown Manhattan,1.0717077118381098,0,0,0,0,0,0,0
R008057,Greater NYC,Midtown Manhattan,39.88503834147743,50,4,25,0,0,0,42
R008058,Philadelphia,Main Line,1.245205633946833,2,1,2,0,0,0,2
R008059,DMV,DC–Arlington,1.4080743450766524,0,0,0,0,0,0,0
R008060,Philadelphia,Main Line,18.509892157701337,24,2,8,0,0,0,18
R008061,Boston,Boston,1.0,2,1,2,0,0,0,1
R008062,Houston,Houston,16.125702028529975,15,1,9,0,0,0,9
R008063,DMV,DC–Arlington,17.15539691923728,19,3,11,0,0,0,17
R008064,Northern California,San Francisco,1.0,3,2,3,0,0,0,3
R008065,DMV,Montgomery County,2.69101874479023,3,2,3,0,0,0,2
R008066,Greater NYC,Lower Manhattan–North Brooklyn,7.218104404603624,10,2,9,0,0,0,7
R008067,Northern California,San Francisco,10.708730517688013,6,2,6,0,0,0,5
R008068,Greater NYC,Lower Manhattan–North Brooklyn,1.59709038460497,5,4,5,0,0,0,4
R008069,Boston,Chestnut Hill,10.630820376903388,8,1,5,0,0,0,4
R008070,Greater NYC,Midtown Manhattan,6.1144886323227094,8,3,5,0,0,0,3
R008071,Greater NYC,Lower Manhattan–North Brooklyn,4.928713278902402,1,1,1,0,0,0,1
R008072,Boston,Chestnut Hill,75.57561863285946,66,2,11,1,0,0,39
R008073,DMV,DC–Arlington,1.0,2,1,2,0,0,0,2
R008074,Chicago,Chicago,1.0,0,0,0,0,0,0,0
R008075,DMV,Montgomery County,3.600094648896445,2,1,2,0,0,0,1
R008076,DMV,DC–Arlington,2.2972876203506973,2,1,2,0,0,0,1
R008077,Greater NYC,Westchester,24.768066018551103,20,5,17,0,0,0,17
R008078,Chicago,Chicago,1.0,0,0,0,0,0,0,0
R008079,Southern California,Pasadena,111.12826449838693,113,2,10,5,1,28,43
R008080,DMV,DC–Arlington,11.957036982215014,14,4,10,0,0,0,11
R008081,Houston,Houston,2.7583641838056447,3,1,2,0,0,0,2
R008082,Greater NYC,Midtown Manhattan,21.95918210469495,22,4,14,0,0,0,17
R008083,Southern California,Pasadena,61.73948302283245,68,2,10,4,0,0,42
R008084,DMV,DC–Arlington,25.29562687122582,22,4,13,0,0,0,13
R008085,Greater NYC,Uptown Manhattan,70.10488787904018,61,7,30,0,0,0,47
R008086,Greater NYC,Uptown Manhattan,1.0,0,0,0,0,0,0,0
R008087,DMV,DC–Arlington,19.821162592190753,15,3,7,0,0,0,13
R008088,DMV,DC–Arlington,2.1604992099835387,1,1,1,0,0,0,1
R008089,Greater NYC,Westchester,9.03402199754506,8,4,7,0,0,0,6
R008090,Northern California,San Francisco,1.7118621177371016,1,1,1,0,0,0,1
R008091,Greater NYC,Midtown Manhattan,11.266956628797386,9,5,8,0,0,0,6
R008092,Austin,Austin,33.86454532875656,37,1,8,1,0,0,16
R008093,Chicago,Chicago,18.768773144980056,16,2,9,0,0,0,11
R008094,Greater NYC,Fairfield County,4.580928354268473,6,2,5,0,0,0,3
R008095,South Florida,Miami,1.8856149448665136,3,2,2,0,0,0,3
R008096,Greater NYC,Lower Manhattan–North Brooklyn,3.8789083586987383,4,3,3,0,0,0,4
R008097,Boston,Chestnut Hill,1.300661020631945,3,2,3,0,0,0,2
R008098,Southern California,Los Angeles,30.42795560896413,33,3,14,0,0,0,12
R008099,Boston,Boston,1.0,2,1,2,0,0,0,1
R008100,Greater NYC,Fairfield County,1.0,0,0,0,0,0,0,0
R008101,Greater NYC,Lower Manhattan–North Brooklyn,12.762306260539868,12,6,11,0,0,0,10
R008102,DMV,DC–Arlington,2.667403322823995,3,2,3,0,0,0,2
R008103,Southern California,Pasadena,35.61622724917335,39,3,16,0,0,0,25
R008104,DMV,DC–Arlington,3.874394511191356,1,1,1,0,0,0,1
R008105,Austin,Austin,1.0,0,0,0,0,0,0,0
R008106,Greater NYC,Fairfield County,1.0,2,1,2,0,0,0,1
R008107,Philadelphia,Philadelphia,98.91002842861656,104,1,7,4,0,0,64
R008108,Northern California,San Francisco,1.0,0,0,0,0,0,0,0
R008109,South Florida,Miami,1.9841176937526004,2,2,2,0,0,0,1
R008110,Seattle,Seattle,1.873177655236344,0,0,0,0,0,0,0
R008111,Greater NYC,Lower Manhattan–North Brooklyn,11.230640405451194,6,5,5,0,0,0,4
R008112,Greater NYC,Uptown Manhattan,25.851451834862395,22,3,15,0,0,0,21
R008113,Greater NYC,Uptown Manhattan,2.3187245845649245,0,0,0,0,0,0,0
R008114,Greater NYC,Lower Manhattan–North Brooklyn,51.64667043819925,53,8,33,0,0,0,42
R008115,Boston,Boston,49.60154976242799,47,2,10,1,0,0,26
R008116,Boston,Boston,13.785606108954648,13,2,11,0,0,0,10
R008117,Northern California,Silicon Valley,3.223015790139931,3,1,2,0,0,0,3
R008118,Southern California,Los Angeles,1.1908705780164297,1,1,1,0,0,0,1
R008119,Greater NYC,Fairfield County,1.0650560085273115,2,1,2,0,0,0,2
R008120,Northern California,San Francisco,1.154730275883464,3,3,3,0,0,0,2
R008121,Southern California,Los Angeles,14.30095993878163,10,3,8,0,0,0,4
R008122,Greater NYC,Uptown Manhattan,1.0,2,2,2,0,0,0,2
R008123,South Florida,Miami,24.280590134157105,23,2,7,0,0,0,16
R008124,South Florida,Miami,49.56879911110409,42,2,6,1,0,0,31
R008125,Greater NYC,Nassau County,15.601211491117793,19,2,11,0,0,0,12
R008126,DMV,DC–Arlington,3.5267624875576056,5,3,5,0,0,0,4
R008127,Greater NYC,Midtown Manhattan,5.954762678243526,6,4,6,0,0,0,4
R008128,Greater NYC,Lower Manhattan–North Brooklyn,11.497948502478453,10,6,9,0,0,0,8
R008129,Greater NYC,Hudson County,3.256249182026352,6,2,5,0,0,0,5
R008130,Atlanta,Atlanta,1.3868439483947752,1,1,1,0,0,0,1
R008131,Greater NYC,Midtown Manhattan,157.68684038111888,153,12,50,5,0,0,115
R008132,Chicago,Chicago,6.913478379815317,5,2,4,0,0,0,5
R008133,Greater NYC,Uptown Manhattan,6.558850892280445,12,4,11,0,0,0,9
R008134,Greater NYC,Lower Manhattan–North Brooklyn,11.44585663632411,11,5,9,0,0,0,7
R008135,Southern California,Los Angeles,1.8056565106831428,2,1,2,0,0,0,2
R008136,Houston,Houston,3.3640651791128526,3,1,3,0,0,0,0
R008137,Greater NYC,Uptown Manhattan,19.933972102071568,24,5,17,0,0,0,14
R008138,DMV,DC–Arlington,11.77855079576734,16,3,10,0,0,0,13
R008139,Greater NYC,Fairfield County,10.55769521852018,11,3,8,0,0,0,10
R008140,Chicago,Chicago,1.0,1,1,1,0,0,0,0
R008141,Philadelphia,Philadelphia,1.330481061685432,1,1,1,0,0,0,0
R008142,Southern California,Los Angeles,1.9315931164340008,0,0,0,0,0,0,0
R008143,Greater NYC,Lower Manhattan–North Brooklyn,1.0,1,1,1,0,0,0,1
R008144,Greater NYC,Uptown Manhattan,1.0,0,0,0,0,0,0,0
R008145,Atlanta,Atlanta,4.779103118739556,7,1,4,0,0,0,7
R008146,Greater NYC,Nassau County,1.0,2,1,2,0,0,0,1
R008147,Greater NYC,Uptown Manhattan,15.541248999682448,14,6,14,0,0,0,11
R008148,Greater NYC,Lower Manhattan–North Brooklyn,1.8982616341052083,2,2,2,0,0,0,2
R008149,Southern California,Pasadena,3.862861107990932,4,2,4,0,0,0,3
R008150,Northern California,Silicon Valley,7.094980944985245,8,1,5,0,0,0,8
R008151,Greater NYC,Midtown Manhattan,40.81016445285355,34,4,21,0,0,0,28
R008152,Houston,Houston,23.442080462979845,24,1,8,0,0,0,13
R008153,Southern California,Pasadena,11.528830532731986,12,3,10,0,0,0,9
R008154,Philadelphia,Main Line,4.7227005366913515,3,1,3,0,0,0,3
R008155,Southern California,Los Angeles,9.597846467047145,9,3,7,0,0,0,6
R008156,Greater NYC,Uptown Manhattan,4.951452520860655,5,3,4,0,0,0,3
R008157,Greater NYC,Fairfield County,45.903533393134126,56,3,18,0,0,0,42
R008158,Southern California,Pasadena,4.287118390814609,3,2,3,0,0,0,2
R008159,Greater NYC,Nassau County,1.0,1,1,1,0,0,0,1
R008160,Northern California,Silicon Valley,4.539761153487068,3,2,3,0,0,0,3
R008161,Southern California,Pasadena,1.0,0,0,0,0,0,0,0
R008162,Greater NYC,Midtown Manhattan,13.331515828918247,14,5,13,0,0,0,9
R008163,Greater NYC,Uptown Manhattan,17.6681347011517,21,5,19,0,0,0,13
R008164,Philadelphia,Main Line,4.592211830215246,9,2,5,0,0,0,8
R008165,Northern California,Silicon Valley,11.54013176461766,12,2,11,0,0,0,11
R008166,Northern California,Silicon Valley,20.762369560575603,23,3,12,0,0,0,16
R008167,Greater NYC,Fairfield County,4.947605573698536,8,4,7,0,0,0,6
R008168,DMV,DC–Arlington,5.126859991642973,2,2,1,0,0,0,0
R008169,Greater NYC,North Jersey,3.57781462826532,6,2,6,0,0,0,5
R008170,Atlanta,Atlanta,21.72817522001205,20,1,4,0,0,0,14
R008171,Southern California,Pasadena,4.825058434234079,2,1,2,0,0,0,1
R008172,Northern California,San Francisco,1.0,0,0,0,0,0,0,0
R008173,Northern California,Marin County,11.116106867197464,8,1,6,0,0,0,8
R008174,South Florida,Miami,7.750286475361647,6,2,4,0,0,0,6
R008175,Boston,Boston,6.063582891594192,9,2,7,0,0,0,6
R008176,Greater NYC,Lower Manhattan–North Brooklyn,10.004664589781028,6,4,6,0,0,0,5
R008177,Northern California,Marin County,1.0,2,1,2,0,0,0,1
R008178,Greater NYC,Lower Manhattan–North Brooklyn,1.0,0,0,0,0,0,0,0
R008179,Southern California,Los Angeles,16.790576922008572,21,4,13,0,0,0,12
R008180,Greater NYC,Fairfield County,2.019300072719984,3,2,3,0,0,0,0
R008181,Southern California,Pasadena,1.0,0,0,0,0,0,0,0
R008182,Philadelphia,Philadelphia,8.699914048405443,5,2,5,0,0,0,5
R008183,DMV,Montgomery County,2.9763079185029984,6,1,3,0,0,0,3
R008184,Southern California,Los Angeles,2.9489429652643326,6,1,5,0,0,0,4
R008185,Northern California,Silicon Valley,1.590921024199571,3,2,3,0,0,0,2
R008186,Boston,Chestnut Hill,9.98270868418053,7,1,5,0,0,0,5
R008187,Greater NYC,Lower Manhattan–North Brooklyn,9.040108946372683,11,5,10,0,0,0,7
R008188,Houston,Houston,1.0,1,1,1,0,0,0,1
R008189,Austin,Austin,15.719276242608345,13,1,5,0,0,0,11
R008190,DMV,DC–Arlington,8.07728594504988,9,3,7,0,0,0,7
R008191,Greater NYC,Westchester,2.0994936846729493,0,0,0,0,0,0,0
R008192,Philadelphia,Main Line,1.1981212441131306,1,1,1,0,0,0,1
R008193,Southern California,Los Angeles,5.006859511523648,3,2,3,0,0,0,1
R008194,Greater NYC,Uptown Manhattan,2.1366508795832884,4,3,4,0,0,0,4
R008195,Greater NYC,Midtown Manhattan,2.833387458193063,4,3,4,0,0,0,3
R008196,Greater NYC,Uptown Manhattan,17.64180829278306,15,4,8,0,0,0,12
R008197,Greater NYC,Midtown Manhattan,1.0,2,2,2,0,0,0,2
R008198,DMV,DC–Arlington,1.4964945518631614,1,1,1,0,0,0,0
R008199,Northern California,San Francisco,58.51551717510408,71,3,15,0,0,0,50
R008200,Greater NYC,Lower Manhattan–North Brooklyn,10.359208132998011,7,4,7,0,0,0,7
R008201,Dallas,Dallas,20.38184119994351,20,1,9,0,0,0,11
R008202,Dallas,Dallas,1.0,3,1,2,0,0,0,2
R008203,Seattle,Seattle,11.447475453573103,16,1,6,0,0,0,12
R008204,Boston,Boston,1.6689239395130018,2,2,2,0,0,0,1
R008205,Northern California,Marin County,3.8278307854463423,8,1,4,0,0,0,8
R008206,Seattle,Seattle,13.376894641993852,10,1,6,0,0,0,10
R008207,Philadelphia,Main Line,17.54434302463174,22,2,8,0,0,0,17
R008208,Greater NYC,Lower Manhattan–North Brooklyn,3.4750599918559515,4,2,3,0,0,0,4
R008209,Boston,Boston,5.305520191426134,4,2,4,0,0,0,4
R008210,DMV,DC–Arlington,3.5979289109976045,4,3,4,0,0,0,2
R008211,Boston,Boston,4.403123139310785,5,1,5,0,0,0,3
R008212,Greater NYC,Lower Manhattan–North Brooklyn,26.635205679600972,23,6,18,0,0,0,20
R008213,Greater NYC,Lower Manhattan–North Brooklyn,34.01376636279492,32,7,26,0,0,0,24
R008214,Greater NYC,Uptown Manhattan,12.645758438827269,12,4,11,0,0,0,10
R008215,Greater NYC,Fairfield County,62.74147444967031,50,4,18,1,0,0,27
R008216,Greater NYC,Uptown Manhattan,17.902172055501932,23,5,19,0,0,0,15
R008217,Southern California,Los Angeles,10.082592895953232,11,3,7,0,0,0,9
R008218,Philadelphia,Main Line,2.608835545889403,1,1,1,0,0,0,1
R008219,Greater NYC,Lower Manhattan–North Brooklyn,64.02799873440316,72,12,40,0,0,0,61
R008220,South Florida,Miami,12.185168686060322,17,2,7,0,0,0,10
R008221,Greater NYC,Uptown Manhattan,1.0,1,1,1,0,0,0,0
R008222,Seattle,Seattle,4.041652583595374,3,1,2,0,0,0,3
R008223,Northern California,Silicon Valley,8.364484163341714,9,2,7,0,0,0,8
R008224,Greater NYC,Uptown Manhattan,5.278277345319835,6,3,5,0,0,0,6
R008225,Chicago,Chicago,2.9217340414013333,3,1,3,0,0,0,2
R008226,Atlanta,Atlanta,112.92599014855992,112,1,4,12,1,8,49
R008227,Northern California,Silicon Valley,3.3178431039891256,0,0,0,0,0,0,0
R008228,South Florida,Miami,31.61037519620962,49,2,7,0,0,0,29
R008229,Southern California,Los Angeles,7.332282161670918,7,3,5,0,0,0,4
R008230,Chicago,Chicago,1.0,0,0,0,0,0,0,0
R008231,Dallas,Dallas,6.821889691223582,4,1,3,0,0,0,3
R008232,Seattle,Seattle,1.309142206328604,2,1,2,0,0,0,2
R008233,Greater NYC,Uptown Manhattan,9.399693960346156,11,3,9,0,0,0,9
R008234,Philadelphia,Main Line,2.504243248639313,4,1,4,0,0,0,3
R008235,Northern California,San Francisco,3.740784686939504,4,1,3,0,0,0,2
R008236,Greater NYC,Lower Manhattan–North Brooklyn,18.849905056179203,18,6,16,0,0,0,16
R008237,DMV,DC–Arlington,2.804904013454244,5,2,4,0,0,0,5
R008238,Boston,Boston,1.0,0,0,0,0,0,0,0
R008239,Greater NYC,Midtown Manhattan,3.4643981224337836,7,3,7,0,0,0,7
R008240,Greater NYC,Lower Manhattan–North Brooklyn,52.72584026898396,56,6,30,0,0,0,44
R008241,Greater NYC,Uptown Manhattan,5.047566974676158,6,3,5,0,0,0,6
R008242,Southern California,Los Angeles,1.5615720870921643,0,0,0,0,0,0,0
R008243,Seattle,Seattle,2.6758891112552665,2,1,2,0,0,0,1
R008244,Greater NYC,Lower Manhattan–North Brooklyn,23.87234177964806,22,6,17,0,0,0,17
R008245,Greater NYC,Hudson County,1.0,4,1,3,0,0,0,3
R008246,Greater NYC,Uptown Manhattan,1.9105214632970449,0,0,0,0,0,0,0
R008247,Southern California,Los Angeles,3.0185297143839667,5,3,5,0,0,0,3
R008248,Greater NYC,Lower Manhattan–North Brooklyn,12.611604883625134,21,8,18,0,0,0,20
R008249,DMV,DC–Arlington,4.270199078803342,2,2,2,0,0,0,1
R008250,Greater NYC,Midtown Manhattan,4.354651298587159,3,2,3,0,0,0,3
R008251,Greater NYC,Lower Manhattan–North Brooklyn,10.320441834486852,10,5,9,0,0,0,9
R008252,Southern California,Pasadena,4.739667148757039,7,1,3,0,0,0,6
R008253,Philadelphia,Main Line,2.680615701065204,4,1,2,0,0,0,2
R008254,Greater NYC,Fairfield County,3.6977610967125054,3,2,3,0,0,0,3
R008255,Southern California,Pasadena,1.6639839805300798,1,1,1,0,0,0,1
R008256,Greater NYC,Midtown Manhattan,1.391356406469494,4,4,4,0,0,0,3
R008257,Greater NYC,Uptown Manhattan,1.0,0,0,0,0,0,0,0
R008258,Greater NYC,Westchester,2.185205734451207,1,1,1,0,0,0,1
R008259,Northern California,Silicon Valley,6.790957728250083,7,1,6,0,0,0,7
R008260,Greater NYC,Midtown Manhattan,2.85617149467645,7,3,7,0,0,0,5
R008261,Ann Arbor,Ann Arbor,16.879584002990054,20,1,2,1,0,0,15
R008262,South Florida,Miami,1.0,1,1,1,0,0,0,1
R008263,Greater NYC,Lower Manhattan–North Brooklyn,1.5904658843933344,1,1,1,0,0,0,1
R008264,Greater NYC,North Jersey,31.04758298975643,38,3,12,2,0,0,21
R008265,Northern California,San Francisco,4.359482503968429,2,2,1,0,0,0,2
R008266,Greater NYC,Fairfield County,9.716321344878049,9,2,7,0,0,0,8
R008267,Greater NYC,Uptown Manhattan,1.334400706919457,1,1,1,0,0,0,1
R008268,Atlanta,Atlanta,12.355669842143769,14,1,4,1,0,0,9
R008269,Greater NYC,Lower Manhattan–North Brooklyn,9.397047960035708,10,3,9,0,0,0,9
R008270,Northern California,San Francisco,9.530195956819032,10,3,8,0,0,0,10
R008271,Chicago,Chicago,16.530920533393413,17,2,8,0,0,0,12
R008272,Greater NYC,Hudson County,3.4314931160189373,3,2,3,0,0,0,2
R008273,South Florida,Miami,1.1027343908957532,1,1,1,0,0,0,1
R008274,Greater NYC,Midtown Manhattan,6.716018851663475,8,3,8,0,0,0,8
R008275,Austin,Austin,1.7416256566205746,2,1,2,0,0,0,2
R008276,Greater NYC,Midtown Manhattan,6.738043571666485,7,3,5,0,0,0,7
R008277,Philadelphia,Main Line,1.0,0,0,0,0,0,0,0
R008278,Atlanta,Atlanta,14.739468362212191,18,1,4,0,0,0,15
R008279,Greater NYC,Midtown Manhattan,6.211194582845375,11,3,9,0,0,0,10
R008280,Boston,Boston,14.709510176228225,17,2,9,0,0,0,10
R008281,Philadelphia,Main Line,12.525834078980775,8,2,7,0,0,0,4
R008282,Greater NYC,Hudson County,1.0,1,1,1,0,0,0,1
R008283,Greater NYC,Lower Manhattan–North Brooklyn,33.62409111842404,34,7,27,0,0,0,31
R008284,DMV,DC–Arlington,5.732094053672982,3,2,2,0,0,0,3
R008285,Greater NYC,Lower Manhattan–North Brooklyn,4.8953966795697195,3,3,3,0,0,0,2
R008286,DMV,DC–Arlington,50.51132604568718,46,3,17,1,0,0,33
R008287,Greater NYC,North Jersey,2.618233868015642,1,1,1,0,0,0,1
R008288,DMV,DC–Arlington,14.271522021793457,10,3,7,0,0,0,9
R008289,Chicago,Chicago,3.7002647146026866,8,2,5,0,0,0,7
R008290,Northern California,Marin County,6.13014805324063,6,1,5,0,0,0,6
R008291,Greater NYC,Nassau County,34.886493419270515,37,3,14,1,0,0,26
R008292,Greater NYC,Uptown Manhattan,6.691320857523576,8,4,5,0,0,0,4
R008293,Greater NYC,Westchester,3.611121945032782,6,2,6,0,0,0,5
R008294,Greater NYC,Midtown Manhattan,7.7078665933512385,4,4,4,0,0,0,3
R008295,Houston,Houston,3.176997096726232,3,1,3,0,0,0,1
R008296,Boston,Chestnut Hill,70.60932443133579,50,2,15,2,0,0,29
R008297,South Florida,Miami,3.064780846075622,4,2,2,0,0,0,3
R008298,Greater NYC,Lower Manhattan–North Brooklyn,2.2894998786168914,0,0,0,0,0,0,0
R008299,Southern California,Los Angeles,1.0,1,1,1,0,0,0,1
R008300,Greater NYC,Lower Manhattan–North Brooklyn,6.864230315709586,7,3,6,0,0,0,6
R008301,Boston,Chestnut Hill,1.0,1,1,1,0,0,0,1
R008302,Greater NYC,Uptown Manhattan,1.0,1,1,1,0,0,0,1
R008303,Greater NYC,Nassau County,31.146465530741526,28,3,14,1,0,0,19
R008304,Southern California,Los Angeles,1.7991973542210298,3,3,3,0,0,0,1
R008305,Seattle,Seattle,7.077492689277,12,1,7,0,0,0,9
R008306,Southern California,Pasadena,12.125005927359592,9,2,4,0,0,0,6
R008307,Chicago,Chicago,27.727951095635397,25,2,12,0,0,0,17
R008308,Greater NYC,Midtown Manhattan,14.687620006256967,15,4,11,0,0,0,13
R008309,Greater NYC,Midtown Manhattan,1.3346845360649298,2,1,2,0,0,0,1
R008310,Chicago,Chicago,1.0,0,0,0,0,0,0,0
R008311,Northern California,Silicon Valley,1.0,0,0,0,0,0,0,0
R008312,Ann Arbor,Ann Arbor,17.634985569789233,16,1,3,0,0,0,13
R008313,Northern California,San Francisco,5.888705222008338,4,2,4,0,0,0,2
R008314,Greater NYC,Lower Manhattan–North Brooklyn,14.92763531775019,14,4,12,0,0,0,12
R008315,Greater NYC,Fairfield County,1.3187447860904653,3,2,3,0,0,0,3
R008316,Greater NYC,North Jersey,54.9583524980801,65,3,13,3,0,0,33
R008317,Greater NYC,Lower Manhattan–North Brooklyn,1.3437502602864635,2,2,2,0,0,0,2
R008318,Greater NYC,Uptown Manhattan,1.0967412819958622,1,1,1,0,0,0,1
R008319,Southern California,Los Angeles,1.570402546604505,2,2,2,0,0,0,1
R008320,Northern California,San Francisco,5.981241904047824,7,2,5,0,0,0,5
R008321,Greater NYC,Lower Manhattan–North Brooklyn,11.97037103212372,6,3,6,0,0,0,5
R008322,Boston,Chestnut Hill,72.47469316881553,66,2,14,0,0,0,46
R008323,Greater NYC,Uptown Manhattan,4.7489346162322965,3,2,3,0,0,0,2
R008324,DMV,DC–Arlington,2.502735622821795,2,1,2,0,0,0,2
R008325,Southern California,Los Angeles,1.8818275324212832,1,1,1,0,0,0,1
R008326,Boston,Boston,7.845113490254142,10,3,8,0,0,0,7
R008327,Greater NYC,Lower Manhattan–North Brooklyn,8.254336676021936,14,6,11,0,0,0,12
R008328,Ann Arbor,Ann Arbor,11.677929995386226,11,1,3,0,0,0,7
R008329,Chicago,Chicago,3.6544700642538994,3,1,3,0,0,0,2
R008330,Southern California,Los Angeles,2.935136208633934,6,2,5,0,0,0,4
R008331,DMV,DC–Arlington,5.75053769127856,9,2,6,0,0,0,7
R008332,Greater NYC,Lower Manhattan–North Brooklyn,11.736226695084127,8,3,8,0,0,0,6
R008333,Boston,Boston,3.059476886720528,5,3,3,0,0,0,4
R008334,Chicago,Chicago,12.005515575982356,8,2,7,0,0,0,6
R008335,Greater NYC,Westchester,30.08644236118616,31,5,16,0,0,0,19
R008336,Seattle,Seattle,16.347889188909566,14,1,7,0,0,0,10
R008337,Boston,Chestnut Hill,5.127832783811916,1,1,1,0,0,0,1
R008338,Greater NYC,Westchester,5.204198575669418,8,4,7,0,0,0,6
R008339,Greater NYC,Uptown Manhattan,10.916347972280043,10,4,10,0,0,0,10
R008340,DMV,Montgomery County,4.124082378163192,5,2,4,0,0,0,3
R008341,Greater NYC,Nassau County,8.345544625351526,11,3,8,0,0,0,10
R008342,Greater NYC,Lower Manhattan–North Brooklyn,32.19074291256118,34,6,23,0,0,0,30
R008343,Northern California,Silicon Valley,6.778571099942986,7,3,6,0,0,0,7
R008344,Greater NYC,Uptown Manhattan,2.742206779616308,3,2,3,0,0,0,2
R008345,Greater NYC,Lower Manhattan–North Brooklyn,22.43949561545083,19,6,15,0,0,0,15
R008346,Greater NYC,Lower Manhattan–North Brooklyn,21.48141132125936,15,6,15,0,0,0,11
R008347,DMV,Montgomery County,6.671004876154675,3,2,3,0,0,0,1
R008348,Northern California,San Francisco,3.902720282525902,5,2,4,0,0,0,4
R008349,Greater NYC,Midtown Manhattan,5.013879625681291,4,1,4,0,0,0,4
R008350,South Florida,Miami,1.0,0,0,0,0,0,0,0
R008351,Southern California,Los Angeles,1.3423251512511356,2,2,2,0,0,0,2
R008352,Greater NYC,Midtown Manhattan,1.0,0,0,0,0,0,0,0
R008353,Northern California,San Francisco,11.45781646903978,16,3,14,0,0,0,12
R008354,South Florida,Miami,5.915603256904748,11,2,4,0,0,0,7
R008355,Northern California,Marin County,1.2567219074695826,1,1,1,0,0,0,1
R008356,Greater NYC,Westchester,2.7824300014653103,3,2,2,0,0,0,1
R008357,Ann Arbor,Ann Arbor,7.08126124952578,5,1,2,0,0,0,2
R008358,Northern California,San Francisco,1.313042807756031,3,1,2,0,0,0,1
R008359,Greater NYC,Hudson County,2.68083197385094,3,2,3,0,0,0,2
R008360,Greater NYC,Westchester,3.6070895689852622,2,2,2,0,0,0,1
R008361,Seattle,Seattle,1.1907791391826703,3,1,3,0,0,0,3
R008362,DMV,DC–Arlington,3.5210788628389493,3,2,2,0,0,0,2
R008363,Greater NYC,Midtown Manhattan,37.22531501090269,33,6,22,0,0,0,25
R008364,Southern California,Los Angeles,4.257456166500963,4,1,4,0,0,0,3
R008365,Greater NYC,Fairfield County,1.0,1,1,1,0,0,0,1
R008366,Greater NYC,Westchester,1.234590367615122,1,1,1,0,0,0,1
R008367,Southern California,Pasadena,6.0753326235899365,2,2,2,0,0,0,1
R008368,Dallas,Dallas,26.52792213801184,29,1,9,0,0,0,17
R008369,Seattle,Seattle,1.4046288242247178,1,1,1,0,0,0,1
R008370,Greater NYC,Midtown Manhattan,15.346022803933575,16,4,12,0,0,0,12
R008371,Greater NYC,Fairfield County,22.064940181452315,21,3,13,0,0,0,20
R008372,Greater NYC,Lower Manhattan–North Brooklyn,4.468055270485405,5,4,5,0,0,0,5
R008373,Chicago,Chicago,1.0,2,2,2,0,0,0,2
R008374,Ann Arbor,Ann Arbor,5.15346859818199,4,1,2,0,0,0,2
R008375,Greater NYC,Midtown Manhattan,12.439351295269658,17,4,12,0,0,0,15
R008376,Northern California,Silicon Valley,2.186790684416533,4,2,4,0,0,0,4
R008377,Southern California,Los Angeles,13.51477074150284,18,3,11,0,0,0,10
R008378,Northern California,Silicon Valley,3.0301084246678864,5,1,3,0,0,0,3
R008379,Southern California,Los Angeles,6.378105973379649,8,2,6,0,0,0,5
R008380,Greater NYC,Lower Manhattan–North Brooklyn,2.8024494394142896,1,1,1,0,0,0,0
R008381,Philadelphia,Philadelphia,1.803564842336434,2,2,2,0,0,0,2
R008382,South Florida,Miami,1.0270430551269327,2,2,2,0,0,0,2
R008383,Northern California,San Francisco,1.0,1,1,1,0,0,0,1
R008384,DMV,DC–Arlington,5.725928236247529,3,2,3,0,0,0,2
R008385,Greater NYC,Midtown Manhattan,2.1827630028228846,1,1,1,0,0,0,1
R008386,DMV,DC–Arlington,1.0,0,0,0,0,0,0,0
R008387,Boston,Chestnut Hill,10.40916156664542,13,3,9,0,0,0,9
R008388,Chicago,Chicago,200.0,206,2,13,9,1,8,103
R008389,Philadelphia,Philadelphia,14.692221703012216,18,1,6,0,0,0,13
R008390,South Florida,Miami,26.96172314805338,39,2,7,0,0,0,26
R008391,DMV,Montgomery County,5.037790790237832,8,1,6,0,0,0,6
R008392,Philadelphia,Main Line,4.185852153912932,4,1,4,0,0,0,3
R008393,Greater NYC,Lower Manhattan–North Brooklyn,22.299148848823805,22,6,16,0,0,0,17
R008394,Houston,Houston,6.486754478177099,8,1,6,0,0,0,5
R008395,DMV,DC–Arlington,4.305849853628561,5,2,5,0,0,0,5
R008396,Greater NYC,Uptown Manhattan,2.5411777414406567,3,2,2,0,0,0,2
R008397,DMV,DC–Arlington,9.903627808317886,17,3,9,0,0,0,11
R008398,Atlanta,Atlanta,9.510446536944574,10,1,3,0,0,0,7
R008399,Greater NYC,Midtown Manhattan,26.87990821321324,29,4,16,1,0,0,22
R008400,Greater NYC,Westchester,7.869759907356964,5,2,5,0,0,0,4
R008401,Chicago,Chicago,9.195017907230127,13,2,7,0,0,0,9
R008402,Greater NYC,Westchester,1.1274616898821466,1,1,1,0,0,0,1
R008403,Greater NYC,Uptown Manhattan,1.0,1,1,1,0,0,0,1
R008404,Boston,Boston,6.3046892775353065,2,2,2,0,0,0,2
R008405,Philadelphia,Philadelphia,2.7709208966764933,3,1,2,0,0,0,3
R008406,Seattle,Seattle,9.07748178142212,9,1,6,0,0,0,8
R008407,Greater NYC,Lower Manhattan–North Brooklyn,1.0,0,0,0,0,0,0,0
R008408,Greater NYC,Fairfield County,57.87617046262148,59,4,18,2,0,0,33
R008409,Northern California,Silicon Valley,31.09313170930256,33,2,13,0,0,0,26
R008410,Greater NYC,Midtown Manhattan,6.21248730249448,7,3,5,0,0,0,6
R008411,DMV,DC–Arlington,1.0,1,1,1,0,0,0,1
R008412,Greater NYC,Lower Manhattan–North Brooklyn,4.787906276887566,4,2,4,0,0,0,2
R008413,Greater NYC,Westchester,2.217148881603187,0,0,0,0,0,0,0
R008414,DMV,DC–Arlington,2.399962203435776,4,2,3,0,0,0,4
R008415,Greater NYC,Lower Manhattan–North Brooklyn,2.185560960772857,5,3,4,0,0,0,3
R008416,Greater NYC,Westchester,14.500278273672716,17,2,11,0,0,0,14
R008417,Greater NYC,Uptown Manhattan,65.61938363588139,55,7,29,1,0,0,41
R008418,Greater NYC,Uptown Manhattan,1.0683064586588606,1,1,1,0,0,0,1
R008419,Northern California,Silicon Valley,1.9486507740570376,4,3,4,0,0,0,3
R008420,Greater NYC,Midtown Manhattan,4.650224090224561,2,2,2,0,0,0,2
R008421,Seattle,Seattle,1.8647257114661828,1,1,1,0,0,0,1
R008422,Greater NYC,Lower Manhattan–North Brooklyn,1.6685348931078197,2,2,2,0,0,0,2
R008423,Greater NYC,Lower Manhattan–North Brooklyn,4.310336053856842,5,2,4,0,0,0,5
R008424,Southern California,Los Angeles,29.621661926262707,27,4,12,0,0,0,15
R008425,Philadelphia,Philadelphia,1.0,1,1,1,0,0,0,1
R008426,Greater NYC,Midtown Manhattan,4.402217845147758,6,4,6,0,0,0,4
R008427,Boston,Chestnut Hill,2.2043243097997944,3,1,3,0,0,0,2
R008428,DMV,DC–Arlington,3.7722479342720248,4,1,3,0,0,0,2
R008429,Southern California,Los Angeles,1.0,0,0,0,0,0,0,0
R008430,Greater NYC,Midtown Manhattan,1.346553587663163,0,0,0,0,0,0,0
R008431,Atlanta,Atlanta,20.48345200484964,20,1,4,1,0,0,13
R008432,Boston,Boston,5.429720061476713,9,2,8,0,0,0,6
R008433,Greater NYC,Uptown Manhattan,1.0,0,0,0,0,0,0,0
R008434,Greater NYC,Midtown Manhattan,36.789003568294895,40,5,22,0,0,0,29
R008435,Greater NYC,North Jersey,1.0771221456678992,0,0,0,0,0,0,0
R008436,Greater NYC,Uptown Manhattan,1.123205511579498,1,1,1,0,0,0,1
R008437,Boston,Boston,5.647684765203483,9,3,7,0,0,0,5
R008438,Northern California,Silicon Valley,1.429179060771204,0,0,0,0,0,0,0
R008439,Greater NYC,Midtown Manhattan,9.977721465123464,9,3,8,0,0,0,9
R008440,Chicago,Chicago,4.7186041835392185,3,1,2,0,0,0,2
R008441,Greater NYC,Lower Manhattan–North Brooklyn,1.0,0,0,0,0,0,0,0
R008442,Northern California,San Francisco,3.0568464434544835,2,2,2,0,0,0,1
R008443,Atlanta,Atlanta,4.627337789740825,3,1,2,0,0,0,3
R008444,Greater NYC,Lower Manhattan–North Brooklyn,1.0306924036868217,1,1,1,0,0,0,1
R008445,Boston,Boston,1.909848821356615,4,2,4,0,0,0,4
R008446,Greater NYC,Lower Manhattan–North Brooklyn,6.573350217540809,4,2,3,0,0,0,4
R008447,Dallas,Dallas,3.8390916561587702,4,1,3,0,0,0,3
R008448,DMV,Montgomery County,7.776262492532537,3,3,2,0,0,0,3
R008449,Chicago,Chicago,1.0,1,1,1,0,0,0,1
R008450,Greater NYC,Uptown Manhattan,82.0297786087635,86,5,40,0,0,0,60
R008451,Greater NYC,Lower Manhattan–North Brooklyn,2.510660775473672,2,2,2,0,0,0,2
R008452,Greater NYC,Hudson County,22.665267022537737,29,3,16,0,0,0,27
R008453,Northern California,Silicon Valley,1.0,1,1,1,0,0,0,1
R008454,Greater NYC,Midtown Manhattan,1.0,0,0,0,0,0,0,0
R008455,Greater NYC,Uptown Manhattan,1.0,0,0,0,0,0,0,0
R008456,Greater NYC,Midtown Manhattan,1.1237785995939389,2,2,2,0,0,0,1
R008457,Greater NYC,Lower Manhattan–North Brooklyn,1.0,0,0,0,0,0,0,0
R008458,Southern California,Los Angeles,1.7813490445112277,0,0,0,0,0,0,0
R008459,Chicago,Chicago,6.186390040826112,9,2,9,0,0,0,6
R008460,Southern California,Los Angeles,1.196820560923555,0,0,0,0,0,0,0
R008461,Southern California,Los Angeles,4.132902818855331,4,2,4,0,0,0,0
R008462,Greater NYC,Uptown Manhattan,12.280944326812016,11,6,10,0,0,0,11
R008463,Greater NYC,Uptown Manhattan,42.19808078453673,33,3,20,0,0,0,27
R008464,Philadelphia,Main Line,7.533355476764155,6,2,6,0,0,0,5
R008465,Philadelphia,Philadelphia,60.86293960602114,62,1,7,4,0,0,40
R008466,Greater NYC,Lower Manhattan–North Brooklyn,1.7185662458033049,3,3,3,0,0,0,3
R008467,Southern California,Pasadena,20.023123443835328,14,1,6,0,0,0,6
R008468,Greater NYC,Midtown Manhattan,5.221137722955341,7,4,5,0,0,0,6
R008469,Southern California,Los Angeles,8.507625849339663,13,3,9,0,0,0,9
R008470,Chicago,Chicago,26.452782892979695,25,2,9,1,0,0,14
R008471,Greater NYC,Lower Manhattan–North Brooklyn,4.529377073771188,3,2,2,0,0,0,3
R008472,Philadelphia,Philadelphia,4.19011802365715,7,2,5,0,0,0,6
R008473,Greater NYC,Fairfield County,9.574107104350889,8,3,6,0,0,0,7
R008474,Boston,Boston,2.390988801473599,3,2,3,0,0,0,3
R008475,DMV,DC–Arlington,1.0,0,0,0,0,0,0,0
R008476,DMV,DC–Arlington,7.4185584014803165,3,2,3,0,0,0,3
R008477,Northern California,San Francisco,4.531954444700602,6,3,4,0,0,0,5
R008478,Greater NYC,Lower Manhattan–North Brooklyn,1.5263618580917606,1,1,1,0,0,0,1
R008479,Greater NYC,Uptown Manhattan,13.18285341954836,16,5,13,0,0,0,13
R008480,Greater NYC,Midtown Manhattan,1.0,0,0,0,0,0,0,0
R008481,DMV,DC–Arlington,2.6078361873406872,3,3,3,0,0,0,2
R008482,DMV,DC–Arlington,4.165423015190224,10,3,8,0,0,0,6
R008483,Northern California,Silicon Valley,1.0,1,1,1,0,0,0,1
R008484,Southern California,Los Angeles,4.470785146887314,2,1,2,0,0,0,2
R008485,Dallas,Dallas,2.8402093258761427,6,1,5,0,0,0,4
R008486,Atlanta,Atlanta,4.372175536643662,6,1,3,0,0,0,6
R008487,Greater NYC,Uptown Manhattan,6.629576293906831,8,3,6,0,0,0,7
R008488,Greater NYC,Hudson County,1.0326775440635547,1,1,1,0,0,0,1
R008489,Greater NYC,Midtown Manhattan,5.289631671544929,7,5,7,0,0,0,6
R008490,DMV,DC–Arlington,7.161076160899825,10,3,9,0,0,0,8
R008491,Greater NYC,Lower Manhattan–North Brooklyn,1.6767870314100863,0,0,0,0,0,0,0
R008492,Greater NYC,Westchester,1.0,1,1,1,0,0,0,1
R008493,Greater NYC,Lower Manhattan–North Brooklyn,10.29541300542601,9,5,9,0,0,0,5
R008494,Greater NYC,Fairfield County,1.5739687877985182,0,0,0,0,0,0,0
R008495,Boston,Boston,13.462792909266758,17,2,9,0,0,0,14
R008496,Boston,Boston,1.8208220366668664,4,3,3,0,0,0,4
R008497,Greater NYC,Midtown Manhattan,1.0,0,0,0,0,0,0,0
R008498,Greater NYC,Uptown Manhattan,16.00000452838401,14,4,11,0,0,0,13
R008499,Dallas,Dallas,1.0,2,1,2,0,0,0,2
R008500,Philadelphia,Main Line,1.0,0,0,0,0,0,0,0
R008501,DMV,DC–Arlington,1.3430268020820395,1,1,1,0,0,0,1
R008502,Northern California,San Francisco,1.6850772069716935,0,0,0,0,0,0,0
R008503,Chicago,Chicago,1.654917328654396,1,1,1,0,0,0,1
R008504,Philadelphia,Main Line,21.890857269067897,16,1,7,0,0,0,14
R008505,Houston,Houston,3.9458881357301903,3,1,2,0,0,0,2
R008506,Northern California,Marin County,1.0,0,0,0,0,0,0,0
R008507,Greater NYC,Uptown Manhattan,12.036063755538366,13,3,12,0,0,0,10
R008508,Southern California,Los Angeles,1.2387433095769178,1,1,1,0,0,0,0
R008509,Greater NYC,Midtown Manhattan,1.0,2,2,2,0,0,0,2
R008510,Greater NYC,Midtown Manhattan,4.231439111783651,5,2,5,0,0,0,4
R008511,Greater NYC,Uptown Manhattan,1.277627687743505,5,3,5,0,0,0,5
R008512,Greater NYC,Lower Manhattan–North Brooklyn,1.192894955112638,1,1,1,0,0,0,1
R008513,Chicago,Chicago,11.027671338595525,8,2,5,0,0,0,6
R008514,Northern California,Marin County,4.712796992918469,5,1,3,0,0,0,4
R008515,Philadelphia,Philadelphia,36.52608690365089,49,2,9,0,0,0,36
R008516,Greater NYC,Lower Manhattan–North Brooklyn,46.24777132885708,41,7,30,0,0,0,37
R008517,Greater NYC,Lower Manhattan–North Brooklyn,8.8751817081047,9,6,9,0,0,0,9
R008518,Greater NYC,Lower Manhattan–North Brooklyn,6.891079628126663,6,4,6,0,0,0,5
R008519,Greater NYC,Lower Manhattan–North Brooklyn,1.932562563349042,4,2,4,0,0,0,3
R008520,Greater NYC,Fairfield County,3.8813495207153186,7,2,6,0,0,0,7
R008521,Greater NYC,Nassau County,5.217223537497811,6,1,5,0,0,0,5
R008522,Boston,Chestnut Hill,3.086357664244242,2,1,2,0,0,0,2
R008523,Greater NYC,Lower Manhattan–North Brooklyn,2.2443128631906486,2,2,2,0,0,0,2
R008524,Greater NYC,Westchester,1.0,2,2,2,0,0,0,1
R008525,Boston,Chestnut Hill,20.266795211663023,25,2,10,0,0,0,17
R008526,Northern California,San Francisco,10.850164717441553,12,2,9,0,0,0,9
R008527,Greater NYC,Lower Manhattan–North Brooklyn,2.1081266404751795,3,2,3,0,0,0,2
R008528,Chicago,Chicago,2.065876567905356,1,1,1,0,0,0,1
R008529,Northern California,Marin County,33.264437650168865,38,3,11,2,0,0,21
R008530,Southern California,Los Angeles,1.3028561154365623,1,1,1,0,0,0,0
R008531,Greater NYC,Midtown Manhattan,1.0104013639340488,0,0,0,0,0,0,0
R008532,Austin,Austin,19.570502566254767,11,1,7,0,0,0,6
R008533,Greater NYC,Uptown Manhattan,4.800927644979809,8,6,7,0,0,0,5
R008534,Greater NYC,Lower Manhattan–North Brooklyn,1.0,2,2,2,0,0,0,2
R008535,Philadelphia,Main Line,3.5366949939844297,6,2,4,0,0,0,4
R008536,Greater NYC,Lower Manhattan–North Brooklyn,1.0797113665998104,1,1,1,0,0,0,1
R008537,Greater NYC,Lower Manhattan–North Brooklyn,4.153870859391248,6,4,4,0,0,0,5
R008538,Greater NYC,Lower Manhattan–North Brooklyn,1.2928554354357826,2,1,2,0,0,0,2
R008539,Dallas,Dallas,44.54155788650549,40,1,9,0,0,0,26
R008540,Greater NYC,Fairfield County,47.636185647965256,57,2,18,2,0,0,35
R008541,Dallas,Dallas,19.697905066713343,25,1,8,1,0,0,16
R008542,DMV,DC–Arlington,10.236091077824064,7,3,6,0,0,0,6
R008543,Greater NYC,Nassau County,11.13962890880686,9,1,6,0,0,0,5
R008544,Northern California,San Francisco,4.281980726599731,7,2,6,0,0,0,4
R008545,Southern California,Los Angeles,1.2904181762701248,0,0,0,0,0,0,0
R008546,Boston,Boston,7.274865917615651,6,3,5,0,0,0,5
R008547,Southern California,Los Angeles,1.8202424810596456,2,2,2,0,0,0,1
R008548,Atlanta,Atlanta,12.844826651628594,14,1,4,0,0,0,12
R008549,Ann Arbor,Ann Arbor,81.39250001818009,92,1,3,8,0,0,40
R008550,Southern California,Los Angeles,3.5509372317960866,2,1,2,0,0,0,2
R008551,Dallas,Dallas,48.77116537985093,49,1,9,4,0,0,23
R008552,Chicago,Chicago,1.0076662771240266,0,0,0,0,0,0,0
R008553,Philadelphia,Philadelphia,3.324181070333225,3,2,2,0,0,0,1
R008554,Houston,Houston,6.152481454913991,7,1,4,0,0,0,5
R008555,Southern California,Pasadena,15.712936798800335,15,4,7,0,0,0,8
R008556,DMV,Montgomery County,5.060095913999107,2,1,2,0,0,0,0
R008557,Boston,Boston,1.469521818049661,3,2,2,0,0,0,3
R008558,Southern California,Los Angeles,16.19558529505984,15,4,10,0,0,0,11
R008559,South Florida,Miami,4.322783333261101,2,2,1,0,0,0,1
R008560,Southern California,Los Angeles,2.041310380276393,2,1,2,0,0,0,1
R008561,Northern California,San Francisco,9.955778988315346,9,2,9,0,0,0,8
R008562,Greater NYC,North Jersey,99.50687770609012,104,2,21,2,1,18,54
R008563,Southern California,Los Angeles,59.10741914497575,56,3,18,0,0,0,35
R008564,DMV,DC–Arlington,51.34749214895411,46,4,18,0,0,0,29
R008565,Greater NYC,Lower Manhattan–North Brooklyn,1.5302273010009797,1,1,1,0,0,0,0
R008566,Seattle,Seattle,1.7153960395784698,0,0,0,0,0,0,0
R008567,Northern California,Silicon Valley,4.125888025247507,1,1,1,0,0,0,0
R008568,Dallas,Dallas,1.3843787407944317,2,1,2,0,0,0,1
R008569,Greater NYC,Lower Manhattan–North Brooklyn,2.949353027557211,1,1,1,0,0,0,1
R008570,Atlanta,Atlanta,1.0,1,1,1,0,0,0,1
R008571,Greater NYC,Lower Manhattan–North Brooklyn,1.192431727973631,1,1,1,0,0,0,1
R008572,Greater NYC,Midtown Manhattan,1.0689740948830575,2,2,2,0,0,0,2
R008573,Boston,Chestnut Hill,1.0,1,1,1,0,0,0,1
R008574,Greater NYC,Lower Manhattan–North Brooklyn,2.054864164869962,0,0,0,0,0,0,0
R008575,Boston,Chestnut Hill,11.022894222936882,19,2,9,0,0,0,14
R008576,Chicago,Chicago,2.232567118803371,0,0,0,0,0,0,0
R008577,Greater NYC,Lower Manhattan–North Brooklyn,23.94451437155993,34,6,26,0,0,0,29
R008578,Southern California,Los Angeles,1.8532673446492476,1,1,1,0,0,0,1
R008579,Southern California,Los Angeles,3.6688267667707346,2,2,2,0,0,0,1
R008580,Greater NYC,Midtown Manhattan,2.23487944655684,2,1,2,0,0,0,2
R008581,Philadelphia,Philadelphia,24.66232009650072,25,2,9,0,0,0,17
R008582,Greater NYC,Nassau County,3.6452990612111735,6,1,4,0,0,0,3
R008583,Greater NYC,Fairfield County,6.243153614061663,6,2,4,0,0,0,4
R008584,Greater NYC,Lower Manhattan–North Brooklyn,1.9711169794749908,2,2,2,0,0,0,2
R008585,Greater NYC,Lower Manhattan–North Brooklyn,21.65104988015797,23,6,22,0,0,0,19
R008586,Greater NYC,Uptown Manhattan,3.214310111824708,5,3,5,0,0,0,4
R008587,Greater NYC,Uptown Manhattan,1.2131325583931971,1,1,1,0,0,0,1
R008588,Greater NYC,Uptown Manhattan,52.96701700557055,73,7,34,2,0,0,50
R008589,Greater NYC,Midtown Manhattan,12.879369443367542,11,4,10,0,0,0,11
R008590,Ann Arbor,Ann Arbor,10.052093923547773,11,1,3,1,0,0,5
R008591,Greater NYC,Fairfield County,1.0,0,0,0,0,0,0,0
R008592,Greater NYC,Uptown Manhattan,4.265850024647891,1,1,1,0,0,0,1
R008593,Greater NYC,Lower Manhattan–North Brooklyn,1.0,0,0,0,0,0,0,0
R008594,Greater NYC,Midtown Manhattan,10.632872478620891,8,2,6,0,0,0,7
R008595,South Florida,Miami,33.148954893207666,38,2,7,0,0,0,22
R008596,South Florida,Miami,37.59732679985255,36,2,6,0,0,0,28
R008597,Greater NYC,Nassau County,3.301649836929082,5,1,5,0,0,0,4
R008598,Greater NYC,Midtown Manhattan,1.2029228583417408,3,2,2,0,0,0,3
R008599,Greater NYC,Westchester,4.563831472107488,3,1,2,0,0,0,1
R008600,Philadelphia,Philadelphia,1.937590523875537,1,1,1,0,0,0,0
R008601,Greater NYC,Lower Manhattan–North Brooklyn,1.0,1,1,1,0,0,0,1
R008602,Greater NYC,Lower Manhattan–North Brooklyn,24.95646324256892,21,9,19,0,0,0,18
R008603,Greater NYC,Fairfield County,77.18408362692793,80,5,33,1,0,0,62
R008604,Greater NYC,Uptown Manhattan,1.695066541639015,1,1,1,0,0,0,1
R008605,Chicago,Chicago,13.313981069837862,15,2,8,0,0,0,12
R008606,Greater NYC,Uptown Manhattan,15.046322447401018,17,5,14,0,0,0,16
R008607,Greater NYC,Uptown Manhattan,7.423910942407415,6,3,5,0,0,0,6
R008608,Northern California,Marin County,50.715734202363926,44,2,14,1,0,0,28
R008609,Northern California,San Francisco,6.524384265823514,3,1,2,0,0,0,2
R008610,Greater NYC,Uptown Manhattan,3.4132971791522495,1,1,1,0,0,0,1
R008611,Greater NYC,Lower Manhattan–North Brooklyn,60.91147621755111,57,9,34,0,0,0,43
R008612,Boston,Boston,4.865565289856979,6,3,5,0,0,0,6
R008613,DMV,DC–Arlington,1.5760181036034566,2,2,2,0,0,0,2
R008614,Ann Arbor,Ann Arbor,13.807166707385363,15,1,3,0,0,0,9
R008615,Greater NYC,Uptown Manhattan,26.656427667943102,25,3,18,0,0,0,19
R008616,Greater NYC,Fairfield County,115.09018163883006,106,4,35,1,0,0,78
R008617,Northern California,Silicon Valley,5.080971333390425,9,1,6,0,0,0,7
R008618,Northern California,San Francisco,8.166881377028629,6,2,5,0,0,0,6
R008619,Northern California,San Francisco,1.0,0,0,0,0,0,0,0
R008620,DMV,DC–Arlington,1.2036020476653984,1,1,1,0,0,0,1
R008621,Chicago,Chicago,27.03134049309496,30,2,12,0,0,0,21
R008622,Southern California,Los Angeles,26.008976614373665,22,3,12,0,0,0,13
R008623,Philadelphia,Philadelphia,2.18633809927201,0,0,0,0,0,0,0
R008624,Greater NYC,Lower Manhattan–North Brooklyn,9.37688632442771,9,4,8,0,0,0,4
R008625,Greater NYC,Lower Manhattan–North Brooklyn,1.7546599147588071,1,1,1,0,0,0,1
R008626,DMV,DC–Arlington,11.111570013372418,13,3,11,0,0,0,11
R008627,Greater NYC,Midtown Manhattan,1.375505633542346,0,0,0,0,0,0,0
R008628,Southern California,Los Angeles,3.1117248003982025,2,2,2,0,0,0,2
R008629,Southern California,Los Angeles,2.5406531738871134,2,2,2,0,0,0,1
R008630,DMV,DC–Arlington,1.6178555147713949,2,2,2,0,0,0,2
R008631,Southern California,Pasadena,1.6296986569360823,0,0,0,0,0,0,0
R008632,Chicago,Chicago,14.091935652997492,12,2,9,0,0,0,9
R008633,Northern California,San Francisco,5.448771269617857,3,2,3,0,0,0,3
R008634,Greater NYC,Midtown Manhattan,1.0462510266857357,2,2,2,0,0,0,2
R008635,Greater NYC,Lower Manhattan–North Brooklyn,25.209434437020928,30,7,25,0,0,0,24
R008636,Greater NYC,Uptown Manhattan,2.4608821530387757,5,2,5,0,0,0,4
R008637,Seattle,Seattle,23.52670581059274,23,1,8,0,0,0,17
R008638,Greater NYC,Uptown Manhattan,2.771122698996196,3,2,3,0,0,0,2
R008639,Greater NYC,Midtown Manhattan,2.8011085915204172,3,2,3,0,0,0,3
R008640,Greater NYC,Midtown Manhattan,11.460461545388377,8,4,8,0,0,0,8
R008641,Northern California,San Francisco,1.0,0,0,0,0,0,0,0
R008642,Dallas,Dallas,4.01970796409328,6,1,4,0,0,0,5
R008643,Greater NYC,Lower Manhattan–North Brooklyn,1.9683717512137764,1,1,1,0,0,0,1
R008644,Greater NYC,Uptown Manhattan,11.97229912229536,15,8,13,0,0,0,14
R008645,Philadelphia,Philadelphia,59.95195174086229,52,1,7,1,0,0,35
R008646,DMV,DC–Arlington,58.86804000729619,51,4,18,0,0,0,37
R008647,Greater NYC,Midtown Manhattan,10.642257208571223,8,4,7,0,0,0,4
R008648,Chicago,Chicago,8.471378384068357,6,2,5,0,0,0,5
R008649,Greater NYC,Nassau County,12.846115775834203,13,1,7,0,0,0,9
R008650,Greater NYC,Uptown Manhattan,1.9966945829947944,0,0,0,0,0,0,0
R008651,South Florida,Miami,4.100446162783156,2,1,2,0,0,0,1
R008652,Southern California,Los Angeles,5.19039610523257,5,2,5,0,0,0,2
R008653,Greater NYC,Lower Manhattan–North Brooklyn,1.0,0,0,0,0,0,0,0
R008654,DMV,DC–Arlington,35.14211159205915,34,4,14,0,0,0,28
R008655,DMV,DC–Arlington,2.69311627892216,3,2,3,0,0,0,3
R008656,Greater NYC,Uptown Manhattan,1.0892769889283205,1,1,1,0,0,0,1
R008657,Atlanta,Atlanta,9.59096097333995,8,1,3,0,0,0,8
R008658,Greater NYC,Uptown Manhattan,3.4386804175517898,6,3,6,0,0,0,4
R008659,Greater NYC,Westchester,59.89493382296284,75,4,16,1,0,0,50
R008660,Boston,Chestnut Hill,17.76575054371022,13,1,6,0,0,0,8
R008661,Houston,Houston,2.2597527571143963,0,0,0,0,0,0,0
R008662,Greater NYC,Midtown Manhattan,23.901697467492323,22,6,18,0,0,0,18
R008663,Dallas,Dallas,1.025197485060878,1,1,1,0,0,0,1
R008664,Boston,Boston,4.521042067836632,3,2,3,0,0,0,3
R008665,Southern California,Los Angeles,19.93447374487689,27,3,14,0,0,0,16
R008666,Greater NYC,Lower Manhattan–North Brooklyn,1.0140257218645146,0,0,0,0,0,0,0
R008667,Chicago,Chicago,5.633357712246345,5,2,5,0,0,0,3
R008668,Greater NYC,Midtown Manhattan,18.50616700984631,24,5,17,0,0,0,16
R008669,Boston,Boston,1.5621393796719776,0,0,0,0,0,0,0
R008670,Northern California,Silicon Valley,3.871779114967633,5,2,5,0,0,0,4
R008671,Greater NYC,Fairfield County,1.8094123219356837,1,1,1,0,0,0,1
R008672,South Florida,Miami,3.917989802960563,2,1,1,0,0,0,2
R008673,Boston,Boston,5.152228918552314,9,3,7,0,0,0,7
R008674,Greater NYC,Fairfield County,7.379230144890713,7,3,5,0,0,0,3
R008675,Greater NYC,Uptown Manhattan,5.585389460909115,5,3,5,0,0,0,5
R008676,Greater NYC,Uptown Manhattan,3.6486959230252975,2,2,2,0,0,0,2
R008677,Northern California,Silicon Valley,1.0,1,1,1,0,0,0,0
R008678,Greater NYC,Midtown Manhattan,1.63890548201431,1,1,1,0,0,0,1
R008679,Philadelphia,Philadelphia,2.114702554413381,1,1,1,0,0,0,1
R008680,Greater NYC,Midtown Manhattan,1.208077041174328,1,1,1,0,0,0,1
R008681,Chicago,Chicago,3.793437411659891,3,1,3,0,0,0,3
R008682,DMV,DC–Arlington,5.201896710385894,10,3,7,0,0,0,5
R008683,Boston,Boston,1.8047036172749509,5,3,5,0,0,0,3
R008684,Greater NYC,Fairfield County,31.206821105405517,26,3,16,0,0,0,14
R008685,DMV,Montgomery County,5.791231698048726,4,2,4,0,0,0,3
R008686,Greater NYC,Lower Manhattan–North Brooklyn,29.537882104685053,26,6,17,0,0,0,19
R008687,Greater NYC,Uptown Manhattan,10.20235437397701,6,2,6,0,0,0,4
R008688,Greater NYC,Uptown Manhattan,3.7152172801249375,4,2,4,0,0,0,3
R008689,Greater NYC,Hudson County,2.9334475675741714,5,2,5,0,0,0,4
R008690,Northern California,San Francisco,1.839001393327934,5,2,5,0,0,0,4
R008691,Ann Arbor,Ann Arbor,16.645697461889515,16,1,3,1,0,0,9
R008692,Greater NYC,Midtown Manhattan,11.223051027438958,9,5,9,0,0,0,7
R008693,Greater NYC,Fairfield County,1.0,2,1,2,0,0,0,1
R008694,Greater NYC,North Jersey,1.1262773284869636,2,2,2,0,0,0,2
R008695,Philadelphia,Philadelphia,76.37757996382882,82,2,9,4,0,0,55
R008696,South Florida,Miami,6.8277819007732905,5,2,4,0,0,0,0
R008697,Greater NYC,Uptown Manhattan,1.9658436733959852,0,0,0,0,0,0,0
R008698,Boston,Chestnut Hill,154.16257244133843,170,2,13,2,1,26,78
R008699,Greater NYC,Lower Manhattan–North Brooklyn,4.464711907771339,2,2,2,0,0,0,2
R008700,Greater NYC,Nassau County,1.0,1,1,1,0,0,0,1
R008701,DMV,DC–Arlington,1.0,2,2,2,0,0,0,0
R008702,Philadelphia,Philadelphia,10.009744999335442,9,2,7,0,0,0,9
R008703,Northern California,San Francisco,14.47537956718164,10,3,9,0,0,0,9
R008704,Greater NYC,Nassau County,81.34279218332259,101,9,37,0,0,0,67
R008705,Northern California,Silicon Valley,27.132344660498077,18,1,9,0,0,0,15
R008706,DMV,DC–Arlington,1.161581877616954,1,1,1,0,0,0,1
R008707,Greater NYC,Lower Manhattan–North Brooklyn,22.347940355781304,24,6,19,0,0,0,19
R008708,Greater NYC,Lower Manhattan–North Brooklyn,15.120036619585084,12,6,11,0,0,0,11
R008709,DMV,DC–Arlington,3.5076022757766516,1,1,1,0,0,0,1
R008710,Northern California,San Francisco,8.097105643959377,6,2,5,0,0,0,5
R008711,Greater NYC,Fairfield County,1.0,1,1,1,0,0,0,1
R008712,Greater NYC,Hudson County,1.3039904522582155,3,2,3,0,0,0,3
R008713,Dallas,Dallas,4.114075386592212,6,1,3,0,0,0,3
R008714,Dallas,Dallas,2.2090801702204663,1,1,1,0,0,0,0
R008715,Southern California,Los Angeles,5.62886878417636,5,2,3,0,0,0,4
R008716,Greater NYC,Lower Manhattan–North Brooklyn,8.972435238492404,15,7,13,0,0,0,13
R008717,Seattle,Seattle,35.66662891424461,43,1,8,3,0,0,24
R008718,Greater NYC,Midtown Manhattan,15.98273325449494,15,4,13,0,0,0,14
R008719,Greater NYC,Lower Manhattan–North Brooklyn,2.6362731602944347,3,3,3,0,0,0,3
R008720,Northern California,San Francisco,1.7996130385344065,2,2,2,0,0,0,2
R008721,DMV,DC–Arlington,1.0633291004704746,2,1,2,0,0,0,1
R008722,Greater NYC,Lower Manhattan–North Brooklyn,1.265163531006166,3,3,2,0,0,0,3
R008723,Greater NYC,Nassau County,3.617991370078903,4,2,4,0,0,0,3
R008724,Boston,Boston,8.70109094543658,9,2,5,0,0,0,6
R008725,Greater NYC,Fairfield County,10.310508517990815,8,3,6,0,0,0,7
R008726,Houston,Houston,12.868400524917,9,1,5,0,0,0,6
R008727,Atlanta,Atlanta,8.54647734426573,7,1,3,0,0,0,6
R008728,DMV,DC–Arlington,2.617207614576737,4,3,3,0,0,0,3
R008729,Greater NYC,Westchester,3.267185236788986,3,3,3,0,0,0,3
R008730,South Florida,Miami,3.4449587021041053,5,2,4,0,0,0,4
R008731,Southern California,Los Angeles,2.9291572451171035,2,1,2,0,0,0,0
R008732,Greater NYC,Midtown Manhattan,9.779305707758756,12,4,8,0,0,0,11
R008733,Greater NYC,Uptown Manhattan,2.30715788796296,2,2,2,0,0,0,2
R008734,Southern California,Los Angeles,1.8151207527600728,1,1,1,0,0,0,1
R008735,Chicago,Chicago,6.259592706644135,8,2,5,0,0,0,6
R008736,Boston,Chestnut Hill,6.873419553363526,4,1,3,0,0,0,3
R008737,Greater NYC,Fairfield County,4.998920028493784,5,3,4,0,0,0,5
R008738,Atlanta,Atlanta,12.270329363908502,8,1,4,0,0,0,7
R008739,Greater NYC,Uptown Manhattan,7.460141712342709,8,2,5,0,0,0,7
R008740,Greater NYC,Uptown Manhattan,10.762392188971823,12,2,8,0,0,0,10
R008741,Southern California,Los Angeles,12.978373621689885,17,3,11,0,0,0,16
R008742,Northern California,San Francisco,1.0,1,1,1,0,0,0,1
R008743,Southern California,Pasadena,1.466015146780824,0,0,0,0,0,0,0
R008744,Greater NYC,Nassau County,20.7216597081572,19,3,8,0,0,0,10
R008745,Greater NYC,Midtown Manhattan,1.0,1,1,1,0,0,0,1
R008746,Greater NYC,Lower Manhattan–North Brooklyn,1.7366014714379412,1,1,1,0,0,0,1
R008747,Northern California,San Francisco,8.408721112165855,9,3,8,0,0,0,7
R008748,Northern California,Silicon Valley,24.82079759763866,21,2,9,0,0,0,17
R008749,Southern California,Los Angeles,4.057863965359832,2,1,2,0,0,0,2
R008750,Greater NYC,Lower Manhattan–North Brooklyn,7.849527240491114,6,6,6,0,0,0,5
R008751,Boston,Boston,25.520059498954065,22,3,10,0,0,0,16
R008752,Northern California,San Francisco,1.0,1,1,1,0,0,0,0
R008753,Philadelphia,Philadelphia,1.1571945668382957,1,1,1,0,0,0,1
R008754,Greater NYC,Uptown Manhattan,4.492784574525662,7,3,7,0,0,0,7
R008755,Southern California,Los Angeles,3.760749682962624,7,2,6,0,0,0,6
R008756,Greater NYC,Hudson County,3.8507508878524113,6,3,5,0,0,0,4
R008757,Northern California,Silicon Valley,5.904962752774872,5,2,5,0,0,0,4
R008758,Greater NYC,Midtown Manhattan,6.521035030976195,4,1,4,0,0,0,4
R008759,DMV,Montgomery County,1.714364390109833,3,2,3,0,0,0,1
R008760,Greater NYC,Hudson County,1.0,0,0,0,0,0,0,0
R008761,Boston,Chestnut Hill,2.2926012950100487,0,0,0,0,0,0,0
R008762,Greater NYC,Uptown Manhattan,14.601787710535564,10,4,9,0,0,0,8
R008763,Southern California,Los Angeles,3.4369184173477465,2,1,1,0,0,0,2
R008764,Boston,Chestnut Hill,6.611284153021192,4,1,3,0,0,0,4
R008765,Greater NYC,North Jersey,1.0,2,1,2,0,0,0,1
R008766,Greater NYC,Lower Manhattan–North Brooklyn,1.748292997600096,0,0,0,0,0,0,0
R008767,Greater NYC,Midtown Manhattan,2.5149926587792506,1,1,1,0,0,0,1
R008768,Southern California,Pasadena,3.3143644707567637,3,1,3,0,0,0,3
R008769,Greater NYC,Uptown Manhattan,1.0934341452122922,0,0,0,0,0,0,0
R008770,Boston,Boston,2.287921854839092,1,1,1,0,0,0,1
R008771,DMV,DC–Arlington,23.12103441110834,19,3,14,0,0,0,14
R008772,DMV,DC–Arlington,7.175696614010146,6,3,5,0,0,0,6
R008773,Greater NYC,Lower Manhattan–North Brooklyn,4.264369706199447,6,3,5,0,0,0,6
R008774,Greater NYC,Lower Manhattan–North Brooklyn,2.2288520284710085,2,2,2,0,0,0,1
R008775,South Florida,Miami,9.248629566227017,5,2,5,0,0,0,5
R008776,Southern California,Pasadena,4.580596636906412,7,3,6,0,0,0,3
R008777,Southern California,Los Angeles,6.146690953658716,4,2,3,0,0,0,3
R008778,Greater NYC,Lower Manhattan–North Brooklyn,13.12257788608184,18,7,15,0,0,0,15
R008779,Greater NYC,Midtown Manhattan,14.853650078491125,12,4,10,0,0,0,9
R008780,Greater NYC,Fairfield County,14.230721149402042,17,3,9,0,0,0,9
R008781,Greater NYC,Uptown Manhattan,19.144800047183946,21,4,16,0,0,0,20
R008782,Ann Arbor,Ann Arbor,1.0,1,1,1,0,0,0,1
R008783,Boston,Chestnut Hill,1.5639755466377223,1,1,1,0,0,0,1
R008784,Boston,Boston,1.5768858271386603,1,1,1,0,0,0,1
R008785,DMV,DC–Arlington,14.641316744597306,14,4,9,0,0,0,10
R008786,Northern California,Marin County,38.59772702324615,44,4,14,0,0,0,25
R008787,Greater NYC,Midtown Manhattan,4.695024717148824,7,3,6,0,0,0,7
R008788,Boston,Chestnut Hill,2.3278887384569296,1,1,1,0,0,0,1
R008789,Greater NYC,Lower Manhattan–North Brooklyn,4.651611238398195,8,4,7,0,0,0,6
R008790,Southern California,Los Angeles,9.504154250160838,8,3,6,0,0,0,5
R008791,DMV,DC–Arlington,10.920285150217344,17,4,11,0,0,0,15
R008792,Atlanta,Atlanta,5.75825140081615,6,1,4,0,0,0,4
R008793,South Florida,Miami,18.479169395766935,18,2,6,0,0,0,14
R008794,Boston,Boston,4.150209360638598,3,2,2,0,0,0,1
R008795,Philadelphia,Philadelphia,11.625098126460587,11,2,5,0,0,0,9
R008796,Boston,Boston,1.2298137882240063,2,2,2,0,0,0,2
R008797,Dallas,Dallas,1.0,2,1,2,0,0,0,1
R008798,Chicago,Chicago,1.0,0,0,0,0,0,0,0
R008799,Philadelphia,Philadelphia,2.03071803207849,0,0,0,0,0,0,0
R008800,Greater NYC,Westchester,66.98607757417919,79,8,32,0,0,0,52
R008801,Northern California,San Francisco,5.77823639541174,9,2,8,0,0,0,7
R008802,Southern California,Pasadena,36.29780954137848,38,2,10,1,0,0,22
R008803,Southern California,Los Angeles,12.97531051369786,8,2,8,0,0,0,4
R008804,Boston,Chestnut Hill,6.554121770986706,4,2,4,0,0,0,3
R008805,Greater NYC,Lower Manhattan–North Brooklyn,5.019134421743852,5,3,5,0,0,0,4
R008806,Chicago,Chicago,1.0,1,1,1,0,0,0,1
R008807,Seattle,Seattle,11.888319770856004,11,1,5,0,0,0,10
R008808,DMV,Montgomery County,17.83134205412658,8,2,6,0,0,0,4
R008809,Greater NYC,Westchester,1.0,0,0,0,0,0,0,0
R008810,DMV,DC–Arlington,3.6523655891518216,5,2,5,0,0,0,3
R008811,Greater NYC,Uptown Manhattan,14.251624841828688,20,3,17,0,0,0,17
R008812,Greater NYC,Lower Manhattan–North Brooklyn,32.974030367456905,30,6,25,0,0,0,26
R008813,Greater NYC,Fairfield County,13.968324945764184,18,3,12,0,0,0,14
R008814,Greater NYC,Hudson County,5.574660758608953,6,2,4,0,0,0,3
R008815,Northern California,San Francisco,7.491798793339327,6,1,6,0,0,0,5
R008816,Greater NYC,Westchester,20.533245041216144,15,3,10,0,0,0,9
R008817,Greater NYC,Lower Manhattan–North Brooklyn,5.629723934796051,5,5,5,0,0,0,5
R008818,Boston,Boston,6.56472796828396,5,2,5,0,0,0,4
R008819,Dallas,Dallas,1.0,0,0,0,0,0,0,0
R008820,Greater NYC,Westchester,62.46121184835922,50,3,14,1,0,0,29
R008821,Philadelphia,Philadelphia,1.5377037205671404,1,1,1,0,0,0,1
R008822,Southern California,Pasadena,2.724506140651115,3,1,2,0,0,0,2
R008823,Greater NYC,Midtown Manhattan,2.2406312576943774,1,1,1,0,0,0,1
R008824,Greater NYC,Midtown Manhattan,5.643056789110171,3,2,3,0,0,0,1
R008825,Greater NYC,Fairfield County,1.4124789212637443,1,1,1,0,0,0,1
R008826,Chicago,Chicago,1.0,1,1,1,0,0,0,1
R008827,Greater NYC,Lower Manhattan–North Brooklyn,6.122147577873725,4,1,2,0,0,0,2
R008828,Dallas,Dallas,34.60409860933408,29,1,9,0,0,0,20
R008829,Southern California,Pasadena,37.999323453045946,35,2,12,0,0,0,15
R008830,Greater NYC,Midtown Manhattan,3.4390636138508097,2,2,2,0,0,0,2
R008831,Greater NYC,Lower Manhattan–North Brooklyn,4.198740213260838,10,6,10,0,0,0,7
R008832,Greater NYC,Lower Manhattan–North Brooklyn,1.0,1,1,1,0,0,0,1
R008833,Southern California,Los Angeles,3.0487662881057553,5,3,5,0,0,0,3
R008834,Greater NYC,Lower Manhattan–North Brooklyn,3.24102880873976,9,5,9,0,0,0,9
R008835,Boston,Boston,1.6968507018745569,1,1,1,0,0,0,0
R008836,Greater NYC,Lower Manhattan–North Brooklyn,1.0,1,1,1,0,0,0,1
R008837,Greater NYC,Uptown Manhattan,1.0,1,1,1,0,0,0,1
R008838,Greater NYC,Lower Manhattan–North Brooklyn,6.5210008773336945,8,4,7,0,0,0,8
R008839,Philadelphia,Philadelphia,104.54524454775024,93,1,7,3,0,0,62
R008840,Greater NYC,Midtown Manhattan,96.72077326379134,95,7,41,0,0,0,70
R008841,Seattle,Seattle,2.024620502947847,4,1,3,0,0,0,3
R008842,Houston,Houston,1.4699378453996348,2,1,1,0,0,0,1
R008843,Greater NYC,Midtown Manhattan,36.33560513326106,43,10,28,0,0,0,32
R008844,Greater NYC,Nassau County,11.862292543675592,15,1,9,0,0,0,12
R008845,Greater NYC,Lower Manhattan–North Brooklyn,16.956655565497783,12,4,9,0,0,0,11
R008846,Greater NYC,Lower Manhattan–North Brooklyn,1.5589616672650437,1,1,1,0,0,0,1
R008847,Northern California,San Francisco,1.4262182154541407,3,3,3,0,0,0,2
R008848,Greater NYC,Hudson County,10.086538282729771,9,2,8,0,0,0,7
R008849,Philadelphia,Main Line,5.21915926524981,6,2,6,0,0,0,5
R008850,Greater NYC,Westchester,1.628464553894785,1,1,1,0,0,0,1
R008851,Greater NYC,Westchester,4.4614399433458605,5,2,4,0,0,0,4
R008852,DMV,DC–Arlington,5.855828270259535,3,1,3,0,0,0,2
R008853,Boston,Boston,14.790235582343575,18,2,8,0,0,0,13
R008854,South Florida,Miami,2.5646115256797497,3,2,3,0,0,0,3
R008855,Northern California,Marin County,5.40172578865853,3,1,3,0,0,0,2
R008856,Greater NYC,Lower Manhattan–North Brooklyn,90.48052786503658,93,6,44,1,0,0,73
R008857,Greater NYC,Lower Manhattan–North Brooklyn,3.270649143886032,9,4,9,0,0,0,7
R008858,Chicago,Chicago,1.091622051492264,1,1,1,0,0,0,1
R008859,Boston,Boston,16.050809425690645,17,2,8,0,0,0,13
R008860,Atlanta,Atlanta,4.865530085751579,4,1,2,0,0,0,4
R008861,Chicago,Chicago,1.8454272702216084,2,2,2,0,0,0,1
R008862,Northern California,Marin County,3.967756372295652,6,1,5,0,0,0,4
R008863,Philadelphia,Philadelphia,12.335092980945912,16,1,6,0,0,0,12
R008864,Greater NYC,Fairfield County,3.553016545007804,2,2,2,0,0,0,2
R008865,Seattle,Seattle,5.781991777809,3,1,3,0,0,0,2
R008866,Greater NYC,Lower Manhattan–North Brooklyn,2.226332072673669,4,2,4,0,0,0,4
R008867,Greater NYC,Westchester,6.724629028616221,12,4,10,0,0,0,9
R008868,Greater NYC,Hudson County,10.797967174020608,11,1,7,0,0,0,4
R008869,Philadelphia,Philadelphia,3.2707222853622264,5,1,4,0,0,0,3
R008870,DMV,DC–Arlington,3.773061673799786,8,3,8,0,0,0,8
R008871,Southern California,Pasadena,1.3386087126569943,0,0,0,0,0,0,0
R008872,DMV,DC–Arlington,28.504533261511003,28,3,13,0,0,0,22
R008873,Greater NYC,Midtown Manhattan,2.121137860411163,1,1,1,0,0,0,1
R008874,Greater NYC,Nassau County,35.95152077324829,40,3,19,0,0,0,30
R008875,Greater NYC,Uptown Manhattan,59.57001782390199,52,3,27,0,0,0,40
R008876,DMV,DC–Arlington,6.32083780906766,5,3,5,0,0,0,4
R008877,Greater NYC,Lower Manhattan–North Brooklyn,1.0,1,1,1,0,0,0,1
R008878,Greater NYC,Midtown Manhattan,8.651788981374505,9,4,8,0,0,0,8
R008879,Greater NYC,Lower Manhattan–North Brooklyn,9.028638623983351,6,4,6,0,0,0,6
R008880,Ann Arbor,Ann Arbor,9.755728691723316,10,1,3,0,0,0,7
R008881,Greater NYC,Hudson County,4.748474237103267,9,1,7,0,0,0,4
R008882,Greater NYC,Hudson County,3.2529822053104516,1,1,1,0,0,0,1
R008883,DMV,DC–Arlington,1.0,0,0,0,0,0,0,0
R008884,Dallas,Dallas,1.0201692449457909,0,0,0,0,0,0,0
R008885,DMV,DC–Arlington,14.42928030710422,13,3,8,0,0,0,9
R008886,South Florida,Miami,8.391009073151361,8,2,3,0,0,0,7
R008887,Northern California,San Francisco,1.0,1,1,1,0,0,0,1
R008888,Greater NYC,Lower Manhattan–North Brooklyn,5.216230092329277,5,3,5,0,0,0,4
R008889,DMV,Montgomery County,8.349776754000375,9,1,6,0,0,0,5
R008890,Atlanta,Atlanta,1.8383938556511832,1,1,1,0,0,0,1
R008891,Greater NYC,Midtown Manhattan,48.68419514322885,41,7,22,0,0,0,33
R008892,Greater NYC,Fairfield County,9.589134067857431,10,5,8,0,0,0,10
R008893,DMV,DC–Arlington,12.00512587285856,7,2,6,0,0,0,5
R008894,Southern California,Los Angeles,13.6340212693085,16,3,10,0,0,0,10
R008895,Greater NYC,Uptown Manhattan,1.751166907929076,1,1,1,0,0,0,1
R008896,Greater NYC,Midtown Manhattan,7.387021633781175,10,4,8,0,0,0,9
R008897,Ann Arbor,Ann Arbor,25.565348964361757,24,1,3,1,0,0,13
R008898,Greater NYC,Midtown Manhattan,1.0,1,1,1,0,0,0,0
R008899,South Florida,Miami,3.1676577497417338,3,2,2,0,0,0,2
R008900,Greater NYC,Midtown Manhattan,2.723942527011249,3,2,3,0,0,0,2
R008901,Chicago,Chicago,6.734779530035036,5,2,3,0,0,0,3
R008902,Greater NYC,Nassau County,12.481406049871405,12,2,9,0,0,0,7
R008903,Greater NYC,Hudson County,1.0,0,0,0,0,0,0,0
R008904,DMV,DC–Arlington,3.3483695079574294,5,3,5,0,0,0,3
R008905,Greater NYC,Midtown Manhattan,27.807995913253936,18,4,13,0,0,0,17
R008906,DMV,Montgomery County,2.9897012145739974,2,1,2,0,0,0,2
R008907,Northern California,San Francisco,6.38913159283728,7,3,6,0,0,0,6
R008908,South Florida,Miami,2.2762135845620293,4,2,3,0,0,0,4
R008909,Atlanta,Atlanta,38.98904909671064,30,1,4,0,0,0,25
R008910,Greater NYC,Nassau County,4.3779203675759115,3,2,3,0,0,0,2
R008911,Greater NYC,Uptown Manhattan,3.4108687742223003,4,3,3,0,0,0,2
R008912,Greater NYC,Uptown Manhattan,3.766212832256098,4,3,4,0,0,0,2
R008913,Greater NYC,Lower Manhattan–North Brooklyn,29.80572310133336,25,7,22,0,0,0,19
R008914,Houston,Houston,2.434205286329379,4,1,3,0,0,0,2
R008915,Greater NYC,Lower Manhattan–North Brooklyn,6.008769643156447,3,1,3,0,0,0,3
R008916,Greater NYC,Midtown Manhattan,5.340093918943433,9,3,6,0,0,0,8
R008917,Greater NYC,Uptown Manhattan,12.558690732290977,9,2,7,0,0,0,7
R008918,Greater NYC,Uptown Manhattan,6.595684792759241,5,4,5,0,0,0,5
R008919,Greater NYC,Midtown Manhattan,1.748216835800905,2,2,2,0,0,0,2
R008920,Southern California,Pasadena,9.410687054648182,6,1,6,0,0,0,5
R008921,Boston,Chestnut Hill,8.71560313030481,9,1,7,0,0,0,6
R008922,Greater NYC,Midtown Manhattan,1.0,2,1,2,0,0,0,2
R008923,Philadelphia,Philadelphia,5.274977554480112,5,1,4,0,0,0,3
R008924,Greater NYC,Midtown Manhattan,2.4039605525043095,2,2,2,0,0,0,2
R008925,Greater NYC,Lower Manhattan–North Brooklyn,4.7430484742723324,4,3,4,0,0,0,4
R008926,Greater NYC,Fairfield County,1.2480707812048868,1,1,1,0,0,0,1
R008927,Northern California,San Francisco,8.453403012800011,11,3,8,0,0,0,9
R008928,Northern California,Marin County,12.53581628424715,14,2,6,0,0,0,9
R008929,South Florida,Miami,16.895575016399015,13,2,7,0,0,0,12
R008930,Southern California,Pasadena,6.423535426221998,9,1,5,0,0,0,8
R008931,Austin,Austin,6.565839723651602,4,1,4,0,0,0,3
R008932,Southern California,Los Angeles,2.059047161286704,3,2,2,0,0,0,0
R008933,Chicago,Chicago,1.0144284762913498,1,1,1,0,0,0,1
R008934,Greater NYC,Uptown Manhattan,6.223040852030184,6,4,6,0,0,0,6
R008935,Southern California,Pasadena,3.7389831787852064,4,2,4,0,0,0,4
R008936,Greater NYC,Lower Manhattan–North Brooklyn,3.6977490063874288,5,3,5,0,0,0,3
R008937,South Florida,Miami,1.9338527917784285,2,2,2,0,0,0,2
R008938,DMV,Montgomery County,9.081545320677703,9,2,5,0,0,0,5
R008939,South Florida,Miami,1.0,1,1,1,0,0,0,1
R008940,Greater NYC,Fairfield County,4.9945141310509475,2,1,2,0,0,0,0
R008941,Greater NYC,Uptown Manhattan,6.115361207359153,5,3,5,0,0,0,4
R008942,Greater NYC,Westchester,1.093025348621582,0,0,0,0,0,0,0
R008943,Greater NYC,Uptown Manhattan,15.610804974340988,11,3,9,0,0,0,9
R008944,DMV,DC–Arlington,4.948866683672284,6,2,5,0,0,0,4
R008945,DMV,DC–Arlington,3.206207767817223,3,2,3,0,0,0,2
R008946,Greater NYC,North Jersey,1.416480657416525,2,2,2,0,0,0,2
R008947,Greater NYC,Lower Manhattan–North Brooklyn,1.0,2,2,2,0,0,0,0
R008948,Philadelphia,Philadelphia,21.88896930722385,20,1,7,0,0,0,15
R008949,Boston,Boston,3.5063365715171058,2,2,2,0,0,0,2
R008950,Greater NYC,Lower Manhattan–North Brooklyn,1.604286481563162,4,2,4,0,0,0,3
R008951,DMV,DC–Arlington,1.0,1,1,1,0,0,0,1
R008952,Greater NYC,Westchester,19.212664381163727,15,3,12,0,0,0,10
R008953,DMV,DC–Arlington,1.127778895733396,2,2,2,0,0,0,0
R008954,Chicago,Chicago,26.70255481817013,37,2,13,0,0,0,27
R008955,Philadelphia,Philadelphia,1.811547810184022,2,1,2,0,0,0,1
R008956,Greater NYC,Fairfield County,71.83398204619441,72,4,27,0,0,0,53
R008957,Greater NYC,Uptown Manhattan,15.634435281447436,16,6,12,0,0,0,13
R008958,Greater NYC,Midtown Manhattan,1.031720564942132,1,1,1,0,0,0,0
R008959,Greater NYC,Lower Manhattan–North Brooklyn,16.373160863030538,15,5,9,0,0,0,12
R008960,Southern California,Los Angeles,11.05065140896593,8,2,6,0,0,0,4
R008961,Greater NYC,Lower Manhattan–North Brooklyn,1.50940953073289,3,3,3,0,0,0,3
R008962,Southern California,Los Angeles,1.168178734091725,1,1,1,0,0,0,1
R008963,Greater NYC,Uptown Manhattan,1.205420201937756,1,1,1,0,0,0,0
R008964,Greater NYC,Uptown Manhattan,1.2304733904290397,0,0,0,0,0,0,0
R008965,Greater NYC,Westchester,2.0413369137596016,7,3,6,0,0,0,7
R008966,Boston,Chestnut Hill,2.5888004907273063,2,1,2,0,0,0,1
R008967,Houston,Houston,2.0472675618387015,3,1,3,0,0,0,2
R008968,Greater NYC,Lower Manhattan–North Brooklyn,5.99081183990415,6,3,6,0,0,0,6
R008969,Southern California,Los Angeles,61.93804743226081,68,3,18,0,0,0,30
R008970,Greater NYC,Lower Manhattan–North Brooklyn,1.0,1,1,1,0,0,0,0
R008971,DMV,DC–Arlington,2.9859805482204105,2,2,2,0,0,0,1
R008972,Greater NYC,Midtown Manhattan,2.3290436418740588,3,2,3,0,0,0,3
R008973,Greater NYC,Fairfield County,10.709133581697769,14,5,12,0,0,0,11
R008974,Boston,Chestnut Hill,16.35907029149434,16,2,8,0,0,0,13
R008975,Greater NYC,Midtown Manhattan,1.0,1,1,1,0,0,0,1
R008976,South Florida,Miami,1.5669977837881994,0,0,0,0,0,0,0
R008977,Greater NYC,Midtown Manhattan,1.5385014075027037,5,4,5,0,0,0,4
R008978,Greater NYC,Midtown Manhattan,12.051177468082091,13,4,10,0,0,0,10
R008979,Greater NYC,Lower Manhattan–North Brooklyn,1.2929936886995683,0,0,0,0,0,0,0
R008980,Northern California,San Francisco,4.284180097184686,8,2,6,0,0,0,7
R008981,Chicago,Chicago,6.198255745565983,8,2,5,0,0,0,6
R008982,Atlanta,Atlanta,7.388976340476867,2,1,2,0,0,0,1
R008983,DMV,Montgomery County,1.0,0,0,0,0,0,0,0
R008984,Philadelphia,Main Line,2.991543489610065,5,2,3,0,0,0,3
R008985,Seattle,Seattle,2.2129810363415863,0,0,0,0,0,0,0
R008986,DMV,DC–Arlington,4.63500005730242,5,3,4,0,0,0,3
R008987,Greater NYC,Uptown Manhattan,1.5549898240300597,0,0,0,0,0,0,0
R008988,Greater NYC,Uptown Manhattan,1.9134449800611424,3,2,3,0,0,0,3
R008989,Boston,Boston,28.943585950617916,29,2,10,0,0,0,19
R008990,Greater NYC,Westchester,1.7979661720852405,0,0,0,0,0,0,0
R008991,Greater NYC,Midtown Manhattan,6.659832415261366,7,4,5,0,0,0,4
R008992,South Florida,Miami,24.310565344431435,29,2,5,0,0,0,20
R008993,Greater NYC,Lower Manhattan–North Brooklyn,13.155048829122764,12,5,10,0,0,0,11
R008994,Greater NYC,Uptown Manhattan,2.5050636572418803,8,4,8,0,0,0,7
R008995,Northern California,Marin County,1.8075561254119168,1,1,1,0,0,0,1
R008996,Greater NYC,Fairfield County,1.0,1,1,1,0,0,0,1
R008997,South Florida,Miami,88.85488614210934,88,2,7,5,0,0,54
R008998,Southern California,Los Angeles,38.844366101842475,40,4,15,0,0,0,31
R008999,Houston,Houston,1.4085914723283357,1,1,1,0,0,0,1
R009000,DMV,DC–Arlington,4.515053877896015,1,1,1,0,0,0,0
R009001,Austin,Austin,1.0,0,0,0,0,0,0,0
R009002,Greater NYC,Midtown Manhattan,7.192455649734913,1,1,1,0,0,0,1
R009003,Southern California,Pasadena,7.820918480846181,6,2,6,0,0,0,4
R009004,Greater NYC,Fairfield County,59.04261315954077,72,5,22,0,0,0,53
R009005,Greater NYC,Lower Manhattan–North Brooklyn,2.0106542166932235,0,0,0,0,0,0,0
R009006,Philadelphia,Philadelphia,15.995136784063469,17,2,8,0,0,0,13
R009007,Greater NYC,Lower Manhattan–North Brooklyn,41.82501106059328,40,6,30,0,0,0,30
R009008,Austin,Austin,10.54370438663567,14,1,7,0,0,0,10
R009009,Greater NYC,Nassau County,16.27999186482773,18,1,8,0,0,0,12
R009010,Southern California,Los Angeles,4.551367131200105,2,2,2,0,0,0,2
R009011,Greater NYC,Lower Manhattan–North Brooklyn,7.684778493728851,7,5,7,0,0,0,3
R009012,Southern California,Los Angeles,3.4875874054976883,6,4,6,0,0,0,4
R009013,Chicago,Chicago,2.4479676388884464,0,0,0,0,0,0,0
R009014,Northern California,Silicon Valley,10.502382731229336,9,3,8,0,0,0,8
R009015,Greater NYC,Lower Manhattan–North Brooklyn,23.244285823473884,32,6,18,0,0,0,23
R009016,Northern California,San Francisco,5.048646311334471,6,2,4,0,0,0,3
R009017,Austin,Austin,2.8237275190170776,2,1,2,0,0,0,1
R009018,Northern California,San Francisco,13.62521242978952,14,4,9,0,0,0,12
R009019,Austin,Austin,1.326531254118026,1,1,1,0,0,0,1
R009020,Greater NYC,Uptown Manhattan,2.5236620220302206,1,1,1,0,0,0,1
R009021,Ann Arbor,Ann Arbor,2.982985679542678,1,1,1,0,0,0,1
R009022,Philadelphia,Main Line,2.6723108365627724,2,1,2,0,0,0,2
R009023,Greater NYC,Lower Manhattan–North Brooklyn,3.41985836841493,5,4,5,0,0,0,5
R009024,Greater NYC,Uptown Manhattan,1.3111122798421788,3,2,3,0,0,0,3
R009025,Greater NYC,Lower Manhattan–North Brooklyn,11.420142199066133,11,5,10,0,0,0,8
R009026,Greater NYC,Lower Manhattan–North Brooklyn,4.221644940951613,3,2,3,0,0,0,1
R009027,Greater NYC,Fairfield County,7.228500608131776,3,2,3,0,0,0,3
R009028,Greater NYC,Midtown Manhattan,1.0915806075429042,0,0,0,0,0,0,0
R009029,Ann Arbor,Ann Arbor,5.232563714584958,3,1,2,0,0,0,2
R009030,Greater NYC,Lower Manhattan–North Brooklyn,3.6217347829562505,2,2,2,0,0,0,2
R009031,Austin,Austin,4.325460019479282,3,1,2,0,0,0,3
R009032,DMV,Montgomery County,22.81366479135703,18,2,11,0,0,0,16
R009033,DMV,DC–Arlington,28.67362746867344,36,3,14,0,0,0,27
R009034,Greater NYC,Uptown Manhattan,2.944495612502254,3,2,3,0,0,0,3
R009035,Greater NYC,Lower Manhattan–North Brooklyn,2.8189204257766165,3,2,3,0,0,0,2
R009036,Boston,Boston,2.0884789479768155,3,1,3,0,0,0,2
R009037,Greater NYC,Westchester,2.007605162139169,2,1,2,0,0,0,2
R009038,Southern California,Los Angeles,6.728442567885208,5,3,3,0,0,0,3
R009039,Greater NYC,Midtown Manhattan,6.925624666336259,11,4,9,0,0,0,10
R009040,Greater NYC,Uptown Manhattan,2.0209196597094965,1,1,1,0,0,0,1
R009041,Greater NYC,Nassau County,1.0,1,1,1,0,0,0,0
R009042,Philadelphia,Philadelphia,12.188023597335324,15,1,7,0,0,0,11
R009043,Greater NYC,Midtown Manhattan,1.0,1,1,1,0,0,0,0
R009044,Boston,Boston,2.124882155884329,0,0,0,0,0,0,0
R009045,Greater NYC,North Jersey,7.056623287215527,5,2,5,0,0,0,4
R009046,Greater NYC,Uptown Manhattan,19.024685509846055,21,3,19,0,0,0,19
R009047,Greater NYC,Westchester,1.0,2,2,2,0,0,0,1
R009048,Greater NYC,Midtown Manhattan,6.911263948674599,11,5,9,0,0,0,9
R009049,Greater NYC,Lower Manhattan–North Brooklyn,11.918682659351957,7,4,7,0,0,0,5
R009050,Southern California,Los Angeles,5.040471732957678,3,2,3,0,0,0,2
R009051,Philadelphia,Philadelphia,19.77613303199624,20,1,6,0,0,0,15
R009052,DMV,DC–Arlington,49.68363681721201,46,4,17,0,0,0,32
R009053,DMV,Montgomery County,7.707737399065574,4,1,4,0,0,0,2
R009054,Boston,Chestnut Hill,2.5722509541122327,2,1,2,0,0,0,1
R009055,Greater NYC,Uptown Manhattan,55.203532941582495,51,3,25,0,0,0,44
R009056,Greater NYC,Lower Manhattan–North Brooklyn,22.061320337675028,21,5,16,0,0,0,18
R009057,Northern California,San Francisco,1.0,1,1,1,0,0,0,1
R009058,Greater NYC,Westchester,22.106930389597665,17,2,12,0,0,0,14
R009059,Greater NYC,Nassau County,1.1775700739715962,0,0,0,0,0,0,0
R009060,Greater NYC,North Jersey,1.0,3,3,3,0,0,0,2
R009061,Greater NYC,Westchester,1.0,1,1,1,0,0,0,1
R009062,Dallas,Dallas,21.147561392958075,17,1,8,0,0,0,13
R009063,Greater NYC,Hudson County,1.0,3,1,2,0,0,0,3
R009064,Southern California,Los Angeles,1.5542439430766828,2,2,2,0,0,0,2
R009065,South Florida,Miami,7.300685146800345,6,2,3,0,0,0,4
R009066,Greater NYC,Uptown Manhattan,2.479291877151203,2,1,2,0,0,0,2
R009067,Southern California,Los Angeles,1.0,1,1,1,0,0,0,0
R009068,Dallas,Dallas,1.0,0,0,0,0,0,0,0
R009069,Greater NYC,Midtown Manhattan,8.965209726179557,5,4,5,0,0,0,4
R009070,Seattle,Seattle,3.0298701302205986,5,1,3,0,0,0,4
R009071,Greater NYC,Uptown Manhattan,1.784682138589198,3,2,3,0,0,0,2
R009072,Southern California,Los Angeles,9.874840010369644,6,1,3,0,0,0,4
R009073,Northern California,San Francisco,14.098102887933484,20,2,14,0,0,0,16
R009074,DMV,DC–Arlington,9.311227509109422,5,3,5,0,0,0,4
R009075,Boston,Boston,2.4040761719820054,1,1,1,0,0,0,0
R009076,Chicago,Chicago,1.143283191102057,1,1,1,0,0,0,1
R009077,Northern California,San Francisco,3.137972215325424,4,2,3,0,0,0,4
R009078,Northern California,Marin County,2.9531446888666646,5,2,5,0,0,0,5
R009079,DMV,DC–Arlington,10.217442308098052,15,3,10,0,0,0,15
R009080,Southern California,Los Angeles,3.988571048483067,2,1,1,0,0,0,2
R009081,Northern California,Silicon Valley,1.0,2,1,2,0,0,0,2
R009082,Greater NYC,Midtown Manhattan,1.0,1,1,1,0,0,0,0
R009083,Southern California,Los Angeles,3.03802357490998,3,1,3,0,0,0,3
R009084,Greater NYC,Westchester,16.502007906118287,17,4,14,0,0,0,13
R009085,Greater NYC,Uptown Manhattan,1.4787440029125796,2,2,2,0,0,0,2
R009086,Greater NYC,Lower Manhattan–North Brooklyn,1.0,1,1,1,0,0,0,0
R009087,Boston,Boston,1.0,1,1,1,0,0,0,1
R009088,Boston,Boston,3.0724476117660946,4,2,3,0,0,0,3
R009089,Greater NYC,Nassau County,1.0,1,1,1,0,0,0,1
R009090,Southern California,Los Angeles,1.7419711922596255,1,1,1,0,0,0,0
R009091,Boston,Chestnut Hill,2.766935171211248,2,1,2,0,0,0,1
R009092,Greater NYC,Midtown Manhattan,1.457356364397734,0,0,0,0,0,0,0
R009093,Greater NYC,Westchester,35.56935752867828,43,4,28,0,0,0,35
R009094,Greater NYC,Midtown Manhattan,14.885978102090071,18,6,15,0,0,0,12
R009095,Chicago,Chicago,23.76004887570994,17,2,9,1,0,0,11
R009096,DMV,DC–Arlington,3.868815707043309,4,2,4,0,0,0,2
R009097,Boston,Boston,1.586661311276815,2,2,2,0,0,0,1
R009098,Greater NYC,Uptown Manhattan,6.087183444854338,7,3,7,0,0,0,6
R009099,Greater NYC,Midtown Manhattan,3.298156687337833,3,2,3,0,0,0,3
R009100,Chicago,Chicago,4.542736466452173,0,0,0,0,0,0,0
R009101,Greater NYC,Midtown Manhattan,7.929581148437619,4,4,4,0,0,0,3
R009102,Greater NYC,Lower Manhattan–North Brooklyn,10.947526378653116,10,5,10,0,0,0,8
R009103,Chicago,Chicago,39.84681934310933,38,2,12,3,0,0,24
R009104,Greater NYC,Midtown Manhattan,16.80058504152282,16,5,11,0,0,0,12
R009105,Philadelphia,Philadelphia,2.6633332344283094,1,1,1,0,0,0,1
R009106,Greater NYC,Midtown Manhattan,2.706563617509262,3,2,3,0,0,0,2
R009107,DMV,DC–Arlington,28.68123786165286,23,4,14,0,0,0,16
R009108,Greater NYC,Hudson County,17.492788302551972,20,3,12,0,0,0,14
R009109,Southern California,Los Angeles,2.224921181685698,1,1,1,0,0,0,0
R009110,South Florida,Miami,1.3366748503892083,3,2,3,0,0,0,2
R009111,Southern California,Pasadena,1.0,0,0,0,0,0,0,0
R009112,Boston,Chestnut Hill,2.152183209718226,4,1,3,0,0,0,3
R009113,Northern California,San Francisco,2.0186184540805336,1,1,1,0,0,0,1
R009114,South Florida,Miami,1.8030711632406309,1,1,1,0,0,0,0
R009115,Greater NYC,Lower Manhattan–North Brooklyn,1.0,0,0,0,0,0,0,0
R009116,DMV,Montgomery County,8.919848024687585,15,2,11,0,0,0,13
R009117,Dallas,Dallas,4.277759994522353,4,1,3,0,0,0,3
R009118,Greater NYC,Midtown Manhattan,4.64582192562524,4,3,4,0,0,0,2
R009119,Chicago,Chicago,8.082953807375311,5,2,5,0,0,0,5
R009120,Greater NYC,Lower Manhattan–North Brooklyn,1.0,2,1,2,0,0,0,2
R009121,Greater NYC,Lower Manhattan–North Brooklyn,25.916031999835916,27,5,18,0,0,0,21
R009122,Atlanta,Atlanta,1.076891419924491,3,1,2,0,0,0,3
R009123,Greater NYC,Lower Manhattan–North Brooklyn,4.456818975930265,10,4,7,0,0,0,7
R009124,Seattle,Seattle,10.92527988833414,17,1,8,0,0,0,15
R009125,Ann Arbor,Ann Arbor,4.520817981653934,5,1,2,0,0,0,4
R009126,Greater NYC,Westchester,28.079050521477548,18,3,12,0,0,0,16
R009127,Greater NYC,Uptown Manhattan,2.537486312754317,4,2,3,0,0,0,4
R009128,Greater NYC,Midtown Manhattan,2.813957236424818,3,2,3,0,0,0,2
R009129,Philadelphia,Philadelphia,3.2477241649276314,4,1,4,0,0,0,3
R009130,DMV,DC–Arlington,1.645032657595623,0,0,0,0,0,0,0
R009131,Greater NYC,Lower Manhattan–North Brooklyn,3.8804721415972865,2,2,2,0,0,0,2
R009132,Greater NYC,Westchester,1.0,2,2,2,0,0,0,1
R009133,Seattle,Seattle,12.93320334096274,14,1,7,0,0,0,12
R009134,Ann Arbor,Ann Arbor,13.472847851037644,17,1,3,1,0,0,8
R009135,Greater NYC,North Jersey,2.423602611878538,2,2,2,0,0,0,1
R009136,Boston,Boston,58.774583845571094,37,3,11,0,0,0,31
R009137,Chicago,Chicago,8.9389147106873,12,1,6,0,0,0,9
R009138,Seattle,Seattle,1.134739646363057,1,1,1,0,0,0,1
R009139,Southern California,Pasadena,3.79475182214942,7,2,5,0,0,0,4
R009140,Ann Arbor,Ann Arbor,4.6635605569912615,5,1,3,0,0,0,4
R009141,Southern California,Los Angeles,7.171136739575407,4,2,4,0,0,0,3
R009142,Southern California,Los Angeles,3.014840261338408,3,2,2,0,0,0,2
R009143,Greater NYC,Lower Manhattan–North Brooklyn,4.56972133005468,6,5,5,0,0,0,5
R009144,DMV,DC–Arlington,1.6789006176369536,3,2,3,0,0,0,3
R009145,South Florida,Miami,6.418687789193344,5,2,5,0,0,0,4
R009146,Greater NYC,Midtown Manhattan,1.0,2,1,2,0,0,0,2
R009147,Greater NYC,Uptown Manhattan,2.019128803042975,1,1,1,0,0,0,1
R009148,Greater NYC,Midtown Manhattan,1.6874858116606375,2,2,2,0,0,0,2
R009149,Greater NYC,Midtown Manhattan,1.0879761234820091,1,1,1,0,0,0,1
R009150,Greater NYC,Uptown Manhattan,200.0,177,9,53,1,0,0,142
R009151,Northern California,San Francisco,2.7076514971160095,2,1,2,0,0,0,1
R009152,Greater NYC,Fairfield County,1.0,0,0,0,0,0,0,0
R009153,Greater NYC,Lower Manhattan–North Brooklyn,1.0,1,1,1,0,0,0,1
R009154,Greater NYC,Nassau County,1.6893317095425833,0,0,0,0,0,0,0
R009155,DMV,DC–Arlington,1.0613427584820163,1,1,1,0,0,0,1
R009156,Greater NYC,Midtown Manhattan,1.0,1,1,1,0,0,0,0
R009157,Greater NYC,Uptown Manhattan,1.0,1,1,1,0,0,0,1
R009158,DMV,DC–Arlington,3.128483475624898,3,2,3,0,0,0,3
R009159,Philadelphia,Philadelphia,53.9595541449965,45,1,7,2,0,0,32
R009160,Greater NYC,Westchester,1.3774064855210642,1,1,1,0,0,0,1
R009161,Greater NYC,Hudson County,7.023933995947569,6,1,5,0,0,0,4
R009162,Greater NYC,Uptown Manhattan,1.0,2,1,2,0,0,0,2
R009163,Greater NYC,Uptown Manhattan,10.1521564411332,14,4,12,0,0,0,12
R009164,Northern California,San Francisco,9.98405908625702,14,2,10,0,0,0,13
R009165,DMV,DC–Arlington,2.3608343572767523,2,2,2,0,0,0,2
R009166,Southern California,Pasadena,3.5613540829300745,6,2,6,0,0,0,4
R009167,Chicago,Chicago,1.1577310112637136,0,0,0,0,0,0,0
R009168,Chicago,Chicago,11.233541465119451,9,2,5,0,0,0,7
R009169,Greater NYC,Uptown Manhattan,1.0,1,1,1,0,0,0,1
R009170,Southern California,Los Angeles,3.249313947808081,2,2,2,0,0,0,0
R009171,Austin,Austin,12.836523839436278,11,1,5,0,0,0,5
R009172,Seattle,Seattle,8.693635984443826,4,1,3,0,0,0,3
R009173,Southern California,Pasadena,4.510888239726529,7,1,5,0,0,0,4
R009174,Southern California,Los Angeles,6.775530070845786,9,2,6,0,0,0,7
R009175,Southern California,Los Angeles,3.383453022727692,6,2,5,0,0,0,4
R009176,Greater NYC,Fairfield County,12.426311031912658,14,5,11,0,0,0,10
R009177,Greater NYC,Lower Manhattan–North Brooklyn,2.1103319140526065,0,0,0,0,0,0,0
R009178,Greater NYC,Westchester,1.879398496370648,2,2,2,0,0,0,1
R009179,Northern California,Marin County,4.841922762957716,5,1,5,0,0,0,3
R009180,Boston,Boston,6.381569057428957,6,2,5,0,0,0,3
R009181,Houston,Houston,2.352047848089312,1,1,1,0,0,0,1
R009182,Southern California,Pasadena,3.354970951158195,3,1,3,0,0,0,3
R009183,DMV,DC–Arlington,4.810599813419273,7,3,5,0,0,0,5
R009184,Greater NYC,Westchester,9.076186910763385,7,1,4,0,0,0,6
R009185,Boston,Boston,39.37560503137244,51,3,13,0,0,0,35
R009186,Greater NYC,Lower Manhattan–North Brooklyn,1.0,1,1,1,0,0,0,1
R009187,Greater NYC,Midtown Manhattan,3.500696234510621,6,4,5,0,0,0,5
R009188,Dallas,Dallas,3.7209879655346207,3,1,2,0,0,0,3
R009189,Philadelphia,Philadelphia,32.57930657999063,38,2,9,2,0,0,28
R009190,Greater NYC,Fairfield County,2.624194670912345,2,1,2,0,0,0,2
R009191,Boston,Chestnut Hill,14.098133776982644,21,2,10,0,0,0,17
R009192,DMV,DC–Arlington,31.392325997920544,25,3,16,0,0,0,19
R009193,DMV,Montgomery County,38.50546181005058,33,2,15,1,0,0,20
R009194,Southern California,Los Angeles,35.56221513625076,30,3,15,0,0,0,14
R009195,Philadelphia,Main Line,1.0,0,0,0,0,0,0,0
R009196,Greater NYC,Nassau County,1.4319676576973206,2,1,2,0,0,0,2
R009197,Dallas,Dallas,5.8051880785004935,8,1,6,0,0,0,8
R009198,Boston,Boston,20.150925296717823,25,2,9,0,0,0,21
R009199,Greater NYC,Uptown Manhattan,3.462668548050437,4,3,4,0,0,0,4
R009200,Greater NYC,Westchester,5.30035497971634,3,1,3,0,0,0,2
R009201,Greater NYC,Lower Manhattan–North Brooklyn,24.25623897782907,31,8,24,0,0,0,24
R009202,Greater NYC,Midtown Manhattan,11.013479876508406,14,4,11,0,0,0,12
R009203,Northern California,San Francisco,8.353106048360695,11,2,9,0,0,0,7
R009204,Philadelphia,Main Line,6.47253783829769,6,2,4,0,0,0,5
R009205,Southern California,Los Angeles,10.273129964685568,9,3,7,0,0,0,4
R009206,Greater NYC,Midtown Manhattan,1.0,0,0,0,0,0,0,0
R009207,Greater NYC,Uptown Manhattan,1.0,2,1,2,0,0,0,2
R009208,DMV,DC–Arlington,12.111695280570537,11,3,8,0,0,0,10
R009209,Greater NYC,Lower Manhattan–North Brooklyn,1.0,0,0,0,0,0,0,0
R009210,Ann Arbor,Ann Arbor,11.06526385120134,9,1,3,0,0,0,6
R009211,Boston,Boston,8.787831369385339,11,1,4,0,0,0,9
R009212,Greater NYC,Midtown Manhattan,10.651369091030991,8,4,6,0,0,0,7
R009213,Greater NYC,Uptown Manhattan,1.0,0,0,0,0,0,0,0
R009214,Northern California,Marin County,1.025807068464429,1,1,1,0,0,0,1
R009215,Greater NYC,Uptown Manhattan,6.065460480118304,8,3,8,0,0,0,5
R009216,Seattle,Seattle,2.181964851224567,3,1,2,0,0,0,2
R009217,Greater NYC,Lower Manhattan–North Brooklyn,1.0,1,1,1,0,0,0,1
R009218,Southern California,Pasadena,5.021521330025356,7,1,5,0,0,0,4
R009219,South Florida,Miami,7.903073796994765,12,2,5,0,0,0,10
R009220,Greater NYC,Lower Manhattan–North Brooklyn,1.0,2,2,2,0,0,0,0
R009221,Seattle,Seattle,17.23744579116062,17,1,8,0,0,0,9
R009222,Boston,Boston,6.244286579369599,5,2,4,0,0,0,3
R009223,Greater NYC,Midtown Manhattan,1.8659052008280523,0,0,0,0,0,0,0
R009224,Chicago,Chicago,1.0,3,1,2,0,0,0,2
R009225,Greater NYC,Midtown Manhattan,4.195323866631747,9,4,7,0,0,0,8
R009226,Houston,Houston,7.432207937784445,2,1,2,0,0,0,2
R009227,Chicago,Chicago,37.88670641518886,19,2,11,0,0,0,12
R009228,South Florida,Miami,2.385216359082399,3,2,2,0,0,0,3
R009229,Greater NYC,Uptown Manhattan,24.94951114958072,24,5,18,0,0,0,22
R009230,Greater NYC,Midtown Manhattan,3.038824233931381,2,2,2,0,0,0,2
R009231,Greater NYC,Midtown Manhattan,1.2800571816162911,2,2,2,0,0,0,2
R009232,Greater NYC,Midtown Manhattan,4.190157044554643,4,3,4,0,0,0,4
R009233,Southern California,Pasadena,1.812879534598552,2,2,2,0,0,0,2
R009234,Greater NYC,Lower Manhattan–North Brooklyn,6.908420815199992,5,3,5,0,0,0,5
R009235,Boston,Boston,7.337036935454664,3,1,3,0,0,0,3
R009236,Greater NYC,Uptown Manhattan,1.0,2,1,2,0,0,0,1
R009237,Greater NYC,Lower Manhattan–North Brooklyn,7.582562617403723,9,4,7,0,0,0,7
R009238,Greater NYC,Lower Manhattan–North Brooklyn,3.2196719709176715,3,2,3,0,0,0,3
R009239,Greater NYC,Uptown Manhattan,3.776544022008407,4,3,4,0,0,0,4
R009240,Greater NYC,Fairfield County,6.765590010149569,6,2,6,0,0,0,4
R009241,South Florida,Miami,13.917947262665548,11,2,5,0,0,0,9
R009242,Northern California,Silicon Valley,9.30034816467743,10,1,8,0,0,0,10
R009243,Chicago,Chicago,5.041334722789355,3,2,3,0,0,0,3
R009244,Atlanta,Atlanta,1.0,1,1,1,0,0,0,1
R009245,Southern California,Los Angeles,1.387450848500265,1,1,1,0,0,0,1
R009246,Boston,Boston,20.715703864331175,19,2,10,0,0,0,16
R009247,Northern California,San Francisco,1.5839543836222645,1,1,1,0,0,0,1
R009248,Dallas,Dallas,18.00149317937799,17,1,7,0,0,0,13
R009249,DMV,DC–Arlington,3.603047410034945,5,2,5,0,0,0,4
R009250,Northern California,Silicon Valley,89.84747226089983,94,4,20,2,0,0,62
R009251,DMV,DC–Arlington,1.060668471583749,1,1,1,0,0,0,1
R009252,Boston,Chestnut Hill,15.279400881405309,9,1,5,0,0,0,5
R009253,Greater NYC,Midtown Manhattan,1.9370589280684776,0,0,0,0,0,0,0
R009254,Greater NYC,Uptown Manhattan,1.0219392504905584,1,1,1,0,0,0,1
R009255,Greater NYC,Midtown Manhattan,16.50746073694258,16,6,16,0,0,0,13
R009256,Seattle,Seattle,19.624358400022256,17,1,6,0,0,0,15
R009257,South Florida,Miami,5.6308004629509405,6,2,5,0,0,0,3
R009258,Greater NYC,Nassau County,5.917081557168279,10,1,6,0,0,0,8
R009259,Greater NYC,Hudson County,2.686754515740928,4,1,3,0,0,0,4
R009260,Greater NYC,Midtown Manhattan,143.27299311055563,131,8,40,1,0,0,89
R009261,Atlanta,Atlanta,9.961255971218645,12,1,4,0,0,0,11
R009262,Philadelphia,Main Line,38.34722793696237,43,1,8,0,0,0,28
R009263,Boston,Chestnut Hill,6.0613951001267985,7,1,4,0,0,0,5
R009264,Greater NYC,Westchester,59.45784768464047,48,3,21,0,0,0,31
R009265,Greater NYC,Lower Manhattan–North Brooklyn,5.62574039711521,3,3,3,0,0,0,3
R009266,Chicago,Chicago,13.12834776395573,17,2,11,0,0,0,12
R009267,Greater NYC,Uptown Manhattan,20.583571149184525,22,2,14,0,0,0,19
R009268,DMV,Montgomery County,7.209998314841401,7,1,4,0,0,0,4
R009269,Seattle,Seattle,6.639797874354256,6,1,4,0,0,0,2
R009270,Greater NYC,Lower Manhattan–North Brooklyn,1.0,1,1,1,0,0,0,0
R009271,South Florida,Miami,7.0188545071945825,7,2,4,0,0,0,4
R009272,Greater NYC,North Jersey,6.555494977987742,3,1,3,0,0,0,0
R009273,Atlanta,Atlanta,7.293919171595925,5,1,2,0,0,0,5
R009274,DMV,DC–Arlington,13.505734613804067,14,3,12,0,0,0,12
R009275,Greater NYC,Midtown Manhattan,53.49438692568485,49,5,27,0,0,0,38
R009276,Northern California,San Francisco,7.292537546387475,3,2,3,0,0,0,2
R009277,Philadelphia,Philadelphia,2.5911518391663275,2,1,2,0,0,0,2
R009278,Greater NYC,Midtown Manhattan,10.739412933454531,18,6,16,0,0,0,18
R009279,Greater NYC,Uptown Manhattan,6.444117552724218,5,2,4,0,0,0,5
R009280,Boston,Boston,4.84170094033221,9,2,5,0,0,0,8
R009281,Southern California,Los Angeles,2.44021311184076,5,3,5,0,0,0,2
R009282,South Florida,Miami,5.243657207785964,4,2,4,0,0,0,3
R009283,Greater NYC,Lower Manhattan–North Brooklyn,2.5025992398480867,2,2,2,0,0,0,2
R009284,Houston,Houston,1.0,1,1,1,0,0,0,1
R009285,Seattle,Seattle,9.887068235143806,6,1,6,0,0,0,5
R009286,DMV,DC–Arlington,1.0,3,1,3,0,0,0,3
R009287,Greater NYC,Westchester,33.81145412558044,32,5,19,0,0,0,18
R009288,Northern California,San Francisco,30.95671185146132,28,2,13,0,0,0,19
R009289,Philadelphia,Main Line,6.740322452393772,7,2,4,0,0,0,6
R009290,Northern California,San Francisco,1.2061357322036594,2,1,2,0,0,0,2
R009291,DMV,Montgomery County,2.5678701963104213,5,1,3,0,0,0,4
R009292,Greater NYC,Midtown Manhattan,21.571341239093655,20,4,17,0,0,0,16
R009293,Boston,Boston,4.878632901120461,5,3,4,0,0,0,5
R009294,Greater NYC,Lower Manhattan–North Brooklyn,1.0,1,1,1,0,0,0,1
R009295,Dallas,Dallas,4.696396621075872,2,1,2,0,0,0,2
R009296,Greater NYC,Hudson County,8.642269116120719,6,2,5,0,0,0,5
R009297,DMV,DC–Arlington,5.508710757386929,7,3,6,0,0,0,5
R009298,Greater NYC,Nassau County,8.194032914378363,7,2,7,0,0,0,5
R009299,Southern California,Los Angeles,50.72463766898578,45,3,17,0,0,0,24
R009300,Greater NYC,Lower Manhattan–North Brooklyn,15.83013418779995,14,7,13,0,0,0,11
R009301,DMV,DC–Arlington,2.6565319778428256,0,0,0,0,0,0,0
R009302,Greater NYC,Uptown Manhattan,1.0,4,1,4,0,0,0,4
R009303,Boston,Boston,1.633119100987243,1,1,1,0,0,0,1
R009304,Southern California,Los Angeles,3.183374157248182,4,2,4,0,0,0,4
R009305,Greater NYC,Lower Manhattan–North Brooklyn,7.2314816504547315,7,4,7,0,0,0,6
R009306,Boston,Boston,1.424398258283918,3,2,3,0,0,0,2
R009307,Greater NYC,Fairfield County,3.2248826941690165,4,2,4,0,0,0,3
R009308,Northern California,San Francisco,5.863409693054132,6,3,5,0,0,0,4
R009309,Chicago,Chicago,12.246846443013126,9,2,7,0,0,0,8
R009310,Greater NYC,Hudson County,7.228513153352284,4,1,3,0,0,0,3
R009311,Philadelphia,Main Line,1.0,0,0,0,0,0,0,0
R009312,Greater NYC,Lower Manhattan–North Brooklyn,23.704277636687696,25,7,18,0,0,0,20
R009313,Greater NYC,Westchester,5.565886378792287,6,3,6,0,0,0,2
R009314,Greater NYC,Lower Manhattan–North Brooklyn,34.48892918005241,34,9,24,0,0,0,27
R009315,Philadelphia,Main Line,14.647321634965463,18,2,8,0,0,0,13
R009316,Greater NYC,Uptown Manhattan,14.35278610115832,21,3,17,0,0,0,17
R009317,South Florida,Miami,5.933348315415367,5,2,4,0,0,0,4
R009318,Boston,Boston,4.153126823321903,6,2,5,0,0,0,4
R009319,Greater NYC,Lower Manhattan–North Brooklyn,4.907344104607237,2,2,2,0,0,0,2
R009320,Greater NYC,Lower Manhattan–North Brooklyn,25.085030864636582,19,6,17,0,0,0,14
R009321,Greater NYC,Midtown Manhattan,2.108897726143827,2,2,2,0,0,0,2
R009322,Greater NYC,Midtown Manhattan,6.768846175455007,6,4,6,0,0,0,4
R009323,Greater NYC,Uptown Manhattan,8.554674430791609,6,5,5,0,0,0,6
R009324,Northern California,Silicon Valley,1.6436211823650322,1,1,1,0,0,0,1
R009325,Boston,Boston,11.39321115286939,11,2,8,0,0,0,10
R009326,Seattle,Seattle,1.0,1,1,1,0,0,0,1
R009327,Greater NYC,Uptown Manhattan,3.277737464260445,1,1,1,0,0,0,0
R009328,Greater NYC,Uptown Manhattan,8.269471677473055,9,2,7,0,0,0,8
R009329,Greater NYC,Midtown Manhattan,1.7326709012030703,2,2,2,0,0,0,2
R009330,Greater NYC,Uptown Manhattan,9.481539643509102,10,3,6,0,0,0,7
R009331,Northern California,San Francisco,15.780502536967104,15,3,10,0,0,0,14
R009332,Philadelphia,Main Line,2.052496954051738,2,1,2,0,0,0,2
R009333,Boston,Boston,1.9330257140466671,2,1,2,0,0,0,2
R009334,Austin,Austin,12.939567906853949,15,1,7,1,0,0,10
R009335,Greater NYC,Lower Manhattan–North Brooklyn,1.0,3,2,3,0,0,0,2
R009336,Chicago,Chicago,78.76513357169777,77,2,12,1,0,0,50
R009337,Greater NYC,Fairfield County,3.644857886493133,4,3,3,0,0,0,3
R009338,DMV,DC–Arlington,5.836407869172825,6,2,5,0,0,0,6
R009339,Atlanta,Atlanta,10.314389740125456,10,1,4,0,0,0,10
R009340,Philadelphia,Philadelphia,3.1213626534523926,5,1,4,0,0,0,2
R009341,Greater NYC,Uptown Manhattan,1.0,3,1,3,0,0,0,2
R009342,South Florida,Miami,7.634456240604099,7,2,4,0,0,0,4
R009343,Houston,Houston,1.8987198355999424,3,1,3,0,0,0,2
R009344,Southern California,Los Angeles,26.809263978253796,20,4,13,0,0,0,11
R009345,Boston,Chestnut Hill,1.1131911187339074,1,1,1,0,0,0,0
R009346,Northern California,San Francisco,1.517743347767308,0,0,0,0,0,0,0
R009347,Northern California,San Francisco,8.035348569832234,12,3,11,0,0,0,8
R009348,Southern California,Los Angeles,3.2520065032735936,4,3,4,0,0,0,2
R009349,Ann Arbor,Ann Arbor,12.042648642202847,19,1,3,2,0,0,10
R009350,Greater NYC,Midtown Manhattan,18.188719021302138,14,5,11,0,0,0,9
R009351,South Florida,Miami,3.7014561249523217,3,2,3,0,0,0,2
R009352,Austin,Austin,2.940539286138741,3,1,2,0,0,0,2
R009353,Greater NYC,Lower Manhattan–North Brooklyn,2.270701011244529,1,1,1,0,0,0,0
R009354,Boston,Chestnut Hill,6.042635874493543,7,2,4,0,0,0,4
R009355,Greater NYC,Uptown Manhattan,1.824301314913048,1,1,1,0,0,0,1
R009356,Greater NYC,Uptown Manhattan,7.643668519537591,9,3,8,0,0,0,8
R009357,Greater NYC,Midtown Manhattan,2.833610776897987,3,3,3,0,0,0,3
R009358,Greater NYC,Lower Manhattan–North Brooklyn,3.4264871729288187,7,3,6,0,0,0,6
R009359,Greater NYC,Midtown Manhattan,8.991350260350167,12,4,9,0,0,0,8
R009360,Greater NYC,Midtown Manhattan,3.8865181487720912,6,3,6,0,0,0,5
R009361,Chicago,Chicago,3.681358403629252,2,2,2,0,0,0,1
R009362,South Florida,Miami,8.458320995470892,11,2,5,0,0,0,10
R009363,Northern California,San Francisco,15.100643158317643,16,2,10,0,0,0,13
R009364,Boston,Boston,12.031058454734122,15,3,7,0,0,0,13
R009365,Dallas,Dallas,1.190422499448816,0,0,0,0,0,0,0
R009366,Northern California,San Francisco,77.48051409404083,73,3,23,2,0,0,45
R009367,Greater NYC,Lower Manhattan–North Brooklyn,73.71015174206602,64,10,43,1,0,0,47
R009368,Houston,Houston,11.798678453198097,13,1,7,0,0,0,6
R009369,Greater NYC,North Jersey,17.09607982789237,20,2,11,0,0,0,16
R009370,DMV,DC–Arlington,2.5241169107459074,3,2,3,0,0,0,3
R009371,DMV,DC–Arlington,37.48335796886139,31,3,13,0,0,0,25
R009372,Dallas,Dallas,1.4670363545551668,1,1,1,0,0,0,0
R009373,Northern California,San Francisco,1.4587654271370358,2,2,2,0,0,0,1
R009374,Southern California,Los Angeles,11.13109537647914,6,3,5,0,0,0,4
R009375,Greater NYC,Midtown Manhattan,2.340081300048504,3,2,3,0,0,0,3
R009376,DMV,DC–Arlington,58.43293420548813,69,3,20,1,0,0,47
R009377,Southern California,Los Angeles,3.3092222237513735,3,3,3,0,0,0,2
R009378,Northern California,San Francisco,13.993662354204965,14,3,10,0,0,0,12
R009379,Boston,Boston,1.0,1,1,1,0,0,0,1
R009380,Southern California,Pasadena,24.868510190961857,18,2,9,0,0,0,12
R009381,Greater NYC,Lower Manhattan–North Brooklyn,5.987750160225134,6,4,6,0,0,0,6
R009382,Atlanta,Atlanta,10.74611794659755,7,1,3,0,0,0,7
R009383,Dallas,Dallas,37.639875906587896,26,1,8,0,0,0,17
R009384,Greater NYC,Westchester,58.48241387407603,58,2,19,2,0,0,36
R009385,Northern California,San Francisco,6.249861924891361,8,3,6,0,0,0,7
R009386,Greater NYC,Lower Manhattan–North Brooklyn,42.90476252575198,49,6,30,0,0,0,40
R009387,Southern California,Los Angeles,1.2927816414145257,0,0,0,0,0,0,0
R009388,Greater NYC,Lower Manhattan–North Brooklyn,1.0,1,1,1,0,0,0,1
R009389,Greater NYC,Westchester,5.136368760972288,8,3,7,0,0,0,5
R009390,Greater NYC,Lower Manhattan–North Brooklyn,3.2836704798641696,5,4,5,0,0,0,5
R009391,Greater NYC,Fairfield County,4.126353622541721,4,2,4,0,0,0,4
R009392,DMV,Montgomery County,1.292643291620661,1,1,1,0,0,0,1
R009393,Southern California,Pasadena,1.360332250701914,0,0,0,0,0,0,0
R009394,Philadelphia,Philadelphia,3.2018491773811877,2,1,2,0,0,0,2
R009395,Greater NYC,Lower Manhattan–North Brooklyn,2.859804336023914,3,2,3,0,0,0,2
R009396,Greater NYC,Midtown Manhattan,1.8783274732299136,3,2,3,0,0,0,2
R009397,Austin,Austin,20.412074638478263,27,1,7,1,0,0,17
R009398,DMV,Montgomery County,8.18773318484139,14,1,8,0,0,0,9
R009399,Greater NYC,Hudson County,8.294995326606207,9,2,6,0,0,0,5
R009400,South Florida,Miami,14.512562703142004,8,2,6,0,0,0,5
R009401,South Florida,Miami,1.1423975514325255,0,0,0,0,0,0,0
R009402,Northern California,San Francisco,2.689708952850414,2,2,2,0,0,0,2
R009403,Chicago,Chicago,9.883569738414018,12,2,8,0,0,0,11
R009404,Boston,Chestnut Hill,58.112687399869245,68,2,10,3,0,0,40
R009405,Greater NYC,Lower Manhattan–North Brooklyn,4.894588246335838,2,1,2,0,0,0,2
R009406,Greater NYC,Lower Manhattan–North Brooklyn,7.084490696255024,3,2,3,0,0,0,2
R009407,Greater NYC,Lower Manhattan–North Brooklyn,4.221198889160313,4,4,4,0,0,0,4
R009408,Ann Arbor,Ann Arbor,4.662241269798518,3,1,2,0,0,0,3
R009409,Boston,Chestnut Hill,14.014474378352404,14,1,7,0,0,0,13
R009410,Greater NYC,Fairfield County,1.6892581674375715,2,1,1,0,0,0,1
R009411,Greater NYC,Lower Manhattan–North Brooklyn,2.6301897820779407,2,2,2,0,0,0,2
R009412,Northern California,San Francisco,2.812220489726453,4,2,3,0,0,0,4
R009413,Greater NYC,Lower Manhattan–North Brooklyn,1.0,1,1,1,0,0,0,0
R009414,Greater NYC,Midtown Manhattan,7.012996537500631,11,5,8,0,0,0,10
R009415,Greater NYC,Uptown Manhattan,4.956415646837718,10,4,10,0,0,0,9
R009416,Houston,Houston,2.2394585728855523,4,1,4,0,0,0,4
R009417,Greater NYC,Fairfield County,4.987677719333207,5,3,4,0,0,0,5
R009418,Greater NYC,North Jersey,17.799168924287418,20,1,9,1,0,0,12
R009419,Greater NYC,Uptown Manhattan,1.5855510947932876,1,1,1,0,0,0,0
R009420,Atlanta,Atlanta,10.249999301351895,7,1,4,0,0,0,6
R009421,Greater NYC,Lower Manhattan–North Brooklyn,3.344378828730877,3,2,3,0,0,0,2
R009422,Greater NYC,Nassau County,13.280136895451909,8,2,7,0,0,0,5
R009423,Philadelphia,Main Line,1.0784992404017535,1,1,1,0,0,0,1
R009424,Greater NYC,Midtown Manhattan,1.9425808505402125,2,2,2,0,0,0,2
R009425,South Florida,Miami,7.621182501393227,5,2,4,0,0,0,4
R009426,Philadelphia,Philadelphia,11.394091986771308,10,1,6,0,0,0,7
R009427,Greater NYC,Hudson County,24.31004404180916,33,5,21,0,0,0,24
R009428,Boston,Chestnut Hill,10.916965477809212,13,1,7,0,0,0,8
R009429,Boston,Chestnut Hill,14.14370040251534,17,1,7,0,0,0,15
R009430,Greater NYC,Uptown Manhattan,15.04030376213647,28,4,22,0,0,0,24
R009431,DMV,DC–Arlington,67.0496864899184,60,4,19,2,0,0,40
R009432,Seattle,Seattle,21.71047147970896,19,1,6,1,0,0,15
R009433,South Florida,Miami,64.82306335287548,67,2,7,1,0,0,41
R009434,Greater NYC,Fairfield County,22.964122012011043,28,2,14,0,0,0,24
R009435,Greater NYC,Fairfield County,1.0,0,0,0,0,0,0,0
R009436,Seattle,Seattle,3.61628662673559,5,1,5,0,0,0,3
R009437,Boston,Boston,9.989321864672638,10,2,9,0,0,0,5
R009438,DMV,DC–Arlington,1.9009425042541912,1,1,1,0,0,0,1
R009439,Greater NYC,Lower Manhattan–North Brooklyn,2.0061016500606965,1,1,1,0,0,0,1
R009440,Austin,Austin,9.277776593278364,9,1,3,0,0,0,6
R009441,Greater NYC,Uptown Manhattan,24.846688626923935,37,3,20,0,0,0,28
R009442,Northern California,Marin County,3.5560594072881497,4,3,4,0,0,0,4
R009443,DMV,DC–Arlington,1.0,0,0,0,0,0,0,0
R009444,Greater NYC,Midtown Manhattan,14.251325146535487,18,5,14,0,0,0,16
R009445,Ann Arbor,Ann Arbor,12.161825040706953,13,1,3,1,0,0,8
R009446,Philadelphia,Philadelphia,1.3683864831065384,2,2,2,0,0,0,2
R009447,Austin,Austin,2.260840724413368,7,1,5,0,0,0,5
R009448,Houston,Houston,19.4739032379816,17,1,8,0,0,0,10
R009449,Greater NYC,Lower Manhattan–North Brooklyn,1.5295210425954382,0,0,0,0,0,0,0
R009450,Seattle,Seattle,11.581898687431918,17,1,7,1,0,0,11
R009451,Greater NYC,Lower Manhattan–North Brooklyn,37.577086919177304,38,8,29,0,0,0,33
R009452,Southern California,Los Angeles,46.66434163456403,51,3,17,0,0,0,31
R009453,Greater NYC,Uptown Manhattan,1.3571265015547176,3,1,3,0,0,0,2
R009454,Greater NYC,Lower Manhattan–North Brooklyn,7.495202625385465,6,2,6,0,0,0,5
R009455,Greater NYC,Lower Manhattan–North Brooklyn,3.8161574457561023,3,3,3,0,0,0,1
R009456,Boston,Chestnut Hill,6.750002878722584,2,1,1,0,0,0,1
R009457,Southern California,Los Angeles,3.21158916974307,3,3,3,0,0,0,1
R009458,Greater NYC,Uptown Manhattan,2.0064869754918293,1,1,1,0,0,0,1
R009459,Southern California,Los Angeles,2.157886998470604,2,2,2,0,0,0,0
R009460,Greater NYC,Lower Manhattan–North Brooklyn,2.518304374010699,4,2,4,0,0,0,2
R009461,Boston,Boston,2.5269087136689934,5,2,5,0,0,0,2
R009462,Houston,Houston,2.4488782876748623,1,1,1,0,0,0,0
R009463,Greater NYC,Hudson County,6.351446015978481,5,1,3,0,0,0,2
R009464,Greater NYC,Westchester,1.0,0,0,0,0,0,0,0
R009465,Greater NYC,Fairfield County,2.6559401849968474,1,1,1,0,0,0,1
R009466,Northern California,San Francisco,1.674115854017264,1,1,1,0,0,0,0
R009467,Houston,Houston,1.0,1,1,1,0,0,0,1
R009468,Dallas,Dallas,10.958715323476827,7,1,6,0,0,0,6
R009469,Greater NYC,Midtown Manhattan,7.123920250105627,4,2,4,0,0,0,3
R009470,Boston,Boston,115.5764145475064,115,3,15,2,0,0,74
R009471,Greater NYC,Fairfield County,1.0,1,1,1,0,0,0,1
R009472,Greater NYC,Midtown Manhattan,1.4058988188870485,1,1,1,0,0,0,1
R009473,DMV,DC–Arlington,1.969271711066449,0,0,0,0,0,0,0
R009474,Greater NYC,Uptown Manhattan,46.064888391483485,47,6,27,0,0,0,35
R009475,Greater NYC,Lower Manhattan–North Brooklyn,5.757211807103181,2,2,2,0,0,0,1
R009476,Southern California,Pasadena,10.267742647026134,10,2,8,0,0,0,7
R009477,Greater NYC,Uptown Manhattan,4.6702220777222285,6,2,6,0,0,0,4
R009478,Greater NYC,Lower Manhattan–North Brooklyn,1.0,1,1,1,0,0,0,1
R009479,Northern California,Silicon Valley,2.13345534247165,0,0,0,0,0,0,0
R009480,DMV,Montgomery County,2.434112113279847,1,1,1,0,0,0,1
R009481,Greater NYC,Lower Manhattan–North Brooklyn,2.53994132886696,1,1,1,0,0,0,1
R009482,Greater NYC,Lower Manhattan–North Brooklyn,1.0,2,2,2,0,0,0,1
R009483,Greater NYC,Westchester,3.2601863971320277,3,2,3,0,0,0,2
R009484,DMV,DC–Arlington,2.5062873690701077,3,3,3,0,0,0,3
R009485,Greater NYC,Uptown Manhattan,24.194179118608925,23,4,16,0,0,0,20
R009486,Dallas,Dallas,7.528867845668521,6,1,6,0,0,0,4
R009487,Southern California,Los Angeles,5.610710640020893,4,2,3,0,0,0,1
R009488,Greater NYC,Nassau County,14.090570665413669,9,2,9,0,0,0,8
R009489,Southern California,Los Angeles,9.009236108927718,9,3,9,0,0,0,3
R009490,Greater NYC,Uptown Manhattan,88.15337963283247,82,3,28,3,0,0,58
R009491,Greater NYC,Lower Manhattan–North Brooklyn,6.25745328068974,5,3,5,0,0,0,3
R009492,Southern California,Pasadena,12.448449128107985,9,2,7,0,0,0,8
R009493,Greater NYC,Midtown Manhattan,1.0,0,0,0,0,0,0,0
R009494,Greater NYC,Uptown Manhattan,1.0,0,0,0,0,0,0,0
R009495,Philadelphia,Philadelphia,33.153645902086055,31,2,9,1,0,0,22
R009496,Southern California,Los Angeles,1.9010016151416056,3,2,3,0,0,0,1
R009497,DMV,DC–Arlington,3.647831469453539,3,2,3,0,0,0,3
R009498,Greater NYC,Lower Manhattan–North Brooklyn,5.433020629623885,4,2,4,0,0,0,4
R009499,Greater NYC,Lower Manhattan–North Brooklyn,5.569382337693701,0,0,0,0,0,0,0
R009500,Boston,Chestnut Hill,4.203761096751913,1,1,1,0,0,0,1
R009501,Greater NYC,Nassau County,7.137347046558581,5,2,5,0,0,0,5
R009502,Houston,Houston,4.070908884383179,3,1,2,0,0,0,2
R009503,Greater NYC,Lower Manhattan–North Brooklyn,9.591658346316295,9,3,9,0,0,0,8
R009504,Greater NYC,Lower Manhattan–North Brooklyn,22.682298282308423,31,6,25,0,0,0,24
R009505,Greater NYC,Lower Manhattan–North Brooklyn,1.0,0,0,0,0,0,0,0
R009506,Greater NYC,Midtown Manhattan,27.61422598825227,29,6,19,0,0,0,25
R009507,Northern California,Marin County,4.381265235523686,5,1,2,0,0,0,4
R009508,DMV,DC–Arlington,1.2104353964207903,0,0,0,0,0,0,0
R009509,Boston,Chestnut Hill,5.17162895921029,4,1,4,0,0,0,4
R009510,Northern California,Marin County,11.7340711844827,9,2,7,0,0,0,6
R009511,Northern California,Silicon Valley,1.1535985223014262,2,1,2,0,0,0,1
R009512,Seattle,Seattle,17.319625230436174,17,1,7,0,0,0,14
R009513,Greater NYC,Midtown Manhattan,18.71862309029529,17,4,10,0,0,0,12
R009514,Philadelphia,Philadelphia,2.0056598446778224,1,1,1,0,0,0,1
R009515,Greater NYC,Uptown Manhattan,1.2073670296009211,0,0,0,0,0,0,0
R009516,DMV,DC–Arlington,1.0,3,2,3,0,0,0,3
R009517,Greater NYC,Hudson County,2.377905575467841,3,2,3,0,0,0,3
R009518,Greater NYC,Midtown Manhattan,1.0,0,0,0,0,0,0,0
R009519,Greater NYC,Lower Manhattan–North Brooklyn,1.5239033369798884,1,1,1,0,0,0,1
R009520,Dallas,Dallas,14.192466222053064,12,1,6,0,0,0,9
R009521,Greater NYC,Lower Manhattan–North Brooklyn,5.941617270273584,8,4,7,0,0,0,6
R009522,Greater NYC,Lower Manhattan–North Brooklyn,28.48874401974876,37,7,26,0,0,0,35
R009523,DMV,DC–Arlington,1.059449125155158,3,3,3,0,0,0,3
R009524,Chicago,Chicago,13.482335278698702,13,2,8,0,0,0,9
R009525,Dallas,Dallas,5.777608989757638,5,1,4,0,0,0,2
R009526,Greater NYC,Uptown Manhattan,1.7670923141493693,1,1,1,0,0,0,1
R009527,DMV,DC–Arlington,6.146130645064013,3,1,3,0,0,0,3
R009528,Greater NYC,North Jersey,5.746013872143504,4,2,4,0,0,0,3
R009529,Greater NYC,Fairfield County,2.5874451107215974,1,1,1,0,0,0,0
R009530,DMV,DC–Arlington,3.789658966162937,3,1,3,0,0,0,3
R009531,Atlanta,Atlanta,1.0,2,1,2,0,0,0,2
R009532,Northern California,Marin County,30.49623995399655,23,2,8,0,0,0,18
R009533,Greater NYC,Fairfield County,2.64636266183221,4,2,3,0,0,0,3
R009534,Greater NYC,Midtown Manhattan,4.692036731905258,6,1,4,0,0,0,6
R009535,Greater NYC,Lower Manhattan–North Brooklyn,4.544800555620141,3,2,3,0,0,0,2
R009536,Greater NYC,Westchester,6.7565723488916545,6,2,5,0,0,0,4
R009537,Greater NYC,Midtown Manhattan,4.6376105810117965,7,3,7,0,0,0,7
R009538,Greater NYC,Midtown Manhattan,5.794782756903063,6,2,6,0,0,0,6
R009539,Greater NYC,Uptown Manhattan,26.524225253353567,29,4,16,0,0,0,25
R009540,Chicago,Chicago,4.229283100494381,6,2,6,0,0,0,5
R009541,Greater NYC,Lower Manhattan–North Brooklyn,6.840841024584045,4,2,4,0,0,0,3
R009542,Northern California,San Francisco,14.379710238962796,13,2,8,0,0,0,9
R009543,DMV,DC–Arlington,3.995035209795162,6,3,5,0,0,0,4
R009544,Greater NYC,Uptown Manhattan,1.219343195626141,3,2,3,0,0,0,3
R009545,Greater NYC,North Jersey,1.0,5,4,5,0,0,0,4
R009546,Northern California,Marin County,1.1792161029392576,4,1,2,0,0,0,2
R009547,Boston,Chestnut Hill,7.820626804805619,8,1,4,0,0,0,4
R009548,Seattle,Seattle,1.5982406015991626,3,1,3,0,0,0,3
R009549,Greater NYC,Midtown Manhattan,15.211714216360186,20,4,13,0,0,0,16
R009550,Northern California,San Francisco,9.079971588722236,15,3,12,0,0,0,12
R009551,Greater NYC,Lower Manhattan–North Brooklyn,13.053612377271532,15,5,13,0,0,0,12
R009552,Greater NYC,Lower Manhattan–North Brooklyn,1.0,2,2,2,0,0,0,2
R009553,Dallas,Dallas,19.158397949462376,21,1,9,0,0,0,14
R009554,Southern California,Pasadena,19.736882002668395,23,2,10,0,0,0,16
R009555,Chicago,Chicago,4.215344909901349,2,1,2,0,0,0,2
R009556,Southern California,Los Angeles,2.2648489816874844,3,2,3,0,0,0,2
R009557,Southern California,Los Angeles,1.0,0,0,0,0,0,0,0
R009558,Greater NYC,Lower Manhattan–North Brooklyn,2.121748080068426,3,2,3,0,0,0,2
R009559,Greater NYC,Uptown Manhattan,31.074773832869187,34,5,25,0,0,0,25
R009560,DMV,DC–Arlington,1.1330797708194713,0,0,0,0,0,0,0
R009561,Boston,Boston,3.531184846954729,3,2,3,0,0,0,2
R009562,Philadelphia,Philadelphia,1.0,0,0,0,0,0,0,0
R009563,Greater NYC,Uptown Manhattan,9.618933692709822,12,4,9,0,0,0,10
R009564,Greater NYC,Lower Manhattan–North Brooklyn,3.844420113194345,3,3,3,0,0,0,2
R009565,Greater NYC,Lower Manhattan–North Brooklyn,5.051156798804382,5,3,5,0,0,0,5
R009566,Greater NYC,Lower Manhattan–North Brooklyn,19.976373665755855,17,5,16,0,0,0,16
R009567,South Florida,Miami,32.41971349602779,32,2,7,0,0,0,23
R009568,Greater NYC,Uptown Manhattan,2.6640996351728035,5,3,5,0,0,0,4
R009569,Seattle,Seattle,5.695984000959659,8,1,6,0,0,0,6
R009570,Southern California,Los Angeles,19.729466665791552,17,3,11,0,0,0,10
R009571,Greater NYC,Uptown Manhattan,1.6273806484847184,2,1,2,0,0,0,1
R009572,Greater NYC,Uptown Manhattan,3.0402960676070294,2,1,2,0,0,0,2
R009573,Greater NYC,Fairfield County,6.9019991412734365,6,3,6,0,0,0,4
R009574,Greater NYC,Midtown Manhattan,13.907773242852125,14,6,10,0,0,0,11
R009575,Northern California,Silicon Valley,7.834370631149864,11,3,9,0,0,0,9
R009576,Southern California,Los Angeles,1.0,2,2,2,0,0,0,2
R009577,Chicago,Chicago,4.426949766666131,4,2,3,0,0,0,4
R009578,Northern California,Silicon Valley,5.926071039142211,5,1,3,0,0,0,4
R009579,South Florida,Miami,1.20429896630112,3,1,2,0,0,0,3
R009580,Greater NYC,Lower Manhattan–North Brooklyn,1.0,1,1,1,0,0,0,1
R009581,Philadelphia,Philadelphia,7.522897012776077,13,1,6,0,0,0,10
R009582,Greater NYC,Lower Manhattan–North Brooklyn,10.492498868319132,8,6,7,0,0,0,5
R009583,Southern California,Los Angeles,9.12563232771792,11,3,8,0,0,0,8
R009584,Philadelphia,Philadelphia,1.0,0,0,0,0,0,0,0
R009585,Boston,Chestnut Hill,2.900967657332321,3,2,3,0,0,0,1
R009586,Philadelphia,Philadelphia,39.404942043347454,38,2,7,1,0,0,27
R009587,Greater NYC,Westchester,3.6637042278482497,2,2,2,0,0,0,2
R009588,Northern California,Marin County,1.0606384483170563,0,0,0,0,0,0,0
R009589,Greater NYC,North Jersey,1.0,1,1,1,0,0,0,1
R009590,Seattle,Seattle,4.091681694887549,8,1,4,0,0,0,8
R009591,Ann Arbor,Ann Arbor,11.500891968875957,12,1,3,0,0,0,7
R009592,Greater NYC,Westchester,5.379481510249641,3,2,3,0,0,0,3
R009593,Chicago,Chicago,1.092184253770003,3,1,2,0,0,0,3
R009594,Greater NYC,Lower Manhattan–North Brooklyn,18.457350336488805,17,6,16,0,0,0,16
R009595,Southern California,Los Angeles,8.945181963582073,8,4,7,0,0,0,6
R009596,Greater NYC,Midtown Manhattan,10.505852607972477,7,4,6,0,0,0,6
R009597,Greater NYC,Midtown Manhattan,1.1870756720938314,1,1,1,0,0,0,1
R009598,Northern California,San Francisco,1.0,1,1,1,0,0,0,0
R009599,Greater NYC,Lower Manhattan–North Brooklyn,47.17568523355667,43,6,31,0,0,0,35
R009600,Greater NYC,Uptown Manhattan,4.952845814248733,4,1,4,0,0,0,3
R009601,Seattle,Seattle,1.839752395861856,1,1,1,0,0,0,1
R009602,Boston,Boston,12.825897840757348,15,2,9,0,0,0,10
R009603,Greater NYC,Lower Manhattan–North Brooklyn,1.0620475366861464,2,1,2,0,0,0,2
R009604,Northern California,San Francisco,65.3429071833829,68,2,17,2,0,0,47
R009605,Boston,Boston,1.835576629244254,2,1,1,0,0,0,1
R009606,DMV,Montgomery County,1.0,2,2,2,0,0,0,1
R009607,Boston,Chestnut Hill,3.3326392764397585,2,1,2,0,0,0,1
R009608,Chicago,Chicago,2.1000408288863484,3,2,2,0,0,0,3
R009609,Greater NYC,Fairfield County,2.855414486782222,2,2,2,0,0,0,2
R009610,Greater NYC,Lower Manhattan–North Brooklyn,19.018137066274573,19,7,15,0,0,0,15
R009611,Chicago,Chicago,1.1798633788603683,0,0,0,0,0,0,0
R009612,Greater NYC,Fairfield County,2.4380473280182637,2,2,2,0,0,0,2
R009613,Greater NYC,Lower Manhattan–North Brooklyn,92.3573696512247,77,8,41,0,0,0,64
R009614,Greater NYC,Fairfield County,6.133993433458989,6,1,4,0,0,0,3
R009615,Greater NYC,Lower Manhattan–North Brooklyn,3.5450359496024846,7,4,5,0,0,0,7
R009616,Philadelphia,Main Line,1.0,0,0,0,0,0,0,0
R009617,Boston,Chestnut Hill,1.883363612665436,3,1,3,0,0,0,2
R009618,Greater NYC,Lower Manhattan–North Brooklyn,7.667812310834474,11,6,10,0,0,0,8
R009619,DMV,DC–Arlington,2.3833482605632037,5,3,4,0,0,0,4
R009620,Southern California,Pasadena,22.958067362998555,26,2,10,0,0,0,7
R009621,South Florida,Miami,29.099271126140604,32,2,7,0,0,0,25
R009622,Southern California,Los Angeles,3.2423728944599004,4,3,4,0,0,0,2
R009623,Greater NYC,North Jersey,1.829452682720652,0,0,0,0,0,0,0
R009624,Southern California,Los Angeles,9.817949288555688,7,2,5,0,0,0,4
R009625,Boston,Boston,2.0116135026445088,0,0,0,0,0,0,0
R009626,Northern California,San Francisco,45.09185871095319,46,3,15,1,0,0,27
R009627,Greater NYC,Uptown Manhattan,2.068619057652224,2,1,2,0,0,0,2
R009628,Northern California,San Francisco,2.0478441969208,1,1,1,0,0,0,0
R009629,Seattle,Seattle,42.24051023675628,42,1,8,1,0,0,27
R009630,Austin,Austin,2.563129696231993,1,1,1,0,0,0,1
R009631,Greater NYC,Uptown Manhattan,42.233406370773025,41,4,28,0,0,0,38
R009632,Greater NYC,Midtown Manhattan,11.215139401219076,17,4,13,0,0,0,13
R009633,Greater NYC,Midtown Manhattan,3.1631044471716727,1,1,1,0,0,0,0
R009634,Southern California,Los Angeles,10.14674114989814,6,2,4,0,0,0,5
R009635,Southern California,Los Angeles,3.989564542890029,4,2,4,0,0,0,3
R009636,Northern California,San Francisco,2.407030866106059,1,1,1,0,0,0,1
R009637,Greater NYC,Midtown Manhattan,5.167536504410737,4,3,3,0,0,0,4
R009638,Southern California,Pasadena,3.389386077664581,4,2,4,0,0,0,2
R009639,Boston,Boston,18.20660289652921,20,2,8,0,0,0,14
R009640,Greater NYC,Midtown Manhattan,67.2490369599234,61,6,29,0,0,0,49
R009641,Greater NYC,Midtown Manhattan,2.7050877751237925,2,2,2,0,0,0,1
R009642,Greater NYC,Lower Manhattan–North Brooklyn,42.37554261878272,38,8,26,0,0,0,29
R009643,Southern California,Pasadena,1.0,0,0,0,0,0,0,0
R009644,Northern California,San Francisco,18.45925441903103,15,2,9,0,0,0,8
R009645,Boston,Boston,4.312737043285584,5,3,4,0,0,0,5
R009646,Greater NYC,Lower Manhattan–North Brooklyn,1.0,1,1,1,0,0,0,1
R009647,Greater NYC,Uptown Manhattan,5.94984908901375,3,2,3,0,0,0,3
R009648,Southern California,Pasadena,1.2198690081327863,3,1,2,0,0,0,2
R009649,Greater NYC,Lower Manhattan–North Brooklyn,1.8019750699705055,3,2,3,0,0,0,3
R009650,Greater NYC,Fairfield County,1.0,1,1,1,0,0,0,1
R009651,DMV,Montgomery County,1.0,0,0,0,0,0,0,0
R009652,Greater NYC,Fairfield County,5.670397377092202,5,2,5,0,0,0,3
R009653,Seattle,Seattle,1.0,0,0,0,0,0,0,0
R009654,Boston,Boston,2.5015290986831427,2,1,2,0,0,0,0
R009655,Greater NYC,Nassau County,4.723634515393127,3,1,3,0,0,0,2
R009656,Greater NYC,Westchester,53.93716594887515,59,3,24,1,0,0,33
R009657,Southern California,Los Angeles,8.207332608358584,7,3,6,0,0,0,5
R009658,Seattle,Seattle,7.995492369336237,6,1,5,0,0,0,6
R009659,Northern California,San Francisco,9.373824770887342,13,3,7,0,0,0,9
R009660,Greater NYC,Lower Manhattan–North Brooklyn,3.922433169906832,3,3,3,0,0,0,3
R009661,Dallas,Dallas,5.686223468124962,2,1,1,0,0,0,1
R009662,Greater NYC,Uptown Manhattan,7.0067705515551895,6,3,6,0,0,0,6
R009663,Greater NYC,Lower Manhattan–North Brooklyn,5.424775155405402,4,3,4,0,0,0,3
R009664,Philadelphia,Philadelphia,7.455307911121599,7,2,5,0,0,0,6
R009665,DMV,Montgomery County,6.130479186811333,9,3,7,0,0,0,6
R009666,Northern California,San Francisco,1.29525306561438,0,0,0,0,0,0,0
R009667,Southern California,Los Angeles,4.95253962570429,7,3,6,0,0,0,3
R009668,DMV,DC–Arlington,24.56639437580867,24,3,14,0,0,0,20
R009669,Seattle,Seattle,7.578671801421835,6,1,5,0,0,0,4
R009670,Greater NYC,North Jersey,8.90840071026183,11,2,7,0,0,0,9
R009671,Greater NYC,Uptown Manhattan,2.969978829084894,3,2,3,0,0,0,3
R009672,Northern California,San Francisco,1.0,2,2,2,0,0,0,2
R009673,Southern California,Pasadena,38.92176528318698,44,3,11,1,0,0,29
R009674,Greater NYC,Midtown Manhattan,2.7767897105703456,1,1,1,0,0,0,1
R009675,DMV,DC–Arlington,8.230291212571762,6,3,5,0,0,0,4
R009676,Dallas,Dallas,5.051694988804322,4,1,3,0,0,0,4
R009677,Seattle,Seattle,6.131784035977536,7,1,7,0,0,0,5
R009678,Greater NYC,Lower Manhattan–North Brooklyn,1.0,1,1,1,0,0,0,0
R009679,DMV,DC–Arlington,48.63284710186093,55,4,19,1,0,0,32
R009680,Austin,Austin,10.44258448085136,8,1,3,0,0,0,8
R009681,Northern California,San Francisco,1.7301599391239555,3,1,3,0,0,0,2
R009682,DMV,DC–Arlington,1.8629818599107504,4,3,4,0,0,0,3
R009683,Greater NYC,Midtown Manhattan,1.5507463966051935,0,0,0,0,0,0,0
R009684,Northern California,San Francisco,1.0,1,1,1,0,0,0,0
R009685,DMV,Montgomery County,1.8241466755322084,3,1,2,0,0,0,2
R009686,Greater NYC,Midtown Manhattan,16.908641112410148,21,4,15,0,0,0,16
R009687,Greater NYC,Uptown Manhattan,2.0189958855413432,2,1,2,0,0,0,2
R009688,Boston,Boston,10.710738826958004,11,2,7,0,0,0,8
R009689,Atlanta,Atlanta,1.0,4,1,2,0,0,0,4
R009690,Greater NYC,Lower Manhattan–North Brooklyn,24.02149664345243,28,7,19,0,0,0,22
R009691,Boston,Chestnut Hill,1.15831631289211,1,1,1,0,0,0,1
R009692,Southern California,Los Angeles,2.4808081960476303,5,2,5,0,0,0,4
R009693,Southern California,Los Angeles,1.0,1,1,1,0,0,0,1
R009694,Philadelphia,Main Line,1.0,1,1,1,0,0,0,0
R009695,Atlanta,Atlanta,10.91407107125983,12,1,4,0,0,0,10
R009696,Greater NYC,Midtown Manhattan,9.933000411364205,9,3,7,0,0,0,8
R009697,Greater NYC,Westchester,7.876408831679728,13,3,9,0,0,0,9
R009698,DMV,DC–Arlington,19.9637107567936,31,3,15,1,0,0,21
R009699,Philadelphia,Philadelphia,3.89318066684299,5,2,4,0,0,0,4
R009700,Austin,Austin,11.042415944098988,9,1,3,0,0,0,5
R009701,Greater NYC,Nassau County,4.713652870693459,11,2,8,0,0,0,8
R009702,Greater NYC,Uptown Manhattan,9.522186901302474,7,2,7,0,0,0,6
R009703,Greater NYC,Lower Manhattan–North Brooklyn,26.85358477499766,21,6,16,0,0,0,17
R009704,Northern California,Marin County,4.652437847364655,5,1,4,0,0,0,3
R009705,DMV,Montgomery County,1.0,2,1,1,0,0,0,2
R009706,Greater NYC,Lower Manhattan–North Brooklyn,6.051120518775596,7,5,6,0,0,0,6
R009707,South Florida,Miami,2.762473669420946,3,1,2,0,0,0,3
R009708,Chicago,Chicago,2.170414224361783,1,1,1,0,0,0,1
R009709,Greater NYC,Uptown Manhattan,11.821965830004112,7,3,4,0,0,0,4
R009710,Boston,Boston,6.127154904343356,7,2,6,0,0,0,5
R009711,Northern California,Silicon Valley,4.532300088001641,2,1,2,0,0,0,2
R009712,Boston,Boston,1.0,1,1,1,0,0,0,0
R009713,Boston,Boston,1.0,0,0,0,0,0,0,0
R009714,Chicago,Chicago,3.591278287701487,5,1,5,0,0,0,5
R009715,Boston,Boston,8.157549958129241,10,2,5,0,0,0,6
R009716,Northern California,Marin County,3.696506440097849,6,1,4,0,0,0,5
R009717,DMV,DC–Arlington,2.692106025730435,1,1,1,0,0,0,1
R009718,Boston,Boston,55.32482116332231,56,2,12,0,0,0,31
R009719,Philadelphia,Main Line,32.722301426829105,29,1,7,0,0,0,21
R009720,Boston,Boston,7.830677588352584,9,2,6,0,0,0,5
R009721,Northern California,San Francisco,3.962237373729342,4,2,4,0,0,0,2
R009722,DMV,DC–Arlington,24.303793726185248,24,4,13,0,0,0,19
R009723,Boston,Boston,1.258404408908692,2,1,2,0,0,0,2
R009724,Northern California,San Francisco,3.232140259081447,3,2,3,0,0,0,1
R009725,Greater NYC,Nassau County,3.355041505709139,3,1,2,0,0,0,3
R009726,Greater NYC,Lower Manhattan–North Brooklyn,8.345201279426677,9,4,8,0,0,0,9
R009727,Seattle,Seattle,9.813647575682005,8,1,6,0,0,0,6
R009728,Greater NYC,Westchester,3.258317047138977,2,2,2,0,0,0,2
R009729,DMV,DC–Arlington,1.0,2,1,1,0,0,0,2
R009730,Austin,Austin,1.0,3,1,2,0,0,0,3
R009731,Greater NYC,Westchester,37.726446680491726,27,4,14,0,0,0,23
R009732,Greater NYC,North Jersey,1.0,1,1,1,0,0,0,0
R009733,Greater NYC,Uptown Manhattan,3.6585794183688978,3,2,3,0,0,0,3
R009734,DMV,DC–Arlington,28.526713828077902,25,3,14,0,0,0,18
R009735,Northern California,San Francisco,111.80102393487334,130,3,25,0,0,0,83
R009736,Boston,Boston,1.8235017606764048,2,2,2,0,0,0,1
R009737,Boston,Boston,7.105831593794222,8,2,8,0,0,0,7
R009738,Northern California,Marin County,1.9927711925871203,4,1,3,0,0,0,4
R009739,Philadelphia,Philadelphia,86.03663032845724,76,1,7,3,0,0,48
R009740,Greater NYC,Uptown Manhattan,1.0,2,2,2,0,0,0,2
R009741,Greater NYC,Midtown Manhattan,6.025319597602226,7,3,6,0,0,0,7
R009742,Austin,Austin,1.0,1,1,1,0,0,0,1
R009743,Greater NYC,Fairfield County,16.595773905907098,23,3,18,0,0,0,19
R009744,Greater NYC,Lower Manhattan–North Brooklyn,3.424854336645005,3,2,3,0,0,0,2
R009745,Atlanta,Atlanta,1.0,2,1,1,0,0,0,2
R009746,Greater NYC,Lower Manhattan–North Brooklyn,10.273617133181146,9,3,6,0,0,0,5
R009747,DMV,DC–Arlington,5.149513464751786,5,1,5,0,0,0,3
R009748,Greater NYC,Midtown Manhattan,3.505023612138601,3,2,3,0,0,0,3
R009749,DMV,DC–Arlington,1.0,0,0,0,0,0,0,0
R009750,Greater NYC,Uptown Manhattan,88.62494839453831,85,6,31,0,0,0,69
R009751,Northern California,San Francisco,1.0,0,0,0,0,0,0,0
R009752,Greater NYC,Lower Manhattan–North Brooklyn,1.6707473186495974,6,5,5,0,0,0,5
R009753,DMV,DC–Arlington,5.921245162475315,4,3,2,0,0,0,3
R009754,South Florida,Miami,1.0,2,2,2,0,0,0,1
R009755,DMV,DC–Arlington,7.25362154318506,4,2,4,0,0,0,4
R009756,Greater NYC,Fairfield County,1.0,1,1,1,0,0,0,0
R009757,Greater NYC,Hudson County,17.709744506318863,17,3,13,0,0,0,14
R009758,Greater NYC,Uptown Manhattan,3.23880327611434,2,2,2,0,0,0,2
R009759,Boston,Boston,2.9355266217733367,5,3,4,0,0,0,5
R009760,Boston,Chestnut Hill,1.7435823190822537,2,1,2,0,0,0,1
R009761,Greater NYC,Lower Manhattan–North Brooklyn,32.07186465460576,34,7,25,0,0,0,25
R009762,Philadelphia,Philadelphia,1.0608833657444994,0,0,0,0,0,0,0
R009763,Dallas,Dallas,8.644381252293599,13,1,7,0,0,0,9
R009764,Atlanta,Atlanta,5.074437010894799,4,1,3,0,0,0,4
R009765,Ann Arbor,Ann Arbor,1.6342611768033903,1,1,1,0,0,0,1
R009766,Greater NYC,Lower Manhattan–North Brooklyn,1.0,1,1,1,0,0,0,1
R009767,Greater NYC,Midtown Manhattan,13.795221906603668,12,4,9,0,0,0,11
R009768,Southern California,Pasadena,56.438503648657246,57,3,9,1,0,0,30
R009769,Greater NYC,Lower Manhattan–North Brooklyn,1.0,2,2,2,0,0,0,0
R009770,South Florida,Miami,10.369372561151163,11,2,5,0,0,0,9
R009771,Chicago,Chicago,36.89096622369582,41,2,11,0,0,0,33
R009772,Boston,Boston,17.79073211400693,12,2,7,0,0,0,9
R009773,Greater NYC,North Jersey,1.0,1,1,1,0,0,0,1
R009774,Greater NYC,Lower Manhattan–North Brooklyn,2.772584730552226,5,4,5,0,0,0,5
R009775,Northern California,Marin County,9.855840532819814,11,3,9,0,0,0,10
R009776,Seattle,Seattle,10.162438595098488,9,1,6,0,0,0,8
R009777,Northern California,San Francisco,3.441781243036589,3,1,2,0,0,0,3
R009778,Austin,Austin,2.04054347220311,4,1,3,0,0,0,4
R009779,Greater NYC,Lower Manhattan–North Brooklyn,5.628327795010339,4,4,4,0,0,0,2
R009780,Greater NYC,Midtown Manhattan,113.53691844823491,105,8,35,0,0,0,74
R009781,Seattle,Seattle,4.66010822508114,2,1,2,0,0,0,2
R009782,South Florida,Miami,8.22828534568916,7,2,5,0,0,0,6
R009783,Greater NYC,Lower Manhattan–North Brooklyn,1.5346180579785984,3,2,3,0,0,0,3
R009784,Greater NYC,Uptown Manhattan,4.892696696678739,5,3,4,0,0,0,5
R009785,Chicago,Chicago,36.07953180054868,31,2,11,2,0,0,22
R009786,Boston,Chestnut Hill,1.033047287517345,0,0,0,0,0,0,0
R009787,Greater NYC,Midtown Manhattan,1.29731621713699,2,1,2,0,0,0,0
R009788,Greater NYC,Nassau County,3.54317311112456,5,3,5,0,0,0,4
R009789,Greater NYC,Hudson County,6.186166143560858,0,0,0,0,0,0,0
R009790,Greater NYC,Lower Manhattan–North Brooklyn,21.80802528728247,24,7,17,0,0,0,18
R009791,South Florida,Miami,3.4724643486910862,4,2,3,0,0,0,4
R009792,DMV,DC–Arlington,1.0,2,2,2,0,0,0,1
R009793,Ann Arbor,Ann Arbor,5.4883584172639495,5,1,2,0,0,0,5
R009794,DMV,Montgomery County,21.031646316450978,22,1,7,1,0,0,13
R009795,DMV,DC–Arlington,3.2573061431507324,1,1,1,0,0,0,1
R009796,Greater NYC,Lower Manhattan–North Brooklyn,5.604624188022214,4,4,4,0,0,0,4
R009797,Chicago,Chicago,1.325117639045713,1,1,1,0,0,0,1
R009798,Greater NYC,Lower Manhattan–North Brooklyn,9.705328548535416,4,4,4,0,0,0,3
R009799,Greater NYC,Westchester,16.111269098815097,13,2,11,0,0,0,13
R009800,DMV,DC–Arlington,2.8675836968216033,4,3,3,0,0,0,3
R009801,Northern California,Silicon Valley,1.0,1,1,1,0,0,0,1
R009802,Greater NYC,Midtown Manhattan,5.527167684722518,4,2,4,0,0,0,3
R009803,Northern California,Marin County,44.64585676738502,39,1,8,1,0,0,25
R009804,Ann Arbor,Ann Arbor,6.5315984537995675,9,1,3,0,0,0,4
R009805,Greater NYC,Fairfield County,3.0362180833240355,2,2,2,0,0,0,2
R009806,Greater NYC,Lower Manhattan–North Brooklyn,3.666573884901488,3,2,2,0,0,0,3
R009807,Houston,Houston,3.125216689212785,3,1,3,0,0,0,1
R009808,Houston,Houston,4.711267060182802,4,1,2,0,0,0,2
R009809,Northern California,San Francisco,1.6778523730790638,0,0,0,0,0,0,0
R009810,Greater NYC,Lower Manhattan–North Brooklyn,1.9414903363467069,4,3,4,0,0,0,3
R009811,Philadelphia,Philadelphia,31.825476059905142,36,2,7,0,0,0,29
R009812,Northern California,Marin County,4.626657454298371,8,2,6,0,0,0,5
R009813,Greater NYC,Uptown Manhattan,1.3180579559855672,2,2,2,0,0,0,2
R009814,Greater NYC,Lower Manhattan–North Brooklyn,14.154202139111216,10,5,10,0,0,0,10
R009815,Greater NYC,Lower Manhattan–North Brooklyn,13.712078469881869,18,5,15,0,0,0,18
R009816,Southern California,Pasadena,2.0838194028790573,3,1,3,0,0,0,3
R009817,Greater NYC,Uptown Manhattan,7.593542724768139,9,3,8,0,0,0,5
R009818,Northern California,San Francisco,6.78844855125524,9,3,8,0,0,0,6
R009819,Southern California,Los Angeles,1.0,0,0,0,0,0,0,0
R009820,Greater NYC,Hudson County,76.11899407377025,67,5,26,0,0,0,47
R009821,Greater NYC,Midtown Manhattan,38.405371458925146,25,6,15,0,0,0,21
R009822,Philadelphia,Main Line,1.0824021993269046,0,0,0,0,0,0,0
R009823,DMV,DC–Arlington,6.172099098031098,10,3,8,0,0,0,8
R009824,Ann Arbor,Ann Arbor,9.652720755931329,10,1,3,0,0,0,7
R009825,Greater NYC,Lower Manhattan–North Brooklyn,1.0,0,0,0,0,0,0,0
R009826,DMV,DC–Arlington,5.078897269014704,5,2,4,0,0,0,3
R009827,Greater NYC,Uptown Manhattan,45.95333186070613,52,4,30,0,0,0,43
R009828,Southern California,Los Angeles,46.20719465783933,57,4,16,1,0,0,42
R009829,Greater NYC,Uptown Manhattan,9.332555017157183,4,3,3,0,0,0,2
R009830,DMV,DC–Arlington,157.76998980822327,141,3,20,5,0,0,96
R009831,DMV,DC–Arlington,9.17884546497873,7,3,7,0,0,0,5
R009832,Greater NYC,Uptown Manhattan,8.524389199158978,11,3,9,0,0,0,9
R009833,Boston,Chestnut Hill,6.824767747658831,6,3,4,0,0,0,5
R009834,Dallas,Dallas,21.01777806977854,21,1,7,0,0,0,15
R009835,Ann Arbor,Ann Arbor,4.757097216271097,6,1,3,0,0,0,4
R009836,Greater NYC,Midtown Manhattan,28.88415376419991,30,6,23,0,0,0,26
R009837,Southern California,Los Angeles,3.6905621388876386,4,2,4,0,0,0,3
R009838,Southern California,Los Angeles,3.300746494219427,3,2,3,0,0,0,2
R009839,Greater NYC,Uptown Manhattan,1.0265368628582212,1,1,1,0,0,0,1
R009840,Southern California,Los Angeles,3.5495092852361454,3,3,3,0,0,0,1
R009841,Northern California,San Francisco,8.72717119465102,4,2,4,0,0,0,3
R009842,Greater NYC,Uptown Manhattan,107.48297514772622,96,9,39,2,0,0,70
R009843,Greater NYC,Lower Manhattan–North Brooklyn,15.463764981399018,13,5,13,0,0,0,9
R009844,Northern California,San Francisco,3.482233356791404,3,2,2,0,0,0,3
R009845,Greater NYC,Uptown Manhattan,1.977791669699812,1,1,1,0,0,0,1
R009846,Greater NYC,Uptown Manhattan,1.3750301719157534,0,0,0,0,0,0,0
R009847,Philadelphia,Philadelphia,28.700180476013564,32,1,7,1,0,0,24
R009848,Chicago,Chicago,1.8365047444568163,3,2,2,0,0,0,3
R009849,Atlanta,Atlanta,2.917299078999656,2,1,2,0,0,0,2
R009850,Greater NYC,Uptown Manhattan,1.8911898987175384,1,1,1,0,0,0,1
R009851,Greater NYC,Lower Manhattan–North Brooklyn,14.770906520786598,16,5,15,0,0,0,14
R009852,Atlanta,Atlanta,66.64302406954981,69,1,4,6,0,0,44
R009853,Northern California,Silicon Valley,19.783687685130197,31,3,13,1,0,0,22
R009854,DMV,DC–Arlington,6.246551200344879,9,4,8,0,0,0,7
R009855,Greater NYC,North Jersey,18.349854573866928,18,3,10,1,0,0,12
R009856,Greater NYC,Midtown Manhattan,25.38020330808293,28,5,19,0,0,0,21
R009857,Greater NYC,Uptown Manhattan,5.325256857709545,6,2,6,0,0,0,5
R009858,Southern California,Pasadena,8.169266610847382,11,3,9,0,0,0,7
R009859,Philadelphia,Philadelphia,4.075863735944015,4,1,3,0,0,0,4
R009860,Chicago,Chicago,6.450347224860979,7,2,6,0,0,0,7
R009861,South Florida,Miami,2.2586255496525784,0,0,0,0,0,0,0
R009862,Greater NYC,Uptown Manhattan,3.0589720838958487,9,4,7,0,0,0,7
R009863,Greater NYC,Lower Manhattan–North Brooklyn,8.417279031030072,5,3,5,0,0,0,5
R009864,Greater NYC,Lower Manhattan–North Brooklyn,3.434440052494013,2,2,2,0,0,0,2
R009865,Seattle,Seattle,4.373901603807061,2,1,2,0,0,0,2
R009866,Southern California,Los Angeles,58.32887394486392,51,3,16,0,0,0,27
R009867,Greater NYC,Lower Manhattan–North Brooklyn,59.761352367494574,71,7,36,0,0,0,58
R009868,Boston,Chestnut Hill,37.51400915391777,33,1,8,0,0,0,24
R009869,Greater NYC,Midtown Manhattan,1.0,0,0,0,0,0,0,0
R009870,Northern California,San Francisco,1.3428092726410394,1,1,1,0,0,0,0
R009871,Greater NYC,Lower Manhattan–North Brooklyn,2.098295770620977,1,1,1,0,0,0,1
R009872,Greater NYC,Uptown Manhattan,10.29466605955003,8,3,7,0,0,0,6
R009873,Greater NYC,Westchester,1.0,2,2,2,0,0,0,2
R009874,Greater NYC,Midtown Manhattan,4.440674475852848,6,5,6,0,0,0,5
R009875,South Florida,Miami,11.188192093086606,12,2,5,0,0,0,7
R009876,Greater NYC,Midtown Manhattan,2.4540933003207273,1,1,1,0,0,0,0
R009877,Greater NYC,Fairfield County,15.949176673578608,19,2,12,0,0,0,11
R009878,Dallas,Dallas,7.580502313730004,7,1,5,0,0,0,6
R009879,Greater NYC,Midtown Manhattan,6.142705302350705,7,4,6,0,0,0,5
R009880,Greater NYC,Midtown Manhattan,11.327761180246457,11,4,10,0,0,0,8
R009881,Southern California,Los Angeles,2.9356716259162225,7,3,6,0,0,0,3
R009882,Greater NYC,Fairfield County,2.9660100075103646,2,1,2,0,0,0,1
R009883,Boston,Chestnut Hill,65.60757411087887,72,3,11,2,0,0,47
R009884,Greater NYC,Uptown Manhattan,2.1148824835687092,2,2,2,0,0,0,0
R009885,Greater NYC,Midtown Manhattan,4.7559683064804865,4,3,3,0,0,0,3
R009886,Greater NYC,Westchester,1.4945188543904195,1,1,1,0,0,0,0
R009887,Greater NYC,Lower Manhattan–North Brooklyn,1.0,3,2,3,0,0,0,2
R009888,Seattle,Seattle,1.188578658453881,0,0,0,0,0,0,0
R009889,Southern California,Los Angeles,92.46894292040665,93,4,18,2,0,0,48
R009890,Greater NYC,Midtown Manhattan,24.846108725191375,27,4,18,0,0,0,20
R009891,Greater NYC,Uptown Manhattan,1.2598994324724937,1,1,1,0,0,0,0
R009892,DMV,DC–Arlington,4.657988590134734,3,2,3,0,0,0,1
R009893,Greater NYC,Lower Manhattan–North Brooklyn,46.33140794312536,36,6,26,0,0,0,31
R009894,Greater NYC,Midtown Manhattan,1.0,3,2,3,0,0,0,3
R009895,Philadelphia,Philadelphia,3.905600750232765,6,2,4,0,0,0,4
R009896,Boston,Chestnut Hill,5.975242217073634,9,2,5,0,0,0,5
R009897,Greater NYC,Lower Manhattan–North Brooklyn,6.80494623897944,7,3,7,0,0,0,6
R009898,Greater NYC,Midtown Manhattan,18.397735254718253,20,6,16,0,0,0,20
R009899,Greater NYC,Nassau County,6.905828205825823,6,1,3,0,0,0,4
R009900,Greater NYC,Uptown Manhattan,7.032538559730797,6,4,6,0,0,0,5
R009901,Northern California,Silicon Valley,99.24919851104922,99,1,12,6,1,3,45
R009902,Boston,Boston,10.613560948900933,10,3,8,0,0,0,7
R009903,Seattle,Seattle,3.63443478681698,5,1,4,0,0,0,4
R009904,Greater NYC,Lower Manhattan–North Brooklyn,6.062829826341582,9,5,7,0,0,0,8
R009905,Greater NYC,Lower Manhattan–North Brooklyn,3.0418041913003933,4,3,4,0,0,0,4
R009906,Northern California,San Francisco,7.782390878410453,5,3,5,0,0,0,5
R009907,Austin,Austin,9.784219991332009,8,1,4,0,0,0,7
R009908,Northern California,San Francisco,5.481821025584366,5,2,3,0,0,0,3
R009909,Boston,Boston,2.8264085357496667,2,1,2,0,0,0,1
R009910,Greater NYC,Westchester,1.629143112935664,3,2,3,0,0,0,3
R009911,Greater NYC,Uptown Manhattan,4.716334699316994,4,3,3,0,0,0,4
R009912,Greater NYC,Lower Manhattan–North Brooklyn,3.975284329175397,2,1,2,0,0,0,2
R009913,Greater NYC,Uptown Manhattan,1.0,2,2,2,0,0,0,1
R009914,DMV,DC–Arlington,10.25077681088828,7,3,6,0,0,0,7
R009915,Greater NYC,Uptown Manhattan,11.457059861902874,10,3,8,0,0,0,9
R009916,Dallas,Dallas,3.1627060755046683,1,1,1,0,0,0,1
R009917,Greater NYC,Westchester,26.23475567803637,17,4,14,0,0,0,14
R009918,Greater NYC,North Jersey,2.769851335001046,1,1,1,0,0,0,0
R009919,Greater NYC,Westchester,1.0,0,0,0,0,0,0,0
R009920,Philadelphia,Philadelphia,1.0,4,2,4,0,0,0,4
R009921,Chicago,Chicago,15.829472147772892,14,2,6,0,0,0,11
R009922,DMV,DC–Arlington,3.516094750732024,2,2,2,0,0,0,2
R009923,Seattle,Seattle,63.90793138021463,80,1,8,4,0,0,40
R009924,Greater NYC,Lower Manhattan–North Brooklyn,2.711870052695985,0,0,0,0,0,0,0
R009925,DMV,DC–Arlington,1.0,2,1,2,0,0,0,1
R009926,Southern California,Los Angeles,25.956767917201542,22,3,15,0,0,0,10
R009927,Greater NYC,Fairfield County,1.0,3,2,3,0,0,0,2
R009928,Northern California,Marin County,32.737717757529715,47,1,8,1,1,5,23
R009929,Southern California,Los Angeles,5.075333024016475,6,3,6,0,0,0,5
R009930,Greater NYC,Uptown Manhattan,2.3524201447391713,1,1,1,0,0,0,1
R009931,Greater NYC,Uptown Manhattan,8.53645167173608,6,3,4,0,0,0,6
R009932,Greater NYC,Uptown Manhattan,1.6742849257750434,2,2,2,0,0,0,2
R009933,Greater NYC,Uptown Manhattan,32.75997924356338,28,6,19,0,0,0,24
R009934,DMV,DC–Arlington,1.0,0,0,0,0,0,0,0
R009935,Greater NYC,Lower Manhattan–North Brooklyn,13.410776769921132,7,4,7,0,0,0,7
R009936,Greater NYC,Midtown Manhattan,11.401305133341088,15,5,12,0,0,0,15
R009937,DMV,DC–Arlington,5.101177412647939,6,3,4,0,0,0,4
R009938,DMV,Montgomery County,3.766385571823774,4,2,4,0,0,0,4
R009939,Greater NYC,Uptown Manhattan,11.904272227537373,9,3,8,0,0,0,9
R009940,Chicago,Chicago,2.1589328179471576,3,1,2,0,0,0,3
R009941,Greater NYC,Uptown Manhattan,5.840052124807919,5,3,4,0,0,0,3
R009942,Houston,Houston,2.840477269005575,6,1,4,0,0,0,5
R009943,Greater NYC,Lower Manhattan–North Brooklyn,3.0197027098697613,4,3,4,0,0,0,4
R009944,Philadelphia,Philadelphia,13.278083949758964,14,2,7,0,0,0,9
R009945,Greater NYC,Nassau County,4.91135997599208,5,2,5,0,0,0,4
R009946,Seattle,Seattle,9.250874372174897,12,1,7,0,0,0,10
R009947,DMV,DC–Arlington,2.6775104005623658,3,2,2,0,0,0,3
R009948,Greater NYC,Westchester,1.7721857545138662,1,1,1,0,0,0,0
R009949,Greater NYC,Lower Manhattan–North Brooklyn,6.10323282697226,6,3,6,0,0,0,5
R009950,Greater NYC,Nassau County,14.94954622446355,22,5,16,0,0,0,17
R009951,Greater NYC,Hudson County,1.0,3,1,3,0,0,0,2
R009952,South Florida,Miami,3.393191465366558,1,1,1,0,0,0,0
R009953,DMV,DC–Arlington,11.813598816555173,10,2,8,0,0,0,8
R009954,Greater NYC,North Jersey,5.153839362616954,5,2,4,0,0,0,3
R009955,Boston,Boston,51.492127580767914,45,2,11,0,0,0,29
R009956,South Florida,Miami,6.046264505618344,8,2,5,0,0,0,5
R009957,Boston,Boston,7.884912388808485,7,3,5,0,0,0,6
R009958,DMV,Montgomery County,2.433687582587479,2,1,1,0,0,0,1
R009959,South Florida,Miami,11.654935010218097,13,2,6,0,0,0,10
R009960,Philadelphia,Main Line,19.89592333116417,16,1,5,0,0,0,11
R009961,Boston,Chestnut Hill,14.225510156147696,8,2,5,0,0,0,6
R009962,DMV,DC–Arlington,1.6338493619300525,4,2,4,0,0,0,4
R009963,Greater NYC,Midtown Manhattan,2.1958714885566892,4,2,4,0,0,0,3
R009964,Chicago,Chicago,2.25939195346294,3,2,2,0,0,0,2
R009965,Greater NYC,Nassau County,17.980470099040033,20,1,10,0,0,0,13
R009966,South Florida,Miami,14.946733592311096,13,2,5,0,0,0,8
R009967,Northern California,Marin County,1.4584540758033675,6,2,5,0,0,0,5
R009968,Boston,Boston,2.843935660105412,0,0,0,0,0,0,0
R009969,Greater NYC,Westchester,15.17725395141892,23,2,12,0,0,0,18
R009970,Houston,Houston,2.4196390590165437,2,1,2,0,0,0,2
R009971,Greater NYC,Lower Manhattan–North Brooklyn,1.5317326781360567,2,2,2,0,0,0,2
R009972,Greater NYC,Westchester,1.07213189054325,2,2,2,0,0,0,2
R009973,Seattle,Seattle,5.216795856127454,5,1,4,0,0,0,4
R009974,Greater NYC,Uptown Manhattan,1.0,0,0,0,0,0,0,0
R009975,DMV,DC–Arlington,5.222893104694056,5,3,4,0,0,0,2
R009976,Greater NYC,Midtown Manhattan,2.3324350085900076,2,1,2,0,0,0,1
R009977,Southern California,Los Angeles,19.594477776919703,18,3,9,0,0,0,9
R009978,Greater NYC,Lower Manhattan–North Brooklyn,11.897251143741745,9,4,8,0,0,0,9
R009979,Greater NYC,Midtown Manhattan,2.506221971194498,1,1,1,0,0,0,0
R009980,Greater NYC,Lower Manhattan–North Brooklyn,19.60031611560961,24,7,19,0,0,0,17
R009981,Greater NYC,Midtown Manhattan,1.2408012267423896,1,1,1,0,0,0,1
R009982,Greater NYC,Uptown Manhattan,4.60774557980028,6,3,6,0,0,0,5
R009983,DMV,DC–Arlington,10.191804389047713,11,2,8,0,0,0,9
R009984,Greater NYC,Lower Manhattan–North Brooklyn,1.0,0,0,0,0,0,0,0
R009985,Philadelphia,Main Line,4.326186303389712,4,2,3,0,0,0,2
R009986,Houston,Houston,1.108774452301657,3,1,3,0,0,0,1
R009987,Greater NYC,Midtown Manhattan,1.6726826327878497,3,2,3,0,0,0,3
R009988,Chicago,Chicago,1.566509597868596,2,1,2,0,0,0,1
R009989,Chicago,Chicago,9.70462104458936,7,2,5,0,0,0,5
R009990,South Florida,Miami,5.754354911626213,11,2,6,0,0,0,9
R009991,Greater NYC,Uptown Manhattan,10.9027908265312,6,3,5,0,0,0,6
R009992,Northern California,San Francisco,5.691465158325998,8,1,5,0,0,0,6
R009993,Boston,Boston,7.623859993508538,7,2,4,0,0,0,6
R009994,Greater NYC,Midtown Manhattan,13.731682833369913,11,4,8,0,0,0,10
R009995,DMV,DC–Arlington,167.9039762433548,135,4,20,4,0,0,87
R009996,Greater NYC,Westchester,1.0,0,0,0,0,0,0,0
R009997,Greater NYC,Uptown Manhattan,1.9327880684618253,1,1,1,0,0,0,0
R009998,Greater NYC,Midtown Manhattan,38.2723709793442,35,5,22,0,0,0,30
R009999,Greater NYC,Uptown Manhattan,4.408314969850257,10,3,8,0,0,0,7
R010000,DMV,DC–Arlington,2.4258117862516353,3,2,3,0,0,0,3
